"Type: Average, Timebase: timebase 60, Period:01/09/2020 01:00 - 02/01/2021 00:00",,,,,,,
,,,,,,,
Date Time,Liverpool Clayton Square,Liverpool Lime Street,Liverpool Speke Road,Liverpool Edge Lane,Liverpool Everton Valley,,
,NO2,NO2,NO2,NO2,NO2,,
,µg/m³,µg/m³,µg/m³,µg/m³,µg/m³,,
01:00 01/09/2020,,,,,,,
02:00 01/09/2020,,,,,,,
03:00 01/09/2020,,,,,,,
04:00 01/09/2020,,,,,,,
05:00 01/09/2020,,,,,,,
06:00 01/09/2020,,,,,,,
07:00 01/09/2020,,,,,,,
08:00 01/09/2020,,,,,,,
09:00 01/09/2020,,,,,,,
10:00 01/09/2020,,,,,,,
11:00 01/09/2020,,,,,,,
12:00 01/09/2020,,,,,,,
13:00 01/09/2020,,,,,,,
14:00 01/09/2020,,,,,,,
15:00 01/09/2020,,,,,,,
16:00 01/09/2020,,,,,,,
17:00 01/09/2020,,,,,,,
18:00 01/09/2020,,,,,,,
19:00 01/09/2020,,,,,,,
20:00 01/09/2020,,,,,,,
21:00 01/09/2020,,,,,,,
22:00 01/09/2020,,,,,,,
23:00 01/09/2020,,,,,,,
00:00 02/09/2020,,,,,,,
01:00 02/09/2020,,,,,,,
02:00 02/09/2020,,,,,,,
03:00 02/09/2020,,,,,,,
04:00 02/09/2020,,,,,,,
05:00 02/09/2020,,,,,,,
06:00 02/09/2020,,,,,,,
07:00 02/09/2020,,,,,,,
08:00 02/09/2020,,,,,,,
09:00 02/09/2020,,,,,,,
10:00 02/09/2020,,,,,,,
11:00 02/09/2020,,,,,,,
12:00 02/09/2020,,,,,,,
13:00 02/09/2020,,,,,,,
14:00 02/09/2020,,,,,,,
15:00 02/09/2020,,,,,,,
16:00 02/09/2020,,,,,,,
17:00 02/09/2020,,,,,,,
18:00 02/09/2020,,,,,,,
19:00 02/09/2020,,,,,,,
20:00 02/09/2020,,,,,,,
21:00 02/09/2020,,,,,,,
22:00 02/09/2020,,,,,,,
23:00 02/09/2020,,,,,,,
00:00 03/09/2020,,,,,,,
01:00 03/09/2020,,,,,,,
02:00 03/09/2020,,,,,,,
03:00 03/09/2020,,,,,,,
04:00 03/09/2020,,,,,,,
05:00 03/09/2020,,,,,,,
06:00 03/09/2020,,,,,,,
07:00 03/09/2020,,,,,,,
08:00 03/09/2020,,,,,,,
09:00 03/09/2020,,,,,,,
10:00 03/09/2020,,,,,,,
11:00 03/09/2020,,,,,,,
12:00 03/09/2020,,,,,,,
13:00 03/09/2020,,,,,,,
14:00 03/09/2020,,,,,,,
15:00 03/09/2020,,,,,,,
16:00 03/09/2020,,,,,,,
17:00 03/09/2020,,,,,,,
18:00 03/09/2020,,,,,,,
19:00 03/09/2020,,,,,,,
20:00 03/09/2020,,,,,,,
21:00 03/09/2020,,,,,,,
22:00 03/09/2020,,,,,,,
23:00 03/09/2020,,,,,,,
00:00 04/09/2020,,,,,,,
01:00 04/09/2020,,,,,,,
02:00 04/09/2020,,,,,,,
03:00 04/09/2020,,,,,,,
04:00 04/09/2020,,,,,,,
05:00 04/09/2020,,,,,,,
06:00 04/09/2020,,,,,,,
07:00 04/09/2020,,,,,,,
08:00 04/09/2020,,,,,,,
09:00 04/09/2020,,,,,,,
10:00 04/09/2020,,,,,,,
11:00 04/09/2020,,,,,,,
12:00 04/09/2020,,,,,,,
13:00 04/09/2020,,,,,,,
14:00 04/09/2020,,,,,,,
15:00 04/09/2020,,,,,,,
16:00 04/09/2020,,,,,,,
17:00 04/09/2020,,,,,,,
18:00 04/09/2020,,,,,,,
19:00 04/09/2020,,,,,,,
20:00 04/09/2020,,,,,,,
21:00 04/09/2020,,,,,,,
22:00 04/09/2020,,,,,,,
23:00 04/09/2020,,,,,,,
00:00 05/09/2020,,,,,,,
01:00 05/09/2020,,,,,,,
02:00 05/09/2020,,,,,,,
03:00 05/09/2020,,,,,,,
04:00 05/09/2020,,,,,,,
05:00 05/09/2020,,,,,,,
06:00 05/09/2020,,,,,,,
07:00 05/09/2020,,,,,,,
08:00 05/09/2020,,,,,,,
09:00 05/09/2020,,,,,,,
10:00 05/09/2020,,,,,,,
11:00 05/09/2020,,,,,,,
12:00 05/09/2020,,,,,,,
13:00 05/09/2020,,,,,,,
14:00 05/09/2020,,,,,,,
15:00 05/09/2020,,,,,,,
16:00 05/09/2020,,,,,,,
17:00 05/09/2020,,,,,,,
18:00 05/09/2020,,,,,,,
19:00 05/09/2020,,,,,,,
20:00 05/09/2020,,,,,,,
21:00 05/09/2020,,,,,,,
22:00 05/09/2020,,,,,,,
23:00 05/09/2020,,,,,,,
00:00 06/09/2020,,,,,,,
01:00 06/09/2020,,,,,,,
02:00 06/09/2020,,,,,,,
03:00 06/09/2020,,,,,,,
04:00 06/09/2020,,,,,,,
05:00 06/09/2020,,,,,,,
06:00 06/09/2020,,,,,,,
07:00 06/09/2020,,,,,,,
08:00 06/09/2020,,,,,,,
09:00 06/09/2020,,,,,,,
10:00 06/09/2020,,,,,,,
11:00 06/09/2020,,,,,,,
12:00 06/09/2020,,,,,,,
13:00 06/09/2020,,,,,,,
14:00 06/09/2020,,,,,,,
15:00 06/09/2020,,,,,,,
16:00 06/09/2020,,,,,,,
17:00 06/09/2020,,,,,,,
18:00 06/09/2020,,,,,,,
19:00 06/09/2020,,,,,,,
20:00 06/09/2020,,,,,,,
21:00 06/09/2020,,,,,,,
22:00 06/09/2020,,,,,,,
23:00 06/09/2020,,,,,,,
00:00 07/09/2020,,,,,,,
01:00 07/09/2020,,,,,,,
02:00 07/09/2020,,,,,,,
03:00 07/09/2020,,,,,,,
04:00 07/09/2020,,,,,,,
05:00 07/09/2020,,,,,,,
06:00 07/09/2020,,,,,,,
07:00 07/09/2020,,,,,,,
08:00 07/09/2020,,,,,,,
09:00 07/09/2020,,,,,,,
10:00 07/09/2020,,,,,,,
11:00 07/09/2020,,,,,,,
12:00 07/09/2020,,,,,,,
13:00 07/09/2020,,,,,,,
14:00 07/09/2020,,,,,,,
15:00 07/09/2020,,,,,,,
16:00 07/09/2020,,,,,,,
17:00 07/09/2020,,,,,,,
18:00 07/09/2020,,,,,,,
19:00 07/09/2020,,,,,,,
20:00 07/09/2020,,,,,,,
21:00 07/09/2020,,,,,,,
22:00 07/09/2020,,,,,,,
23:00 07/09/2020,,,,,,,
00:00 08/09/2020,,,,,,,
01:00 08/09/2020,,,,,,,
02:00 08/09/2020,,,,,,,
03:00 08/09/2020,,,,,,,
04:00 08/09/2020,,,,,,,
05:00 08/09/2020,,,,,,,
06:00 08/09/2020,,,,,,,
07:00 08/09/2020,,,,,,,
08:00 08/09/2020,,,,,,,
09:00 08/09/2020,,,,,,,
10:00 08/09/2020,,,,,,,
11:00 08/09/2020,,,,,,,
12:00 08/09/2020,,,,,,,
13:00 08/09/2020,,,,,,,
14:00 08/09/2020,,,,,,,
15:00 08/09/2020,,,,,,,
16:00 08/09/2020,,,,,,,
17:00 08/09/2020,,,,,,,
18:00 08/09/2020,,,,,,,
19:00 08/09/2020,,,,,,,
20:00 08/09/2020,,,,,,,
21:00 08/09/2020,,,,,,,
22:00 08/09/2020,,,,,,,
23:00 08/09/2020,,,,,,,
00:00 09/09/2020,,,,,,,
01:00 09/09/2020,,,,,,,
02:00 09/09/2020,,,,,,,
03:00 09/09/2020,,,,,,,
04:00 09/09/2020,,,,,,,
05:00 09/09/2020,,,,,,,
06:00 09/09/2020,,,,,,,
07:00 09/09/2020,,,,,,,
08:00 09/09/2020,,,,,,,
09:00 09/09/2020,,,,,,,
10:00 09/09/2020,,,,,,,
11:00 09/09/2020,,,,,,,
12:00 09/09/2020,,,,,,,
13:00 09/09/2020,,,,,,,
14:00 09/09/2020,,,,,,,
15:00 09/09/2020,,,,,,,
16:00 09/09/2020,,,,,,,
17:00 09/09/2020,,,,,,,
18:00 09/09/2020,,,,,,,
19:00 09/09/2020,,,,,,,
20:00 09/09/2020,,,,,,,
21:00 09/09/2020,,,,,,,
22:00 09/09/2020,,,,,,,
23:00 09/09/2020,,,,,,,
00:00 10/09/2020,,,,,,,
01:00 10/09/2020,,,,,,,
02:00 10/09/2020,,,,,,,
03:00 10/09/2020,,,,,,,
04:00 10/09/2020,,,,,,,
05:00 10/09/2020,,,,,,,
06:00 10/09/2020,,,,,,,
07:00 10/09/2020,,,,,,,
08:00 10/09/2020,,,,,,,
09:00 10/09/2020,,,,,,,
10:00 10/09/2020,,,,,,,
11:00 10/09/2020,,,,,,,
12:00 10/09/2020,,,,,,,
13:00 10/09/2020,,,,,,,
14:00 10/09/2020,,,,,,,
15:00 10/09/2020,,,,,,,
16:00 10/09/2020,,,,,,,
17:00 10/09/2020,,,,,,,
18:00 10/09/2020,,,,,,,
19:00 10/09/2020,,,,,,,
20:00 10/09/2020,,,,,,,
21:00 10/09/2020,,,,,,,
22:00 10/09/2020,,,,,,,
23:00 10/09/2020,,,,,,,
00:00 11/09/2020,,,,,,,
01:00 11/09/2020,,,,,,,
02:00 11/09/2020,,,,,,,
03:00 11/09/2020,,,,,,,
04:00 11/09/2020,,,,,,,
05:00 11/09/2020,,,,,,,
06:00 11/09/2020,,,,,,,
07:00 11/09/2020,,,,,,,
08:00 11/09/2020,,,,,,,
09:00 11/09/2020,,,,,,,
10:00 11/09/2020,,,,,,,
11:00 11/09/2020,,,,,,,
12:00 11/09/2020,17,,,,,,
13:00 11/09/2020,15,,,,,,
14:00 11/09/2020,12,,,,,,
15:00 11/09/2020,11,,,,,,
16:00 11/09/2020,10,,,,,,
17:00 11/09/2020,8,,,,,,
18:00 11/09/2020,8,,,,,,
19:00 11/09/2020,8,,,,,,
20:00 11/09/2020,6,,,,,,
21:00 11/09/2020,6,,,,,,
22:00 11/09/2020,7,,,,,,
23:00 11/09/2020,6,,,,,,
00:00 12/09/2020,6,,,,,,
01:00 12/09/2020,6,,,,,,
02:00 12/09/2020,6,,,,,,
03:00 12/09/2020,6,,,,,,
04:00 12/09/2020,6,,,,,,
05:00 12/09/2020,5,,,,,,
06:00 12/09/2020,5,,,,,,
07:00 12/09/2020,6,,,,,,
08:00 12/09/2020,6,,,,,,
09:00 12/09/2020,9,,,,,,
10:00 12/09/2020,11,,,,,,
11:00 12/09/2020,11,,,,,,
12:00 12/09/2020,12,,,,,,
13:00 12/09/2020,13,,,,,,
14:00 12/09/2020,11,,,,,,
15:00 12/09/2020,9,,,,,,
16:00 12/09/2020,8,,,,,,
17:00 12/09/2020,7,,,,,,
18:00 12/09/2020,6,,,,,,
19:00 12/09/2020,8,,,,,,
20:00 12/09/2020,10,,,,,,
21:00 12/09/2020,8,,,,,,
22:00 12/09/2020,8,,,,,,
23:00 12/09/2020,7,,,,,,
00:00 13/09/2020,7,,,,,,
01:00 13/09/2020,7,,,,,,
02:00 13/09/2020,6,,,,,,
03:00 13/09/2020,6,,,,,,
04:00 13/09/2020,6,,,,,,
05:00 13/09/2020,6,,,,,,
06:00 13/09/2020,7,,,,,,
07:00 13/09/2020,7,,,,,,
08:00 13/09/2020,8,,,,,,
09:00 13/09/2020,8,,,,,,
10:00 13/09/2020,8,,,,,,
11:00 13/09/2020,8,,,,,,
12:00 13/09/2020,8,,,,,,
13:00 13/09/2020,,,,,,,
14:00 13/09/2020,,,,,,,
15:00 13/09/2020,,,,,,,
16:00 13/09/2020,,,,,,,
17:00 13/09/2020,,,,,,,
18:00 13/09/2020,,,,,,,
19:00 13/09/2020,,,,,,,
20:00 13/09/2020,,,,,,,
21:00 13/09/2020,,,,,,,
22:00 13/09/2020,,,,,,,
23:00 13/09/2020,,,,,,,
00:00 14/09/2020,,,,,,,
01:00 14/09/2020,,,,,,,
02:00 14/09/2020,,,,,,,
03:00 14/09/2020,,,,,,,
04:00 14/09/2020,,,,,,,
05:00 14/09/2020,,,,,,,
06:00 14/09/2020,,,,,,,
07:00 14/09/2020,,,,,,,
08:00 14/09/2020,,,,,,,
09:00 14/09/2020,,,,,,,
10:00 14/09/2020,,,,,,,
11:00 14/09/2020,,,,,,,
12:00 14/09/2020,,,,,,,
13:00 14/09/2020,,,,,,,
14:00 14/09/2020,,,,,,,
15:00 14/09/2020,,,,,,,
16:00 14/09/2020,,,,,,,
17:00 14/09/2020,,,,,,,
18:00 14/09/2020,,,,,,,
19:00 14/09/2020,,,,,,,
20:00 14/09/2020,,,,,,,
21:00 14/09/2020,,,,,,,
22:00 14/09/2020,,,,,,,
23:00 14/09/2020,,,,,,,
00:00 15/09/2020,,,,,,,
01:00 15/09/2020,,,,,,,
02:00 15/09/2020,,,,,,,
03:00 15/09/2020,,,,,,,
04:00 15/09/2020,,,,,,,
05:00 15/09/2020,,,,,,,
06:00 15/09/2020,,,,,,,
07:00 15/09/2020,,,,,,,
08:00 15/09/2020,,,,,,,
09:00 15/09/2020,,,,,,,
10:00 15/09/2020,,,,,,,
11:00 15/09/2020,,,,,,,
12:00 15/09/2020,,,,,,,
13:00 15/09/2020,,,,,,,
14:00 15/09/2020,,,,,,,
15:00 15/09/2020,,,,,,,
16:00 15/09/2020,,,,,,,
17:00 15/09/2020,,,,,,,
18:00 15/09/2020,,,,,,,
19:00 15/09/2020,,,,,,,
20:00 15/09/2020,,,,,,,
21:00 15/09/2020,,,,,,,
22:00 15/09/2020,,,,,,,
23:00 15/09/2020,,,,,,,
00:00 16/09/2020,,,,,,,
01:00 16/09/2020,,,,,,,
02:00 16/09/2020,,,,,,,
03:00 16/09/2020,,,,,,,
04:00 16/09/2020,,,,,,,
05:00 16/09/2020,,,,,,,
06:00 16/09/2020,,,,,,,
07:00 16/09/2020,,,,,,,
08:00 16/09/2020,,,,,,,
09:00 16/09/2020,,,,,,,
10:00 16/09/2020,,,,,,,
11:00 16/09/2020,,,,,,,
12:00 16/09/2020,,,,,,,
13:00 16/09/2020,,,,,,,
14:00 16/09/2020,,,,,,,
15:00 16/09/2020,,,,,,,
16:00 16/09/2020,,,,,,,
17:00 16/09/2020,,,,,,,
18:00 16/09/2020,,,,,,,
19:00 16/09/2020,,,,,,,
20:00 16/09/2020,,,,,,,
21:00 16/09/2020,,,,,,,
22:00 16/09/2020,,,,,,,
23:00 16/09/2020,,,,,,,
00:00 17/09/2020,,,,,,,
01:00 17/09/2020,,,,,,,
02:00 17/09/2020,,,,,,,
03:00 17/09/2020,,,,,,,
04:00 17/09/2020,,,,,,,
05:00 17/09/2020,,,,,,,
06:00 17/09/2020,,,,,,,
07:00 17/09/2020,,,,,,,
08:00 17/09/2020,,,,,,,
09:00 17/09/2020,,,,,,,
10:00 17/09/2020,,,,,,,
11:00 17/09/2020,,,,,,,
12:00 17/09/2020,,,,,,,
13:00 17/09/2020,,,,,,,
14:00 17/09/2020,,,,,,,
15:00 17/09/2020,,,,,,,
16:00 17/09/2020,,,,,,,
17:00 17/09/2020,,,,,,,
18:00 17/09/2020,,,,,,,
19:00 17/09/2020,,,,,,,
20:00 17/09/2020,,,,,,,
21:00 17/09/2020,,,,,,,
22:00 17/09/2020,,,,,,,
23:00 17/09/2020,,,,,,,
00:00 18/09/2020,,,,,,,
01:00 18/09/2020,,,,,,,
02:00 18/09/2020,,,,,,,
03:00 18/09/2020,,,,,,,
04:00 18/09/2020,,,,,,,
05:00 18/09/2020,,,,,,,
06:00 18/09/2020,,,,,,,
07:00 18/09/2020,,,,,,,
08:00 18/09/2020,,,,,,,
09:00 18/09/2020,,,,,,,
10:00 18/09/2020,,,,,,,
11:00 18/09/2020,,,,,,,
12:00 18/09/2020,,,,,,,
13:00 18/09/2020,,,,,,,
14:00 18/09/2020,,,,,,,
15:00 18/09/2020,,,,,,,
16:00 18/09/2020,,,,,,,
17:00 18/09/2020,,,,,,,
18:00 18/09/2020,,,,,,,
19:00 18/09/2020,,,,,,,
20:00 18/09/2020,,,,,,,
21:00 18/09/2020,,,,,,,
22:00 18/09/2020,,,,,,,
23:00 18/09/2020,,,,,,,
00:00 19/09/2020,,,,,,,
01:00 19/09/2020,,,,,,,
02:00 19/09/2020,,,,,,,
03:00 19/09/2020,,,,,,,
04:00 19/09/2020,,,,,,,
05:00 19/09/2020,,,,,,,
06:00 19/09/2020,,,,,,,
07:00 19/09/2020,,,,,,,
08:00 19/09/2020,,,,,,,
09:00 19/09/2020,,,,,,,
10:00 19/09/2020,,,,,,,
11:00 19/09/2020,,,,,,,
12:00 19/09/2020,,,,,,,
13:00 19/09/2020,,,,,,,
14:00 19/09/2020,,,,,,,
15:00 19/09/2020,,,,,,,
16:00 19/09/2020,,,,,,,
17:00 19/09/2020,,,,,,,
18:00 19/09/2020,,,,,,,
19:00 19/09/2020,,,,,,,
20:00 19/09/2020,,,,,,,
21:00 19/09/2020,,,,,,,
22:00 19/09/2020,,,,,,,
23:00 19/09/2020,,,,,,,
00:00 20/09/2020,,,,,,,
01:00 20/09/2020,,,,,,,
02:00 20/09/2020,,,,,,,
03:00 20/09/2020,,,,,,,
04:00 20/09/2020,,,,,,,
05:00 20/09/2020,,,,,,,
06:00 20/09/2020,,,,,,,
07:00 20/09/2020,,,,,,,
08:00 20/09/2020,,,,,,,
09:00 20/09/2020,,,,,,,
10:00 20/09/2020,,,,,,,
11:00 20/09/2020,,,,,,,
12:00 20/09/2020,,,,,,,
13:00 20/09/2020,,,,,,,
14:00 20/09/2020,,,,,,,
15:00 20/09/2020,,,,,,,
16:00 20/09/2020,,,,,,,
17:00 20/09/2020,,,,,,,
18:00 20/09/2020,,,,,,,
19:00 20/09/2020,,,,,,,
20:00 20/09/2020,,,,,,,
21:00 20/09/2020,,,,,,,
22:00 20/09/2020,,,,,,,
23:00 20/09/2020,,,,,,,
00:00 21/09/2020,,,,,,,
01:00 21/09/2020,,,,,,,
02:00 21/09/2020,,,,,,,
03:00 21/09/2020,,,,,,,
04:00 21/09/2020,,,,,,,
05:00 21/09/2020,,,,,,,
06:00 21/09/2020,,,,,,,
07:00 21/09/2020,,,,,,,
08:00 21/09/2020,,,,,,,
09:00 21/09/2020,,,,,,,
10:00 21/09/2020,,,,,,,
11:00 21/09/2020,,,,,,,
12:00 21/09/2020,,,,,,,
13:00 21/09/2020,,,,,,,
14:00 21/09/2020,,,,,,,
15:00 21/09/2020,,,,,,,
16:00 21/09/2020,,,,,,,
17:00 21/09/2020,,,,,,,
18:00 21/09/2020,,,,,,,
19:00 21/09/2020,,,,,,,
20:00 21/09/2020,,,,,,,
21:00 21/09/2020,,,,,,,
22:00 21/09/2020,,,,,,,
23:00 21/09/2020,,,,,,,
00:00 22/09/2020,,,,,,,
01:00 22/09/2020,,,,,,,
02:00 22/09/2020,,,,,,,
03:00 22/09/2020,,,,,,,
04:00 22/09/2020,,,,,,,
05:00 22/09/2020,,,,,,,
06:00 22/09/2020,,,,,,,
07:00 22/09/2020,,,,,,,
08:00 22/09/2020,,,,,,,
09:00 22/09/2020,,,,,,,
10:00 22/09/2020,,,,,,,
11:00 22/09/2020,,,,,,,
12:00 22/09/2020,,,,,,,
13:00 22/09/2020,,,,,,,
14:00 22/09/2020,,,,,,,
15:00 22/09/2020,,,,,,,
16:00 22/09/2020,,,,,,,
17:00 22/09/2020,,,,,,,
18:00 22/09/2020,,,,,,,
19:00 22/09/2020,,,,,,,
20:00 22/09/2020,,,,,,,
21:00 22/09/2020,,,,,,,
22:00 22/09/2020,,,,,,,
23:00 22/09/2020,,,,,,,
00:00 23/09/2020,,,,,,,
01:00 23/09/2020,,,,,,,
02:00 23/09/2020,,,,,,,
03:00 23/09/2020,,,,,,,
04:00 23/09/2020,,,,,,,
05:00 23/09/2020,,,,,,,
06:00 23/09/2020,,,,,,,
07:00 23/09/2020,,,,,,,
08:00 23/09/2020,,,,,,,
09:00 23/09/2020,,,,,,,
10:00 23/09/2020,,,,,,,
11:00 23/09/2020,,,,,,,
12:00 23/09/2020,,,,,,,
13:00 23/09/2020,,,,,,,
14:00 23/09/2020,,,,,,,
15:00 23/09/2020,,,,,,,
16:00 23/09/2020,,,,,,,
17:00 23/09/2020,,,,,,,
18:00 23/09/2020,,,,,,,
19:00 23/09/2020,,,,,,,
20:00 23/09/2020,,,,,,,
21:00 23/09/2020,,,,,,,
22:00 23/09/2020,,,,,,,
23:00 23/09/2020,,,,,,,
00:00 24/09/2020,,,,,,,
01:00 24/09/2020,,,,,,,
02:00 24/09/2020,,,,,,,
03:00 24/09/2020,,,,,,,
04:00 24/09/2020,,,,,,,
05:00 24/09/2020,,,,,,,
06:00 24/09/2020,,,,,,,
07:00 24/09/2020,,,,,,,
08:00 24/09/2020,,,,,,,
09:00 24/09/2020,,,,,,,
10:00 24/09/2020,,,,,,,
11:00 24/09/2020,,,,,,,
12:00 24/09/2020,,,,,,,
13:00 24/09/2020,,,,,,,
14:00 24/09/2020,,,,,,,
15:00 24/09/2020,,,,,,,
16:00 24/09/2020,,,,,,,
17:00 24/09/2020,,,,,,,
18:00 24/09/2020,,,,,,,
19:00 24/09/2020,,,,,,,
20:00 24/09/2020,,,,,,,
21:00 24/09/2020,,,,,,,
22:00 24/09/2020,,,,,,,
23:00 24/09/2020,,,,,,,
00:00 25/09/2020,,,,,,,
01:00 25/09/2020,,,,,,,
02:00 25/09/2020,,,,,,,
03:00 25/09/2020,,,,,,,
04:00 25/09/2020,,,,,,,
05:00 25/09/2020,,,,,,,
06:00 25/09/2020,,,,,,,
07:00 25/09/2020,,,,,,,
08:00 25/09/2020,,,,,,,
09:00 25/09/2020,,,,,,,
10:00 25/09/2020,,,,,,,
11:00 25/09/2020,,,,,,,
12:00 25/09/2020,,,,,,,
13:00 25/09/2020,,,,,,,
14:00 25/09/2020,,,,,,,
15:00 25/09/2020,,,,,,,
16:00 25/09/2020,,,,,,,
17:00 25/09/2020,,,,,,,
18:00 25/09/2020,,,,,,,
19:00 25/09/2020,,,,,,,
20:00 25/09/2020,,,,,,,
21:00 25/09/2020,,,,,,,
22:00 25/09/2020,,,,,,,
23:00 25/09/2020,,,,,,,
00:00 26/09/2020,,,,,,,
01:00 26/09/2020,,,,,,,
02:00 26/09/2020,,,,,,,
03:00 26/09/2020,,,,,,,
04:00 26/09/2020,,,,,,,
05:00 26/09/2020,,,,,,,
06:00 26/09/2020,,,,,,,
07:00 26/09/2020,,,,,,,
08:00 26/09/2020,,,,,,,
09:00 26/09/2020,,,,,,,
10:00 26/09/2020,,,,,,,
11:00 26/09/2020,,,,,,,
12:00 26/09/2020,,,,,,,
13:00 26/09/2020,,,,,,,
14:00 26/09/2020,,,,,,,
15:00 26/09/2020,,,,,,,
16:00 26/09/2020,,,,,,,
17:00 26/09/2020,,,,,,,
18:00 26/09/2020,,,,,,,
19:00 26/09/2020,,,,,,,
20:00 26/09/2020,,,,,,,
21:00 26/09/2020,,,,,,,
22:00 26/09/2020,,,,,,,
23:00 26/09/2020,,,,,,,
00:00 27/09/2020,,,,,,,
01:00 27/09/2020,,,,,,,
02:00 27/09/2020,,,,,,,
03:00 27/09/2020,,,,,,,
04:00 27/09/2020,,,,,,,
05:00 27/09/2020,,,,,,,
06:00 27/09/2020,,,,,,,
07:00 27/09/2020,,,,,,,
08:00 27/09/2020,,,,,,,
09:00 27/09/2020,,,,,,,
10:00 27/09/2020,,,,,,,
11:00 27/09/2020,,,,,,,
12:00 27/09/2020,,,,,,,
13:00 27/09/2020,,,,,,,
14:00 27/09/2020,,,,,,,
15:00 27/09/2020,,,,,,,
16:00 27/09/2020,,,,,,,
17:00 27/09/2020,,,,,,,
18:00 27/09/2020,,,,,,,
19:00 27/09/2020,,,,,,,
20:00 27/09/2020,,,,,,,
21:00 27/09/2020,,,,,,,
22:00 27/09/2020,,,,,,,
23:00 27/09/2020,,,,,,,
00:00 28/09/2020,,,,,,,
01:00 28/09/2020,,,,,,,
02:00 28/09/2020,,,,,,,
03:00 28/09/2020,,,,,,,
04:00 28/09/2020,,,,,,,
05:00 28/09/2020,,,,,,,
06:00 28/09/2020,,,,,,,
07:00 28/09/2020,,,,,,,
08:00 28/09/2020,,,,,,,
09:00 28/09/2020,,,,,,,
10:00 28/09/2020,,,,,,,
11:00 28/09/2020,,,,,,,
12:00 28/09/2020,,,,,,,
13:00 28/09/2020,,,,,,,
14:00 28/09/2020,,,,,,,
15:00 28/09/2020,,,,,,,
16:00 28/09/2020,,,,,,,
17:00 28/09/2020,,,,,,,
18:00 28/09/2020,,,,,,,
19:00 28/09/2020,,,,,,,
20:00 28/09/2020,,,,,,,
21:00 28/09/2020,,,,,,,
22:00 28/09/2020,,,,,,,
23:00 28/09/2020,,,,,,,
00:00 29/09/2020,,,,,,,
01:00 29/09/2020,,,,,,,
02:00 29/09/2020,,,,,,,
03:00 29/09/2020,,,,,,,
04:00 29/09/2020,,,,,,,
05:00 29/09/2020,,,,,,,
06:00 29/09/2020,,,,,,,
07:00 29/09/2020,,,,,,,
08:00 29/09/2020,,,,,,,
09:00 29/09/2020,,,,,,,
10:00 29/09/2020,,,,,,,
11:00 29/09/2020,,,,,,,
12:00 29/09/2020,,,,,,,
13:00 29/09/2020,,,,,,,
14:00 29/09/2020,,,,,,,
15:00 29/09/2020,,,,,,,
16:00 29/09/2020,,,,,,,
17:00 29/09/2020,,,,,,,
18:00 29/09/2020,,,,,,,
19:00 29/09/2020,,,,,,,
20:00 29/09/2020,,,,,,,
21:00 29/09/2020,,,,,,,
22:00 29/09/2020,,,,,,,
23:00 29/09/2020,,,,,,,
00:00 30/09/2020,,,,,,,
01:00 30/09/2020,,,,,,,
02:00 30/09/2020,,,,,,,
03:00 30/09/2020,,,,,,,
04:00 30/09/2020,,,,,,,
05:00 30/09/2020,,,,,,,
06:00 30/09/2020,,,,,,,
07:00 30/09/2020,,,,,,,
08:00 30/09/2020,,,,,,,
09:00 30/09/2020,,,,,,,
10:00 30/09/2020,,,,,,,
11:00 30/09/2020,,,,,,,
12:00 30/09/2020,,,,,,,
13:00 30/09/2020,,,,,,,
14:00 30/09/2020,,,,,,,
15:00 30/09/2020,,,,,,,
16:00 30/09/2020,,,,,,,
17:00 30/09/2020,,,,,,,
18:00 30/09/2020,,,,,,,
19:00 30/09/2020,,,,,,,
20:00 30/09/2020,,,,,,,
21:00 30/09/2020,,,,,,,
22:00 30/09/2020,,,,,,,
23:00 30/09/2020,,,,,,,
00:00 01/10/2020,,,,,,,
01:00 01/10/2020,,,,,,,
02:00 01/10/2020,,,,,,,
03:00 01/10/2020,,,,,,,
04:00 01/10/2020,,,,,,,
05:00 01/10/2020,,,,,,,
06:00 01/10/2020,,,,,,,
07:00 01/10/2020,,,,,,,
08:00 01/10/2020,,,,,,,
09:00 01/10/2020,,,,,,,
10:00 01/10/2020,,,,,,,
11:00 01/10/2020,,,,,,,
12:00 01/10/2020,,,,,,,
13:00 01/10/2020,,,,,,,
14:00 01/10/2020,,,,,,,
15:00 01/10/2020,,,,,,,
16:00 01/10/2020,,,,,,,
17:00 01/10/2020,,,,,,,
18:00 01/10/2020,,,,,,,
19:00 01/10/2020,,,,,,,
20:00 01/10/2020,,,,,,,
21:00 01/10/2020,,,,,,,
22:00 01/10/2020,,,,,,,
23:00 01/10/2020,,,,,,,
00:00 02/10/2020,,,,,,,
01:00 02/10/2020,,,,,,,
02:00 02/10/2020,,,,,,,
03:00 02/10/2020,,,,,,,
04:00 02/10/2020,,,,,,,
05:00 02/10/2020,,,,,,,
06:00 02/10/2020,,,,,,,
07:00 02/10/2020,,,,,,,
08:00 02/10/2020,,,,,,,
09:00 02/10/2020,,,,,,,
10:00 02/10/2020,,,,,,,
11:00 02/10/2020,,,,,,,
12:00 02/10/2020,,,,,,,
13:00 02/10/2020,,,,,,,
14:00 02/10/2020,,,,,,,
15:00 02/10/2020,,,,,,,
16:00 02/10/2020,,,,,,,
17:00 02/10/2020,,,,,,,
18:00 02/10/2020,,,,,,,
19:00 02/10/2020,,,,,,,
20:00 02/10/2020,,,,,,,
21:00 02/10/2020,,,,,,,
22:00 02/10/2020,,,,,,,
23:00 02/10/2020,,,,,,,
00:00 03/10/2020,,,,,,,
01:00 03/10/2020,,,,,,,
02:00 03/10/2020,,,,,,,
03:00 03/10/2020,,,,,,,
04:00 03/10/2020,,,,,,,
05:00 03/10/2020,,,,,,,
06:00 03/10/2020,,,,,,,
07:00 03/10/2020,,,,,,,
08:00 03/10/2020,,,,,,,
09:00 03/10/2020,,,,,,,
10:00 03/10/2020,,,,,,,
11:00 03/10/2020,,,,,,,
12:00 03/10/2020,,,,,,,
13:00 03/10/2020,,,,,,,
14:00 03/10/2020,,,,,,,
15:00 03/10/2020,,,,,,,
16:00 03/10/2020,,,,,,,
17:00 03/10/2020,,,,,,,
18:00 03/10/2020,,,,,,,
19:00 03/10/2020,,,,,,,
20:00 03/10/2020,,,,,,,
21:00 03/10/2020,,,,,,,
22:00 03/10/2020,,,,,,,
23:00 03/10/2020,,,,,,,
00:00 04/10/2020,,,,,,,
01:00 04/10/2020,,,,,,,
02:00 04/10/2020,,,,,,,
03:00 04/10/2020,,,,,,,
04:00 04/10/2020,,,,,,,
05:00 04/10/2020,,,,,,,
06:00 04/10/2020,,,,,,,
07:00 04/10/2020,,,,,,,
08:00 04/10/2020,,,,,,,
09:00 04/10/2020,,,,,,,
10:00 04/10/2020,,,,,,,
11:00 04/10/2020,,,,,,,
12:00 04/10/2020,,,,,,,
13:00 04/10/2020,,,,,,,
14:00 04/10/2020,,,,,,,
15:00 04/10/2020,,,,,,,
16:00 04/10/2020,,,,,,,
17:00 04/10/2020,,,,,,,
18:00 04/10/2020,,,,,,,
19:00 04/10/2020,,,,,,,
20:00 04/10/2020,,,,,,,
21:00 04/10/2020,,,,,,,
22:00 04/10/2020,,,,,,,
23:00 04/10/2020,,,,,,,
00:00 05/10/2020,,,,,,,
01:00 05/10/2020,,,,,,,
02:00 05/10/2020,,,,,,,
03:00 05/10/2020,,,,,,,
04:00 05/10/2020,,,,,,,
05:00 05/10/2020,,,,,,,
06:00 05/10/2020,,,,,,,
07:00 05/10/2020,,,,,,,
08:00 05/10/2020,,,,,,,
09:00 05/10/2020,,,,,,,
10:00 05/10/2020,,,,,,,
11:00 05/10/2020,,,,,,,
12:00 05/10/2020,,,,,,,
13:00 05/10/2020,,,,,,,
14:00 05/10/2020,,,,,,,
15:00 05/10/2020,,,,,,,
16:00 05/10/2020,,,,,,,
17:00 05/10/2020,,,,,,,
18:00 05/10/2020,,,,,,,
19:00 05/10/2020,,,,,,,
20:00 05/10/2020,,,,,,,
21:00 05/10/2020,,,,,,,
22:00 05/10/2020,,,,,,,
23:00 05/10/2020,,,,,,,
00:00 06/10/2020,,,,,,,
01:00 06/10/2020,,,,,,,
02:00 06/10/2020,,,,,,,
03:00 06/10/2020,,,,,,,
04:00 06/10/2020,,,,,,,
05:00 06/10/2020,,,,,,,
06:00 06/10/2020,,,,,,,
07:00 06/10/2020,,,,,,,
08:00 06/10/2020,,,,,,,
09:00 06/10/2020,,,,,,,
10:00 06/10/2020,,,,,,,
11:00 06/10/2020,,,,,,,
12:00 06/10/2020,,,,,,,
13:00 06/10/2020,,,,,,,
14:00 06/10/2020,,,,,,,
15:00 06/10/2020,,,,,,,
16:00 06/10/2020,,,,,,,
17:00 06/10/2020,,,,,,,
18:00 06/10/2020,,,,,,,
19:00 06/10/2020,,,,,,,
20:00 06/10/2020,,,,,,,
21:00 06/10/2020,,,,,,,
22:00 06/10/2020,,,,,,,
23:00 06/10/2020,,,,,,,
00:00 07/10/2020,,,,,,,
01:00 07/10/2020,,,,,,,
02:00 07/10/2020,,,,,,,
03:00 07/10/2020,,,,,,,
04:00 07/10/2020,,,,,,,
05:00 07/10/2020,,,,,,,
06:00 07/10/2020,,,,,,,
07:00 07/10/2020,,,,,,,
08:00 07/10/2020,,,,,,,
09:00 07/10/2020,,,,,,,
10:00 07/10/2020,,,,,,,
11:00 07/10/2020,,,,,,,
12:00 07/10/2020,,,,,,,
13:00 07/10/2020,,,,,,,
14:00 07/10/2020,,,,,,,
15:00 07/10/2020,,,,,,,
16:00 07/10/2020,,,,,,,
17:00 07/10/2020,,,,,,,
18:00 07/10/2020,,,,,,,
19:00 07/10/2020,,,,,,,
20:00 07/10/2020,,,,,,,
21:00 07/10/2020,,,,,,,
22:00 07/10/2020,,,,,,,
23:00 07/10/2020,,,,,,,
00:00 08/10/2020,,,,,,,
01:00 08/10/2020,,,,,,,
02:00 08/10/2020,,,,,,,
03:00 08/10/2020,,,,,,,
04:00 08/10/2020,,,,,,,
05:00 08/10/2020,,,,,,,
06:00 08/10/2020,,,,,,,
07:00 08/10/2020,,,,,,,
08:00 08/10/2020,,,,,,,
09:00 08/10/2020,,,,,,,
10:00 08/10/2020,,,,,,,
11:00 08/10/2020,,,,,,,
12:00 08/10/2020,,,,,,,
13:00 08/10/2020,,,,,,,
14:00 08/10/2020,,,,,,,
15:00 08/10/2020,,,,,,,
16:00 08/10/2020,,,,,,,
17:00 08/10/2020,,,,,,,
18:00 08/10/2020,,,,,,,
19:00 08/10/2020,,,,,,,
20:00 08/10/2020,,,,,,,
21:00 08/10/2020,,,,,,,
22:00 08/10/2020,,,,,,,
23:00 08/10/2020,,,,,,,
00:00 09/10/2020,,,,,,,
01:00 09/10/2020,,,,,,,
02:00 09/10/2020,,,,,,,
03:00 09/10/2020,,,,,,,
04:00 09/10/2020,,,,,,,
05:00 09/10/2020,,,,,,,
06:00 09/10/2020,,,,,,,
07:00 09/10/2020,,,,,,,
08:00 09/10/2020,,,,,,,
09:00 09/10/2020,,,,,,,
10:00 09/10/2020,,,,,,,
11:00 09/10/2020,,,,,,,
12:00 09/10/2020,,,,,,,
13:00 09/10/2020,,,,,,,
14:00 09/10/2020,,,,,,,
15:00 09/10/2020,,,,,,,
16:00 09/10/2020,,,,,,,
17:00 09/10/2020,,,,,,,
18:00 09/10/2020,,,,,,,
19:00 09/10/2020,,,,,,,
20:00 09/10/2020,,,,,,,
21:00 09/10/2020,,,,,,,
22:00 09/10/2020,,,,,,,
23:00 09/10/2020,,,,,,,
00:00 10/10/2020,,,,,,,
01:00 10/10/2020,,,,,,,
02:00 10/10/2020,,,,,,,
03:00 10/10/2020,,,,,,,
04:00 10/10/2020,,,,,,,
05:00 10/10/2020,,,,,,,
06:00 10/10/2020,,,,,,,
07:00 10/10/2020,,,,,,,
08:00 10/10/2020,,,,,,,
09:00 10/10/2020,,,,,,,
10:00 10/10/2020,,,,,,,
11:00 10/10/2020,,,,,,,
12:00 10/10/2020,,,,,,,
13:00 10/10/2020,,,,,,,
14:00 10/10/2020,,,,,,,
15:00 10/10/2020,,,,,,,
16:00 10/10/2020,,,,,,,
17:00 10/10/2020,,,,,,,
18:00 10/10/2020,,,,,,,
19:00 10/10/2020,,,,,,,
20:00 10/10/2020,,,,,,,
21:00 10/10/2020,,,,,,,
22:00 10/10/2020,,,,,,,
23:00 10/10/2020,,,,,,,
00:00 11/10/2020,,,,,,,
01:00 11/10/2020,,,,,,,
02:00 11/10/2020,,,,,,,
03:00 11/10/2020,,,,,,,
04:00 11/10/2020,,,,,,,
05:00 11/10/2020,,,,,,,
06:00 11/10/2020,,,,,,,
07:00 11/10/2020,,,,,,,
08:00 11/10/2020,,,,,,,
09:00 11/10/2020,,,,,,,
10:00 11/10/2020,,,,,,,
11:00 11/10/2020,,,,,,,
12:00 11/10/2020,,,,,,,
13:00 11/10/2020,,,,,,,
14:00 11/10/2020,,,,,,,
15:00 11/10/2020,,,,,,,
16:00 11/10/2020,,,,,,,
17:00 11/10/2020,,,,,,,
18:00 11/10/2020,,,,,,,
19:00 11/10/2020,,,,,,,
20:00 11/10/2020,,,,,,,
21:00 11/10/2020,,,,,,,
22:00 11/10/2020,,,,,,,
23:00 11/10/2020,,,,,,,
00:00 12/10/2020,,,,,,,
01:00 12/10/2020,,,,,,,
02:00 12/10/2020,,,,,,,
03:00 12/10/2020,,,,,,,
04:00 12/10/2020,,,,,,,
05:00 12/10/2020,,,,,,,
06:00 12/10/2020,,,,,,,
07:00 12/10/2020,,,,,,,
08:00 12/10/2020,,,,,,,
09:00 12/10/2020,,,,,,,
10:00 12/10/2020,,,,,,,
11:00 12/10/2020,,,,,,,
12:00 12/10/2020,,,,,,,
13:00 12/10/2020,,,,,,,
14:00 12/10/2020,,,,,,,
15:00 12/10/2020,,,,,,,
16:00 12/10/2020,,,,,,,
17:00 12/10/2020,,,,,,,
18:00 12/10/2020,,,,,,,
19:00 12/10/2020,,,,,,,
20:00 12/10/2020,,,,,,,
21:00 12/10/2020,,,,,,,
22:00 12/10/2020,,,,,,,
23:00 12/10/2020,,,,,,,
00:00 13/10/2020,,,,,,,
01:00 13/10/2020,,,,,,,
02:00 13/10/2020,,,,,,,
03:00 13/10/2020,,,,,,,
04:00 13/10/2020,,,,,,,
05:00 13/10/2020,,,,,,,
06:00 13/10/2020,,,,,,,
07:00 13/10/2020,,,,,,,
08:00 13/10/2020,,,,,,,
09:00 13/10/2020,,,,,,,
10:00 13/10/2020,,,,,,,
11:00 13/10/2020,,,,,,,
12:00 13/10/2020,,,,,,,
13:00 13/10/2020,,,,,,,
14:00 13/10/2020,,,,,,,
15:00 13/10/2020,,,,,,,
16:00 13/10/2020,,,,,,,
17:00 13/10/2020,,,,,,,
18:00 13/10/2020,,,,,,,
19:00 13/10/2020,,,,,,,
20:00 13/10/2020,,,,,,,
21:00 13/10/2020,,,,,,,
22:00 13/10/2020,,,,,,,
23:00 13/10/2020,,,,,,,
00:00 14/10/2020,,,,,,,
01:00 14/10/2020,,,,,,,
02:00 14/10/2020,,,,,,,
03:00 14/10/2020,,,,,,,
04:00 14/10/2020,,,,,,,
05:00 14/10/2020,,,,,,,
06:00 14/10/2020,,,,,,,
07:00 14/10/2020,,,,,,,
08:00 14/10/2020,,,,,,,
09:00 14/10/2020,,,,,,,
10:00 14/10/2020,,54,,,,,
11:00 14/10/2020,42,52,,,,,
12:00 14/10/2020,36,48,,,,,
13:00 14/10/2020,38,57,,,31,,
14:00 14/10/2020,31,54,,,31,,
15:00 14/10/2020,42,42,,,25,,
16:00 14/10/2020,48,55,31,,31,,
17:00 14/10/2020,55,59,36,,23,,
18:00 14/10/2020,52,67,36,,33,,
19:00 14/10/2020,42,38,25,,34,,
20:00 14/10/2020,31,23,19,,25,,
21:00 14/10/2020,34,29,21,,23,,
22:00 14/10/2020,34,23,33,,25,,
23:00 14/10/2020,27,23,21,,21,,
00:00 15/10/2020,21,13,11,,15,,
01:00 15/10/2020,15,10,11,,17,,
02:00 15/10/2020,15,15,11,,19,,
03:00 15/10/2020,19,15,11,,31,,
04:00 15/10/2020,25,13,10,,17,,
05:00 15/10/2020,29,11,11,,25,,
06:00 15/10/2020,31,38,27,,34,,
07:00 15/10/2020,42,57,29,,38,,
08:00 15/10/2020,50,65,46,,54,,
09:00 15/10/2020,52,63,36,,38,,
10:00 15/10/2020,46,48,34,,23,,
11:00 15/10/2020,42,44,27,,15,,
12:00 15/10/2020,38,40,25,,23,,
13:00 15/10/2020,38,54,33,,23,,
14:00 15/10/2020,36,40,34,,25,,
15:00 15/10/2020,48,54,33,,34,,
16:00 15/10/2020,44,59,33,,36,,
17:00 15/10/2020,42,55,31,,33,,
18:00 15/10/2020,48,59,38,,50,,
19:00 15/10/2020,54,59,42,,48,,
20:00 15/10/2020,44,44,46,,40,,
21:00 15/10/2020,40,44,33,,33,,
22:00 15/10/2020,40,38,21,,31,,
23:00 15/10/2020,42,34,38,,27,,
00:00 16/10/2020,31,29,17,,25,,
01:00 16/10/2020,29,33,13,,19,,
02:00 16/10/2020,21,15,10,,25,,
03:00 16/10/2020,19,13,17,,23,,
04:00 16/10/2020,27,15,17,,23,,
05:00 16/10/2020,23,15,40,,31,,
06:00 16/10/2020,33,31,46,,48,,
07:00 16/10/2020,48,65,59,,55,,
08:00 16/10/2020,52,73,50,,73,,
09:00 16/10/2020,54,88,48,,77,,
10:00 16/10/2020,52,73,38,,61,,
11:00 16/10/2020,34,50,38,,55,,
12:00 16/10/2020,31,55,38,,48,,
13:00 16/10/2020,31,44,52,,54,,
14:00 16/10/2020,27,44,54,,63,,
15:00 16/10/2020,31,61,61,,82,,
16:00 16/10/2020,34,78,50,,69,,
17:00 16/10/2020,34,63,59,,65,,
18:00 16/10/2020,42,52,71,,73,,
19:00 16/10/2020,50,71,63,,69,,
20:00 16/10/2020,59,80,48,,67,,
21:00 16/10/2020,52,67,33,,36,,
22:00 16/10/2020,44,67,17,,29,,
23:00 16/10/2020,36,52,19,,23,,
00:00 17/10/2020,27,36,19,,33,,
01:00 17/10/2020,31,33,17,,21,,
02:00 17/10/2020,40,42,8,,13,,
03:00 17/10/2020,42,48,10,,13,,
04:00 17/10/2020,27,50,19,,17,,
05:00 17/10/2020,40,55,34,,40,,
06:00 17/10/2020,48,65,40,,46,,
07:00 17/10/2020,38,65,27,,63,,
08:00 17/10/2020,48,73,38,,42,,
09:00 17/10/2020,50,61,34,,38,,
10:00 17/10/2020,34,52,31,,31,,
11:00 17/10/2020,33,55,36,,19,,
12:00 17/10/2020,38,57,27,,15,,
13:00 17/10/2020,38,69,33,,13,,
14:00 17/10/2020,34,69,38,,13,,
15:00 17/10/2020,33,67,38,,13,,
16:00 17/10/2020,29,63,38,,13,,
17:00 17/10/2020,34,55,50,,19,,
18:00 17/10/2020,38,65,50,,42,,
19:00 17/10/2020,36,63,48,,54,,
20:00 17/10/2020,42,57,46,,52,,
21:00 17/10/2020,40,57,46,,50,,
22:00 17/10/2020,42,54,38,,55,,
23:00 17/10/2020,40,50,31,,50,,
00:00 18/10/2020,40,54,33,,44,,
01:00 18/10/2020,46,40,38,,34,,
02:00 18/10/2020,27,33,34,,25,,
03:00 18/10/2020,23,25,23,,25,,
04:00 18/10/2020,29,29,23,,21,,
05:00 18/10/2020,21,23,31,,23,,
06:00 18/10/2020,19,17,36,,19,,
07:00 18/10/2020,21,23,44,,21,,
08:00 18/10/2020,25,44,38,,29,,
09:00 18/10/2020,25,34,38,,33,,
10:00 18/10/2020,23,31,27,,36,,
11:00 18/10/2020,21,29,25,,34,,
12:00 18/10/2020,17,29,29,,40,,
13:00 18/10/2020,17,29,13,,40,,
14:00 18/10/2020,15,42,21,,36,,
15:00 18/10/2020,17,46,19,,34,,
16:00 18/10/2020,21,50,38,,52,,
17:00 18/10/2020,25,38,46,,52,,
18:00 18/10/2020,27,40,52,,52,,
19:00 18/10/2020,29,44,48,,55,,
20:00 18/10/2020,27,40,36,,46,,
21:00 18/10/2020,23,36,36,,46,,
22:00 18/10/2020,23,34,40,,34,,
23:00 18/10/2020,19,27,27,,25,,
00:00 19/10/2020,17,21,15,,27,,
01:00 19/10/2020,15,19,17,,13,,
02:00 19/10/2020,10,11,23,,13,,
03:00 19/10/2020,11,11,19,,13,,
04:00 19/10/2020,11,11,27,,13,,
05:00 19/10/2020,11,13,23,,17,,
06:00 19/10/2020,11,15,25,,25,,
07:00 19/10/2020,13,21,31,,25,,
08:00 19/10/2020,17,29,27,,29,,
09:00 19/10/2020,21,29,38,,34,,
10:00 19/10/2020,17,21,21,,33,,
11:00 19/10/2020,15,19,17,,31,,
12:00 19/10/2020,13,21,29,,23,,
13:00 19/10/2020,15,25,27,,27,,
14:00 19/10/2020,17,34,25,,34,,
15:00 19/10/2020,15,27,23,,21,,
16:00 19/10/2020,17,29,38,,31,,
17:00 19/10/2020,19,34,48,,33,,
18:00 19/10/2020,17,31,44,,23,,
19:00 19/10/2020,17,25,36,,27,,
20:00 19/10/2020,19,23,29,,29,,
21:00 19/10/2020,17,21,25,,21,,
22:00 19/10/2020,17,19,27,,13,,
23:00 19/10/2020,15,19,33,,13,,
00:00 20/10/2020,15,15,33,,13,,
01:00 20/10/2020,13,11,31,,15,,
02:00 20/10/2020,13,13,29,,11,,
03:00 20/10/2020,13,11,21,,8,,
04:00 20/10/2020,13,11,27,,11,,
05:00 20/10/2020,11,11,15,,11,,
06:00 20/10/2020,15,17,36,,17,,
07:00 20/10/2020,19,25,40,,38,,
08:00 20/10/2020,23,34,48,,42,,
09:00 20/10/2020,19,27,29,,36,,
10:00 20/10/2020,15,21,19,,38,,
11:00 20/10/2020,15,23,23,,27,,
12:00 20/10/2020,13,21,11,,25,,
13:00 20/10/2020,11,19,11,,29,,
14:00 20/10/2020,11,27,13,,27,,
15:00 20/10/2020,13,25,13,,34,,
16:00 20/10/2020,13,25,11,,33,,
17:00 20/10/2020,15,27,15,,40,,
18:00 20/10/2020,15,38,17,,36,,
19:00 20/10/2020,13,21,15,,29,,
20:00 20/10/2020,11,15,13,,27,,
21:00 20/10/2020,10,13,15,,19,,
22:00 20/10/2020,11,15,34,,11,,
23:00 20/10/2020,11,13,33,,13,,
00:00 21/10/2020,13,15,21,,15,,
01:00 21/10/2020,13,13,15,,13,,
02:00 21/10/2020,11,8,19,,10,,
03:00 21/10/2020,11,8,13,,17,,
04:00 21/10/2020,8,4,10,,6,,
05:00 21/10/2020,10,21,13,,13,,
06:00 21/10/2020,13,19,27,,23,,
07:00 21/10/2020,17,29,40,,40,,
08:00 21/10/2020,19,42,40,,38,,
09:00 21/10/2020,27,34,46,,46,,
10:00 21/10/2020,25,34,38,,38,,
11:00 21/10/2020,23,52,31,,40,,
12:00 21/10/2020,23,48,25,,38,,
13:00 21/10/2020,17,61,42,,31,,
14:00 21/10/2020,23,82,44,,29,,
15:00 21/10/2020,29,78,48,,25,,
16:00 21/10/2020,25,77,46,,36,,
17:00 21/10/2020,15,61,36,,31,,
18:00 21/10/2020,19,54,42,,31,,
19:00 21/10/2020,21,46,44,,42,,
20:00 21/10/2020,23,38,33,,40,,
21:00 21/10/2020,19,33,15,,19,,
22:00 21/10/2020,11,33,10,,13,,
23:00 21/10/2020,10,23,8,,6,,
00:00 22/10/2020,10,13,4,,6,,
01:00 22/10/2020,10,10,4,,4,,
02:00 22/10/2020,10,10,4,,6,,
03:00 22/10/2020,11,11,6,,6,,
04:00 22/10/2020,6,4,6,,6,,
05:00 22/10/2020,8,11,8,,10,,
06:00 22/10/2020,11,21,17,,11,,
07:00 22/10/2020,13,40,25,,27,,
08:00 22/10/2020,15,54,34,,36,,
09:00 22/10/2020,13,42,27,,33,,
10:00 22/10/2020,15,48,27,,29,,
11:00 22/10/2020,10,42,11,,21,,
12:00 22/10/2020,10,57,19,,19,,
13:00 22/10/2020,11,61,25,,27,,
14:00 22/10/2020,13,57,36,,29,,
15:00 22/10/2020,13,65,27,,57,,
16:00 22/10/2020,15,78,33,,34,,
17:00 22/10/2020,15,69,38,,36,,
18:00 22/10/2020,27,71,34,,33,,
19:00 22/10/2020,19,48,29,,44,,
20:00 22/10/2020,25,42,21,,38,,
21:00 22/10/2020,19,36,15,,40,,
22:00 22/10/2020,21,33,13,,38,,
23:00 22/10/2020,11,23,13,,21,,
00:00 23/10/2020,10,11,11,,15,,
01:00 23/10/2020,10,10,13,,8,,
02:00 23/10/2020,10,10,17,,21,,
03:00 23/10/2020,10,8,11,,21,,
04:00 23/10/2020,19,17,13,,21,,
05:00 23/10/2020,11,13,21,,25,,
06:00 23/10/2020,13,21,19,,29,,
07:00 23/10/2020,19,33,25,,38,,
08:00 23/10/2020,23,36,27,,50,,
09:00 23/10/2020,21,36,27,,34,,
10:00 23/10/2020,19,27,25,,33,,
11:00 23/10/2020,17,25,27,,29,,
12:00 23/10/2020,19,40,21,,33,,
13:00 23/10/2020,21,65,27,,21,,
14:00 23/10/2020,21,63,27,,17,,
15:00 23/10/2020,17,55,19,,21,,
16:00 23/10/2020,19,63,31,,27,,
17:00 23/10/2020,17,67,61,,36,,
18:00 23/10/2020,33,63,48,,54,,
19:00 23/10/2020,31,52,38,,69,,
20:00 23/10/2020,25,40,29,,44,,
21:00 23/10/2020,17,27,21,,36,,
22:00 23/10/2020,15,23,36,,23,,
23:00 23/10/2020,8,13,8,,19,,
00:00 24/10/2020,6,8,10,,13,,
01:00 24/10/2020,6,6,10,,8,,
02:00 24/10/2020,8,6,15,,8,,
03:00 24/10/2020,10,10,15,,10,,
04:00 24/10/2020,8,8,15,,6,,
05:00 24/10/2020,8,8,10,,10,,
06:00 24/10/2020,6,6,13,,10,,
07:00 24/10/2020,6,15,15,,11,,
08:00 24/10/2020,8,13,17,,15,,
09:00 24/10/2020,8,11,17,,11,,
10:00 24/10/2020,10,15,17,,13,,
11:00 24/10/2020,10,25,13,,29,,
12:00 24/10/2020,15,36,19,,40,,
13:00 24/10/2020,17,59,21,,69,,
14:00 24/10/2020,21,50,33,,55,,
15:00 24/10/2020,21,71,44,,59,,
16:00 24/10/2020,31,69,54,,73,,
17:00 24/10/2020,34,75,54,,73,,
18:00 24/10/2020,29,69,46,,23,,
19:00 24/10/2020,27,50,63,,40,,
20:00 24/10/2020,15,31,15,,42,,
21:00 24/10/2020,13,34,13,,31,,
22:00 24/10/2020,13,27,8,,27,,
23:00 24/10/2020,10,19,11,,21,,
00:00 25/10/2020,11,15,15,,17,,
01:00 25/10/2020,10,11,8,,13,,
02:00 25/10/2020,10,10,11,,8,,
03:00 25/10/2020,8,8,10,,8,,
04:00 25/10/2020,8,6,10,,8,,
05:00 25/10/2020,6,6,15,,6,,
06:00 25/10/2020,6,6,6,,10,,
07:00 25/10/2020,10,8,8,,15,,
08:00 25/10/2020,10,11,11,,21,,
09:00 25/10/2020,6,6,11,,17,,
10:00 25/10/2020,8,13,8,,21,,
11:00 25/10/2020,10,13,10,,29,,
12:00 25/10/2020,10,19,13,,34,,
13:00 25/10/2020,13,23,10,,34,,
14:00 25/10/2020,10,21,17,,33,,
15:00 25/10/2020,8,19,10,,25,,
16:00 25/10/2020,11,25,10,,38,,
17:00 25/10/2020,17,25,19,,36,,
18:00 25/10/2020,13,23,15,,27,,
19:00 25/10/2020,15,23,15,,29,,
20:00 25/10/2020,19,25,15,,34,,
21:00 25/10/2020,10,17,11,,25,,
22:00 25/10/2020,10,13,13,,33,,
23:00 25/10/2020,10,13,6,,29,,
00:00 26/10/2020,10,13,8,,19,,
01:00 26/10/2020,6,8,8,,15,,
02:00 26/10/2020,6,4,8,,11,,
03:00 26/10/2020,6,6,8,,11,,
04:00 26/10/2020,6,4,8,,11,,
05:00 26/10/2020,6,4,6,,11,,
06:00 26/10/2020,10,10,11,,21,,
07:00 26/10/2020,13,17,17,,34,,
08:00 26/10/2020,19,46,21,,29,,
09:00 26/10/2020,23,50,25,,10,,
10:00 26/10/2020,21,42,19,,8,,
11:00 26/10/2020,15,44,17,,10,,
12:00 26/10/2020,13,59,13,,10,,
13:00 26/10/2020,11,42,19,,10,,
14:00 26/10/2020,10,42,13,,10,,
15:00 26/10/2020,13,40,13,,8,,
16:00 26/10/2020,11,42,19,,6,,
17:00 26/10/2020,17,59,17,,13,,
18:00 26/10/2020,15,57,21,,13,,
19:00 26/10/2020,17,50,19,,10,,
20:00 26/10/2020,17,36,19,,13,,
21:00 26/10/2020,11,36,15,,6,,
22:00 26/10/2020,11,33,13,,6,,
23:00 26/10/2020,10,29,11,,6,,
00:00 27/10/2020,8,25,10,,8,,
01:00 27/10/2020,11,19,6,,10,,
02:00 27/10/2020,11,13,8,,10,,
03:00 27/10/2020,11,15,11,,10,,
04:00 27/10/2020,11,11,10,,15,,
05:00 27/10/2020,11,10,15,,13,,
06:00 27/10/2020,11,13,19,,17,,
07:00 27/10/2020,13,15,19,,25,,
08:00 27/10/2020,15,23,31,,38,,
09:00 27/10/2020,21,27,34,,42,,
10:00 27/10/2020,21,25,40,,31,,
11:00 27/10/2020,15,23,17,,31,,
12:00 27/10/2020,,23,27,,31,,
13:00 27/10/2020,13,,15,,23,,
14:00 27/10/2020,13,44,15,,29,,
15:00 27/10/2020,13,48,25,,15,,
16:00 27/10/2020,15,59,40,,27,,
17:00 27/10/2020,17,48,40,,57,,
18:00 27/10/2020,19,57,42,,40,,
19:00 27/10/2020,19,54,31,,36,,
20:00 27/10/2020,23,50,25,,25,,
21:00 27/10/2020,31,52,23,,29,,
22:00 27/10/2020,17,31,25,,25,,
23:00 27/10/2020,13,23,21,,27,,
00:00 28/10/2020,10,15,11,,15,,
01:00 28/10/2020,6,8,6,,10,,
02:00 28/10/2020,6,6,8,,6,,
03:00 28/10/2020,6,4,6,,6,,
04:00 28/10/2020,6,6,6,,6,,
05:00 28/10/2020,6,6,10,,10,,
06:00 28/10/2020,6,15,10,,15,,
07:00 28/10/2020,13,23,34,,42,,
08:00 28/10/2020,15,29,23,,55,,
09:00 28/10/2020,17,34,17,,36,,
10:00 28/10/2020,21,34,17,,50,,
11:00 28/10/2020,17,44,15,,31,,
12:00 28/10/2020,15,36,21,,40,,
13:00 28/10/2020,13,55,17,,40,,
14:00 28/10/2020,15,59,21,,61,,
15:00 28/10/2020,11,59,27,,50,,
16:00 28/10/2020,23,61,31,,67,,
17:00 28/10/2020,21,86,36,,52,,
18:00 28/10/2020,17,57,36,,44,,
19:00 28/10/2020,27,61,38,,44,,
20:00 28/10/2020,21,48,34,,29,,
21:00 28/10/2020,17,38,34,,23,,
22:00 28/10/2020,13,31,19,,8,,
23:00 28/10/2020,13,29,21,,8,,
00:00 29/10/2020,21,29,11,,8,,
01:00 29/10/2020,6,11,6,,6,,
02:00 29/10/2020,6,10,4,,4,,
03:00 29/10/2020,6,10,4,,2,,
04:00 29/10/2020,6,8,2,,6,,
05:00 29/10/2020,6,8,8,,8,,
06:00 29/10/2020,10,17,27,,13,,
07:00 29/10/2020,19,27,46,,42,,
08:00 29/10/2020,19,44,31,,33,,
09:00 29/10/2020,15,36,21,,38,,
10:00 29/10/2020,17,27,17,,21,,
11:00 29/10/2020,17,23,17,,19,,
12:00 29/10/2020,19,33,21,,36,,
13:00 29/10/2020,17,46,19,,55,,
14:00 29/10/2020,10,61,29,,33,,
15:00 29/10/2020,11,57,19,,27,,
16:00 29/10/2020,13,54,27,,36,,
17:00 29/10/2020,15,48,27,,44,,
18:00 29/10/2020,15,59,21,,27,,
19:00 29/10/2020,15,48,42,,21,,
20:00 29/10/2020,11,29,13,,27,,
21:00 29/10/2020,10,29,8,,25,,
22:00 29/10/2020,8,21,6,,19,,
23:00 29/10/2020,11,21,6,,10,,
00:00 30/10/2020,10,17,4,,4,,
01:00 30/10/2020,8,11,6,,10,,
02:00 30/10/2020,4,4,2,,2,,
03:00 30/10/2020,8,8,4,,4,,
04:00 30/10/2020,6,6,4,,6,,
05:00 30/10/2020,6,6,6,,4,,
06:00 30/10/2020,8,13,31,,10,,
07:00 30/10/2020,10,25,31,,13,,
08:00 30/10/2020,11,36,34,,33,,
09:00 30/10/2020,23,67,29,,23,,
10:00 30/10/2020,33,52,38,,27,,
11:00 30/10/2020,29,69,34,,29,,
12:00 30/10/2020,27,75,31,,21,,
13:00 30/10/2020,23,46,38,,23,,
14:00 30/10/2020,23,54,44,,23,,
15:00 30/10/2020,27,69,42,,29,,
16:00 30/10/2020,23,94,44,,40,,
17:00 30/10/2020,46,105,52,,52,,
18:00 30/10/2020,54,105,67,,73,,
19:00 30/10/2020,59,98,67,,107,,
20:00 30/10/2020,54,84,67,,111,,
21:00 30/10/2020,50,61,55,,71,,
22:00 30/10/2020,40,55,42,,67,,
23:00 30/10/2020,31,44,34,,52,,
00:00 31/10/2020,31,40,33,,36,,
01:00 31/10/2020,21,23,11,,17,,
02:00 31/10/2020,13,15,15,,11,,
03:00 31/10/2020,15,15,23,,11,,
04:00 31/10/2020,8,4,11,,8,,
05:00 31/10/2020,6,4,13,,6,,
06:00 31/10/2020,4,4,8,,6,,
07:00 31/10/2020,6,6,10,,6,,
08:00 31/10/2020,6,6,13,,8,,
09:00 31/10/2020,6,8,15,,11,,
10:00 31/10/2020,8,10,11,,10,,
11:00 31/10/2020,8,8,13,,10,,
12:00 31/10/2020,8,27,13,,13,,
13:00 31/10/2020,8,25,21,,13,,
14:00 31/10/2020,8,42,19,,19,,
15:00 31/10/2020,10,52,19,,17,,
16:00 31/10/2020,11,44,23,,21,,
17:00 31/10/2020,19,50,23,,42,,
18:00 31/10/2020,23,67,19,,34,,
19:00 31/10/2020,15,48,11,,33,,
20:00 31/10/2020,17,42,15,,33,,
21:00 31/10/2020,19,48,11,,31,,
22:00 31/10/2020,10,29,10,,25,,
23:00 31/10/2020,8,29,8,,17,,
00:00 01/11/2020,10,17,6,,17,,
01:00 01/11/2020,4,8,4,,11,,
02:00 01/11/2020,2,6,8,,10,,
03:00 01/11/2020,2,6,13,,6,,
04:00 01/11/2020,2,4,15,,4,,
05:00 01/11/2020,2,4,10,,4,,
06:00 01/11/2020,2,4,11,,6,,
07:00 01/11/2020,2,4,8,,10,,
08:00 01/11/2020,6,6,6,,11,,
09:00 01/11/2020,10,25,8,,11,,
10:00 01/11/2020,6,33,11,,10,,
11:00 01/11/2020,10,46,31,,13,,
12:00 01/11/2020,11,36,21,,27,,
13:00 01/11/2020,13,36,21,,23,,
14:00 01/11/2020,6,27,10,,25,,
15:00 01/11/2020,8,27,13,,27,,
16:00 01/11/2020,13,23,15,,25,,
17:00 01/11/2020,8,15,,,19,,
18:00 01/11/2020,10,19,11,,19,,
19:00 01/11/2020,8,15,8,,19,,
20:00 01/11/2020,4,15,10,,13,,
21:00 01/11/2020,6,15,6,,11,,
22:00 01/11/2020,4,15,4,,10,,
23:00 01/11/2020,4,10,6,,8,,
00:00 02/11/2020,6,10,4,,6,,
01:00 02/11/2020,4,6,2,,4,,
02:00 02/11/2020,2,4,2,,6,,
03:00 02/11/2020,10,4,2,,21,,
04:00 02/11/2020,23,4,2,,42,,
05:00 02/11/2020,19,2,6,,17,,
06:00 02/11/2020,11,23,8,,13,,
07:00 02/11/2020,15,34,11,,17,,
08:00 02/11/2020,17,59,15,,27,,
09:00 02/11/2020,15,57,21,,31,,
10:00 02/11/2020,19,94,31,,42,,
11:00 02/11/2020,15,55,34,,36,,
12:00 02/11/2020,13,42,27,,34,,
13:00 02/11/2020,10,54,34,,36,,
14:00 02/11/2020,6,42,23,,31,,
15:00 02/11/2020,8,38,23,8,31,,
16:00 02/11/2020,8,52,21,11,38,,
17:00 02/11/2020,10,59,23,11,38,,
18:00 02/11/2020,15,77,27,13,54,,
19:00 02/11/2020,10,50,21,11,15,,
20:00 02/11/2020,6,25,8,10,10,,
21:00 02/11/2020,4,23,10,10,10,,
22:00 02/11/2020,13,31,11,11,13,,
23:00 02/11/2020,6,23,13,8,13,,
00:00 03/11/2020,4,25,11,13,10,,
01:00 03/11/2020,10,21,4,6,10,,
02:00 03/11/2020,6,10,6,11,15,,
03:00 03/11/2020,4,6,8,,11,,
04:00 03/11/2020,2,6,13,,11,,
05:00 03/11/2020,6,10,11,,11,,
06:00 03/11/2020,6,13,11,,17,,
07:00 03/11/2020,10,17,21,,27,,
08:00 03/11/2020,15,33,29,,55,,
09:00 03/11/2020,23,42,34,,73,,
10:00 03/11/2020,21,71,38,,54,,
11:00 03/11/2020,21,61,31,,31,,
12:00 03/11/2020,21,46,34,,31,,
13:00 03/11/2020,27,42,33,,19,,
14:00 03/11/2020,29,73,,,25,,
15:00 03/11/2020,15,63,36,,27,,
16:00 03/11/2020,17,55,40,,21,,
17:00 03/11/2020,36,52,59,,33,,
18:00 03/11/2020,52,99,73,,69,,
19:00 03/11/2020,36,98,63,,101,,
20:00 03/11/2020,27,54,33,,57,,
21:00 03/11/2020,19,42,31,,33,,
22:00 03/11/2020,21,54,42,,42,,
23:00 03/11/2020,23,57,33,,42,,
00:00 04/11/2020,21,57,34,,38,,
01:00 04/11/2020,31,55,46,,29,,
02:00 04/11/2020,23,36,36,,36,,
03:00 04/11/2020,23,33,31,,33,,
04:00 04/11/2020,19,34,38,,38,,
05:00 04/11/2020,23,40,38,,27,,
06:00 04/11/2020,36,34,50,,44,,
07:00 04/11/2020,34,46,63,,54,,
08:00 04/11/2020,42,71,71,,52,,
09:00 04/11/2020,42,48,88,,40,,
10:00 04/11/2020,40,46,65,,29,,
11:00 04/11/2020,48,57,54,,25,,
12:00 04/11/2020,54,59,38,,17,,
13:00 04/11/2020,48,42,42,,19,,
14:00 04/11/2020,38,57,42,,27,,
15:00 04/11/2020,38,42,57,,21,,
16:00 04/11/2020,50,48,57,80,23,,
17:00 04/11/2020,50,88,98,105,57,,
18:00 04/11/2020,57,132,84,119,98,,
19:00 04/11/2020,57,98,82,105,57,,
20:00 04/11/2020,50,65,80,77,71,,
21:00 04/11/2020,42,48,67,71,44,,
22:00 04/11/2020,31,50,55,59,44,,
23:00 04/11/2020,34,61,52,73,44,,
00:00 05/11/2020,25,46,46,63,57,,
01:00 05/11/2020,21,34,19,38,40,,
02:00 05/11/2020,13,17,10,15,38,,
03:00 05/11/2020,8,6,8,11,10,,
04:00 05/11/2020,8,6,10,6,25,,
05:00 05/11/2020,10,6,17,8,31,,
06:00 05/11/2020,11,27,23,15,19,,
07:00 05/11/2020,52,48,29,29,21,,
08:00 05/11/2020,44,55,46,38,57,,
09:00 05/11/2020,34,65,54,38,67,,
10:00 05/11/2020,36,78,50,38,50,,
11:00 05/11/2020,27,65,46,31,21,,
12:00 05/11/2020,21,84,38,23,23,,
13:00 05/11/2020,19,71,38,23,27,,
14:00 05/11/2020,21,63,46,25,34,,
15:00 05/11/2020,25,65,46,40,25,,
16:00 05/11/2020,23,59,46,40,25,,
17:00 05/11/2020,23,77,54,42,38,,
18:00 05/11/2020,29,69,65,57,29,,
19:00 05/11/2020,42,59,61,78,38,,
20:00 05/11/2020,38,38,61,65,38,,
21:00 05/11/2020,23,40,54,59,50,,
22:00 05/11/2020,15,42,44,46,44,,
23:00 05/11/2020,25,52,42,38,42,,
00:00 06/11/2020,19,46,33,40,40,,
01:00 06/11/2020,17,23,13,21,38,,
02:00 06/11/2020,10,11,19,10,23,,
03:00 06/11/2020,10,19,27,19,19,,
04:00 06/11/2020,17,29,27,17,21,,
05:00 06/11/2020,17,19,31,13,23,,
06:00 06/11/2020,19,27,29,17,21,,
07:00 06/11/2020,19,23,34,36,33,,
08:00 06/11/2020,21,31,36,40,46,,
09:00 06/11/2020,31,38,34,44,57,,
10:00 06/11/2020,31,36,27,34,52,,
11:00 06/11/2020,29,29,33,27,40,,
12:00 06/11/2020,25,34,31,44,42,,
13:00 06/11/2020,25,31,36,38,44,,
14:00 06/11/2020,23,33,29,34,38,,
15:00 06/11/2020,25,36,40,33,29,,
16:00 06/11/2020,25,40,33,34,48,,
17:00 06/11/2020,33,46,42,55,57,,
18:00 06/11/2020,36,50,46,67,55,,
19:00 06/11/2020,38,48,44,63,67,,
20:00 06/11/2020,44,50,50,57,54,,
21:00 06/11/2020,40,50,46,55,55,,
22:00 06/11/2020,42,50,57,61,52,,
23:00 06/11/2020,36,44,46,46,55,,
00:00 07/11/2020,38,46,40,46,44,,
01:00 07/11/2020,33,38,36,34,34,,
02:00 07/11/2020,29,38,25,31,29,,
03:00 07/11/2020,29,33,25,33,31,,
04:00 07/11/2020,25,31,27,31,29,,
05:00 07/11/2020,29,34,31,29,29,,
06:00 07/11/2020,27,33,36,29,33,,
07:00 07/11/2020,29,33,33,34,34,,
08:00 07/11/2020,31,36,34,40,42,,
09:00 07/11/2020,27,29,31,38,38,,
10:00 07/11/2020,21,25,25,36,31,,
11:00 07/11/2020,23,25,33,29,29,,
12:00 07/11/2020,27,27,31,27,38,,
13:00 07/11/2020,25,27,27,34,33,,
14:00 07/11/2020,21,25,25,,31,,
15:00 07/11/2020,27,31,34,27,40,,
16:00 07/11/2020,27,34,38,36,40,,
17:00 07/11/2020,29,34,31,40,48,,
18:00 07/11/2020,34,42,36,44,46,,
19:00 07/11/2020,34,40,36,48,48,,
20:00 07/11/2020,38,48,42,52,52,,
21:00 07/11/2020,42,54,52,52,57,,
22:00 07/11/2020,38,50,40,54,55,,
23:00 07/11/2020,33,36,36,48,44,,
00:00 08/11/2020,33,34,34,42,38,,
01:00 08/11/2020,31,31,33,38,34,,
02:00 08/11/2020,29,33,27,34,31,,
03:00 08/11/2020,25,29,21,31,27,,
04:00 08/11/2020,25,27,23,27,27,,
05:00 08/11/2020,25,27,29,27,25,,
06:00 08/11/2020,25,27,23,21,21,,
07:00 08/11/2020,23,23,21,21,25,,
08:00 08/11/2020,23,23,25,25,25,,
09:00 08/11/2020,21,23,23,27,25,,
10:00 08/11/2020,21,21,17,29,25,,
11:00 08/11/2020,19,21,21,31,27,,
12:00 08/11/2020,19,19,25,27,29,,
13:00 08/11/2020,19,19,25,29,29,,
14:00 08/11/2020,19,23,21,31,33,,
15:00 08/11/2020,21,23,21,33,36,,
16:00 08/11/2020,21,25,27,31,33,,
17:00 08/11/2020,23,23,23,36,33,,
18:00 08/11/2020,23,23,27,31,33,,
19:00 08/11/2020,21,23,23,27,33,,
20:00 08/11/2020,23,25,25,29,33,,
21:00 08/11/2020,23,25,25,29,34,,
22:00 08/11/2020,23,25,23,27,29,,
23:00 08/11/2020,23,25,25,25,27,,
00:00 09/11/2020,23,25,25,25,25,,
01:00 09/11/2020,21,23,21,29,25,,
02:00 09/11/2020,19,21,21,27,25,,
03:00 09/11/2020,17,15,21,27,23,,
04:00 09/11/2020,19,19,17,21,19,,
05:00 09/11/2020,10,8,19,17,11,,
06:00 09/11/2020,10,10,17,15,11,,
07:00 09/11/2020,13,13,31,19,21,,
08:00 09/11/2020,17,23,40,29,34,,
09:00 09/11/2020,23,40,50,40,46,,
10:00 09/11/2020,27,38,34,54,44,,
11:00 09/11/2020,23,34,34,50,46,,
12:00 09/11/2020,23,29,25,33,38,,
13:00 09/11/2020,25,29,23,27,31,,
14:00 09/11/2020,23,33,29,27,36,,
15:00 09/11/2020,27,33,25,31,50,,
16:00 09/11/2020,27,33,33,34,46,,
17:00 09/11/2020,31,34,31,33,52,,
18:00 09/11/2020,34,40,42,50,54,,
19:00 09/11/2020,36,52,33,57,50,,
20:00 09/11/2020,34,38,34,52,33,,
21:00 09/11/2020,31,36,33,36,34,,
22:00 09/11/2020,27,33,33,36,33,,
23:00 09/11/2020,27,33,23,36,33,,
00:00 10/11/2020,23,27,21,33,25,,
01:00 10/11/2020,21,27,15,33,25,,
02:00 10/11/2020,19,23,15,21,19,,
03:00 10/11/2020,15,15,10,17,15,,
04:00 10/11/2020,13,13,8,13,19,,
05:00 10/11/2020,13,11,15,13,13,,
06:00 10/11/2020,17,19,13,13,19,,
07:00 10/11/2020,19,27,,25,33,,
08:00 10/11/2020,19,34,19,40,40,,
09:00 10/11/2020,23,42,23,31,50,,
10:00 10/11/2020,23,40,31,27,38,,
11:00 10/11/2020,19,33,25,,36,,
12:00 10/11/2020,17,25,25,17,36,,
13:00 10/11/2020,19,42,17,15,38,,
14:00 10/11/2020,17,29,15,13,46,,
15:00 10/11/2020,17,34,27,13,48,,
16:00 10/11/2020,21,46,27,21,57,,
17:00 10/11/2020,29,48,48,40,94,,
18:00 10/11/2020,33,57,36,52,59,,
19:00 10/11/2020,34,55,31,46,61,,
20:00 10/11/2020,31,40,25,23,48,,
21:00 10/11/2020,23,27,19,17,34,,
22:00 10/11/2020,15,19,17,15,29,,
23:00 10/11/2020,10,11,13,11,21,,
00:00 11/11/2020,10,11,21,11,13,,
01:00 11/11/2020,8,10,17,11,11,,
02:00 11/11/2020,8,10,17,11,10,,
03:00 11/11/2020,8,8,17,11,10,,
04:00 11/11/2020,8,10,27,13,11,,
05:00 11/11/2020,11,11,29,13,13,,
06:00 11/11/2020,10,11,31,13,17,,
07:00 11/11/2020,17,19,33,23,31,,
08:00 11/11/2020,17,27,34,29,46,,
09:00 11/11/2020,17,33,40,27,34,,
10:00 11/11/2020,,,23,23,42,,
11:00 11/11/2020,15,25,29,17,33,,
12:00 11/11/2020,17,27,19,15,31,,
13:00 11/11/2020,13,27,23,13,36,,
14:00 11/11/2020,13,23,19,15,33,,
15:00 11/11/2020,13,23,21,17,29,,
16:00 11/11/2020,13,19,19,15,29,,
17:00 11/11/2020,17,29,19,19,36,,
18:00 11/11/2020,17,21,23,17,36,,
19:00 11/11/2020,15,19,19,21,17,,
20:00 11/11/2020,13,17,19,11,21,,
21:00 11/11/2020,10,11,17,8,13,,
22:00 11/11/2020,8,11,11,8,13,,
23:00 11/11/2020,8,15,17,10,15,,
00:00 12/11/2020,6,10,8,13,10,,
01:00 12/11/2020,8,11,6,4,11,,
02:00 12/11/2020,8,10,6,4,6,,
03:00 12/11/2020,8,6,2,6,6,,
04:00 12/11/2020,6,6,4,4,6,,
05:00 12/11/2020,10,6,4,4,6,,
06:00 12/11/2020,8,8,8,6,8,,
07:00 12/11/2020,17,25,27,11,10,,
08:00 12/11/2020,21,61,59,21,42,,
09:00 12/11/2020,25,61,42,27,61,,
10:00 12/11/2020,29,65,29,23,61,,
11:00 12/11/2020,17,38,23,13,40,,
12:00 12/11/2020,13,31,23,13,40,,
13:00 12/11/2020,17,31,23,11,44,,
14:00 12/11/2020,17,33,21,10,40,,
15:00 12/11/2020,15,33,23,25,44,,
16:00 12/11/2020,19,36,19,21,75,,
17:00 12/11/2020,19,34,17,19,57,,
18:00 12/11/2020,23,34,19,15,50,,
19:00 12/11/2020,17,31,19,17,33,,
20:00 12/11/2020,11,15,15,15,29,,
21:00 12/11/2020,13,13,15,11,23,,
22:00 12/11/2020,8,10,11,10,17,,
23:00 12/11/2020,8,10,13,6,11,,
00:00 13/11/2020,6,10,17,10,10,,
01:00 13/11/2020,6,8,17,10,10,,
02:00 13/11/2020,6,4,17,10,6,,
03:00 13/11/2020,4,4,15,8,6,,
04:00 13/11/2020,4,6,17,10,6,,
05:00 13/11/2020,6,4,11,8,6,,
06:00 13/11/2020,8,10,11,8,6,,
07:00 13/11/2020,10,13,21,8,21,,
08:00 13/11/2020,17,33,29,21,63,,
09:00 13/11/2020,27,40,25,33,71,,
10:00 13/11/2020,27,48,31,25,69,,
11:00 13/11/2020,21,27,23,15,50,,
12:00 13/11/2020,17,,25,13,38,,
13:00 13/11/2020,13,,25,10,31,,
14:00 13/11/2020,15,,19,10,31,,
15:00 13/11/2020,17,,27,11,40,,
16:00 13/11/2020,17,48,33,19,54,,
17:00 13/11/2020,23,48,23,36,77,,
18:00 13/11/2020,29,50,27,34,69,,
19:00 13/11/2020,19,38,29,27,42,,
20:00 13/11/2020,23,38,27,25,40,,
21:00 13/11/2020,19,33,17,27,42,,
22:00 13/11/2020,13,25,17,23,34,,
23:00 13/11/2020,10,17,11,17,25,,
00:00 14/11/2020,8,13,10,13,19,,
01:00 14/11/2020,6,10,8,8,11,,
02:00 14/11/2020,6,8,8,6,15,,
03:00 14/11/2020,6,6,15,10,8,,
04:00 14/11/2020,10,13,17,15,11,,
05:00 14/11/2020,10,13,27,11,17,,
06:00 14/11/2020,13,13,33,11,15,,
07:00 14/11/2020,15,17,19,19,15,,
08:00 14/11/2020,15,21,25,27,23,,
09:00 14/11/2020,13,19,27,17,23,,
10:00 14/11/2020,17,23,34,15,21,,
11:00 14/11/2020,17,23,21,19,33,,
12:00 14/11/2020,13,29,13,17,31,,
13:00 14/11/2020,13,15,17,15,23,,
14:00 14/11/2020,13,21,17,13,25,,
15:00 14/11/2020,15,25,19,15,34,,
16:00 14/11/2020,13,23,11,11,23,,
17:00 14/11/2020,13,15,17,17,15,,
18:00 14/11/2020,11,27,11,13,36,,
19:00 14/11/2020,13,25,15,15,27,,
20:00 14/11/2020,11,21,13,15,36,,
21:00 14/11/2020,10,15,10,10,29,,
22:00 14/11/2020,6,15,11,6,15,,
23:00 14/11/2020,8,11,10,10,13,,
00:00 15/11/2020,6,8,8,6,10,,
01:00 15/11/2020,6,8,6,6,11,,
02:00 15/11/2020,6,6,11,10,6,,
03:00 15/11/2020,4,4,8,6,10,,
04:00 15/11/2020,6,6,11,6,6,,
05:00 15/11/2020,8,8,17,8,10,,
06:00 15/11/2020,10,10,13,8,10,,
07:00 15/11/2020,10,10,17,6,13,,
08:00 15/11/2020,8,10,15,8,15,,
09:00 15/11/2020,6,11,8,6,11,,
10:00 15/11/2020,11,15,10,4,11,,
11:00 15/11/2020,6,13,8,6,15,,
12:00 15/11/2020,8,21,19,6,11,,
13:00 15/11/2020,6,13,8,6,19,,
14:00 15/11/2020,6,11,8,6,19,,
15:00 15/11/2020,6,15,8,8,21,,
16:00 15/11/2020,6,17,13,8,29,,
17:00 15/11/2020,10,31,11,15,27,,
18:00 15/11/2020,11,25,19,10,29,,
19:00 15/11/2020,10,25,10,13,21,,
20:00 15/11/2020,6,11,6,11,10,,
21:00 15/11/2020,6,11,6,10,6,,
22:00 15/11/2020,8,13,6,10,6,,
23:00 15/11/2020,11,13,8,13,8,,
00:00 16/11/2020,6,11,4,6,6,,
01:00 16/11/2020,4,6,6,4,8,,
02:00 16/11/2020,4,6,4,6,6,,
03:00 16/11/2020,4,4,4,4,6,,
04:00 16/11/2020,4,2,2,6,2,,
05:00 16/11/2020,4,2,4,4,2,,
06:00 16/11/2020,6,6,8,6,4,,
07:00 16/11/2020,11,15,11,10,6,,
08:00 16/11/2020,13,44,23,17,11,,
09:00 16/11/2020,17,46,31,23,15,,
10:00 16/11/2020,21,52,27,21,19,,
11:00 16/11/2020,17,55,31,15,27,,
12:00 16/11/2020,17,52,27,13,33,,
13:00 16/11/2020,15,65,31,19,33,,
14:00 16/11/2020,13,44,27,11,40,,
15:00 16/11/2020,15,46,27,15,46,,
16:00 16/11/2020,17,33,27,23,54,,
17:00 16/11/2020,21,31,38,21,63,,
18:00 16/11/2020,21,34,27,19,50,,
19:00 16/11/2020,19,27,19,17,34,,
20:00 16/11/2020,15,29,15,17,40,,
21:00 16/11/2020,15,27,23,15,25,,
22:00 16/11/2020,19,27,15,6,15,,
23:00 16/11/2020,13,23,10,6,11,,
00:00 17/11/2020,15,17,8,6,8,,
01:00 17/11/2020,8,8,4,2,10,,
02:00 17/11/2020,8,8,4,2,6,,
03:00 17/11/2020,4,4,2,2,6,,
04:00 17/11/2020,4,2,4,2,8,,
05:00 17/11/2020,8,6,4,2,4,,
06:00 17/11/2020,11,11,13,4,8,,
07:00 17/11/2020,10,13,17,4,21,,
08:00 17/11/2020,11,25,23,8,40,,
09:00 17/11/2020,17,31,25,10,44,,
10:00 17/11/2020,19,40,27,10,50,,
11:00 17/11/2020,17,31,42,10,33,,
12:00 17/11/2020,15,31,15,10,31,,
13:00 17/11/2020,17,38,31,13,31,,
14:00 17/11/2020,15,33,33,8,33,,
15:00 17/11/2020,13,25,38,8,33,,
16:00 17/11/2020,15,42,31,10,38,,
17:00 17/11/2020,19,54,19,13,36,,
18:00 17/11/2020,15,40,17,17,38,,
19:00 17/11/2020,15,44,17,10,33,,
20:00 17/11/2020,13,29,13,11,27,,
21:00 17/11/2020,11,23,15,10,25,,
22:00 17/11/2020,11,15,10,8,13,,
23:00 17/11/2020,6,10,10,6,11,,
00:00 18/11/2020,6,11,13,6,11,,
01:00 18/11/2020,6,8,8,4,6,,
02:00 18/11/2020,4,4,6,4,4,,
03:00 18/11/2020,4,4,8,2,4,,
04:00 18/11/2020,4,4,10,2,10,,
05:00 18/11/2020,4,4,8,4,8,,
06:00 18/11/2020,6,8,10,6,13,,
07:00 18/11/2020,11,13,8,13,17,,
08:00 18/11/2020,11,19,13,11,29,,
09:00 18/11/2020,13,21,21,17,27,,
10:00 18/11/2020,17,19,23,19,27,,
11:00 18/11/2020,13,21,19,15,25,,
12:00 18/11/2020,13,21,15,13,27,,
13:00 18/11/2020,15,38,23,21,23,,
14:00 18/11/2020,15,46,21,23,13,,
15:00 18/11/2020,15,40,33,15,17,,
16:00 18/11/2020,11,40,33,11,19,,
17:00 18/11/2020,13,48,29,13,34,,
18:00 18/11/2020,17,55,29,11,36,,
19:00 18/11/2020,15,38,17,11,23,,
20:00 18/11/2020,11,33,11,11,17,,
21:00 18/11/2020,10,19,8,6,15,,
22:00 18/11/2020,6,11,8,8,11,,
23:00 18/11/2020,4,13,8,6,8,,
00:00 19/11/2020,8,13,6,4,6,,
01:00 19/11/2020,6,8,8,6,4,,
02:00 19/11/2020,8,4,8,8,4,,
03:00 19/11/2020,6,4,6,6,4,,
04:00 19/11/2020,4,2,4,4,4,,
05:00 19/11/2020,6,2,10,8,11,,
06:00 19/11/2020,13,4,13,15,15,,
07:00 19/11/2020,25,17,23,46,10,,
08:00 19/11/2020,40,34,23,46,15,,
09:00 19/11/2020,48,52,44,67,31,,
10:00 19/11/2020,57,52,50,69,29,,
11:00 19/11/2020,44,48,44,52,17,,
12:00 19/11/2020,38,42,44,44,17,,
13:00 19/11/2020,42,34,33,46,15,,
14:00 19/11/2020,40,44,38,44,13,,
15:00 19/11/2020,52,61,46,71,27,,
16:00 19/11/2020,40,52,65,98,46,,
17:00 19/11/2020,36,36,54,107,42,,
18:00 19/11/2020,27,63,59,69,34,,
19:00 19/11/2020,21,54,67,90,42,,
20:00 19/11/2020,19,57,38,65,34,,
21:00 19/11/2020,21,42,33,31,44,,
22:00 19/11/2020,33,48,29,21,46,,
23:00 19/11/2020,17,29,21,17,31,,
00:00 20/11/2020,13,21,23,13,13,,
01:00 20/11/2020,21,27,10,8,13,,
02:00 20/11/2020,11,10,10,10,11,,
03:00 20/11/2020,13,15,25,17,11,,
04:00 20/11/2020,15,15,23,17,21,,
05:00 20/11/2020,11,10,23,15,11,,
06:00 20/11/2020,11,10,17,17,17,,
07:00 20/11/2020,11,15,27,23,25,,
08:00 20/11/2020,15,25,29,19,34,,
09:00 20/11/2020,29,38,33,34,48,,
10:00 20/11/2020,27,34,29,25,54,,
11:00 20/11/2020,23,34,40,21,38,,
12:00 20/11/2020,21,38,27,21,44,,
13:00 20/11/2020,27,38,27,23,50,,
14:00 20/11/2020,29,48,33,25,57,,
15:00 20/11/2020,38,59,38,34,69,,
16:00 20/11/2020,31,57,36,40,67,,
17:00 20/11/2020,33,59,33,23,44,,
18:00 20/11/2020,27,59,29,21,44,,
19:00 20/11/2020,17,50,23,11,40,,
20:00 20/11/2020,17,36,21,11,25,,
21:00 20/11/2020,17,38,21,11,29,,
22:00 20/11/2020,21,33,13,10,27,,
23:00 20/11/2020,15,27,13,11,31,,
00:00 21/11/2020,13,17,6,10,17,,
01:00 21/11/2020,11,13,8,4,13,,
02:00 21/11/2020,6,6,4,4,6,,
03:00 21/11/2020,4,4,4,4,4,,
04:00 21/11/2020,4,6,6,4,6,,
05:00 21/11/2020,4,4,8,2,6,,
06:00 21/11/2020,4,6,6,6,6,,
07:00 21/11/2020,8,15,11,4,10,,
08:00 21/11/2020,8,21,13,6,13,,
09:00 21/11/2020,8,25,15,6,15,,
10:00 21/11/2020,11,33,25,6,19,,
11:00 21/11/2020,17,42,23,10,29,,
12:00 21/11/2020,15,46,23,11,31,,
13:00 21/11/2020,15,48,33,17,31,,
14:00 21/11/2020,11,,27,13,19,,
15:00 21/11/2020,15,84,29,31,21,,
16:00 21/11/2020,17,65,33,29,23,,
17:00 21/11/2020,19,63,46,33,31,,
18:00 21/11/2020,19,65,54,42,44,,
19:00 21/11/2020,29,59,48,27,40,,
20:00 21/11/2020,25,42,33,23,34,,
21:00 21/11/2020,21,38,25,19,21,,
22:00 21/11/2020,11,23,15,10,11,,
23:00 21/11/2020,8,19,13,11,8,,
00:00 22/11/2020,10,19,11,10,10,,
01:00 22/11/2020,8,10,4,8,10,,
02:00 22/11/2020,6,8,4,8,13,,
03:00 22/11/2020,6,6,4,6,11,,
04:00 22/11/2020,6,4,6,6,11,,
05:00 22/11/2020,10,4,10,4,10,,
06:00 22/11/2020,6,4,8,6,15,,
07:00 22/11/2020,15,13,11,10,6,,
08:00 22/11/2020,25,42,11,15,15,,
09:00 22/11/2020,15,27,15,11,17,,
10:00 22/11/2020,15,27,15,13,23,,
11:00 22/11/2020,15,33,23,13,23,,
12:00 22/11/2020,13,31,17,17,17,,
13:00 22/11/2020,11,27,13,10,17,,
14:00 22/11/2020,11,29,19,10,23,,
15:00 22/11/2020,13,33,21,13,19,,
16:00 22/11/2020,15,48,36,19,23,,
17:00 22/11/2020,17,42,23,19,38,,
18:00 22/11/2020,21,50,40,31,57,,
19:00 22/11/2020,25,55,40,33,33,,
20:00 22/11/2020,29,40,25,25,27,,
21:00 22/11/2020,34,40,33,23,27,,
22:00 22/11/2020,25,34,21,21,21,,
23:00 22/11/2020,23,40,23,19,23,,
00:00 23/11/2020,17,27,13,13,15,,
01:00 23/11/2020,10,15,40,13,11,,
02:00 23/11/2020,11,13,36,10,10,,
03:00 23/11/2020,11,15,33,13,13,,
04:00 23/11/2020,10,10,25,27,15,,
05:00 23/11/2020,15,15,33,17,23,,
06:00 23/11/2020,21,23,52,31,29,,
07:00 23/11/2020,31,40,46,34,48,,
08:00 23/11/2020,38,50,46,59,59,,
09:00 23/11/2020,36,50,44,42,61,,
10:00 23/11/2020,29,40,34,34,55,,
11:00 23/11/2020,27,34,23,23,44,,
12:00 23/11/2020,29,27,23,21,36,,
13:00 23/11/2020,15,25,21,13,25,,
14:00 23/11/2020,15,29,17,13,36,,
15:00 23/11/2020,25,38,23,21,50,,
16:00 23/11/2020,27,42,31,27,55,,
17:00 23/11/2020,23,42,25,27,65,,
18:00 23/11/2020,17,33,27,27,38,,
19:00 23/11/2020,13,33,29,29,50,,
20:00 23/11/2020,10,17,11,15,23,,
21:00 23/11/2020,8,11,10,8,21,,
22:00 23/11/2020,8,13,13,10,13,,
23:00 23/11/2020,6,11,6,10,10,,
00:00 24/11/2020,6,10,6,6,8,,
01:00 24/11/2020,4,6,6,2,6,,
02:00 24/11/2020,4,4,11,2,8,,
03:00 24/11/2020,4,4,10,4,4,,
04:00 24/11/2020,4,4,8,4,6,,
05:00 24/11/2020,4,4,15,4,6,,
06:00 24/11/2020,6,10,15,21,19,,
07:00 24/11/2020,11,29,17,21,31,,
08:00 24/11/2020,15,33,23,13,44,,
09:00 24/11/2020,21,40,23,25,61,,
10:00 24/11/2020,19,40,25,17,55,,
11:00 24/11/2020,15,36,50,19,34,,
12:00 24/11/2020,15,31,29,19,33,,
13:00 24/11/2020,15,29,19,33,31,,
14:00 24/11/2020,11,21,19,17,40,,
15:00 24/11/2020,11,21,19,15,42,,
16:00 24/11/2020,13,25,19,15,33,,
17:00 24/11/2020,17,29,25,23,34,,
18:00 24/11/2020,15,25,23,23,34,,
19:00 24/11/2020,15,21,15,19,29,,
20:00 24/11/2020,13,15,19,15,19,,
21:00 24/11/2020,15,21,19,13,21,,
22:00 24/11/2020,11,15,13,10,19,,
23:00 24/11/2020,11,13,15,13,15,,
00:00 25/11/2020,11,11,17,10,13,,
01:00 25/11/2020,19,10,11,15,17,,
02:00 25/11/2020,23,10,10,19,17,,
03:00 25/11/2020,23,6,10,13,17,,
04:00 25/11/2020,6,4,6,13,31,,
05:00 25/11/2020,15,15,11,13,11,,
06:00 25/11/2020,8,10,33,29,19,,
07:00 25/11/2020,48,29,57,73,25,,
08:00 25/11/2020,73,117,80,122,55,,
09:00 25/11/2020,71,109,84,111,96,,
10:00 25/11/2020,54,80,61,,88,,
11:00 25/11/2020,46,73,48,52,,,
12:00 25/11/2020,44,63,36,67,34,,
13:00 25/11/2020,34,34,52,50,23,,
14:00 25/11/2020,33,40,34,52,21,,
15:00 25/11/2020,29,52,48,52,31,,
16:00 25/11/2020,29,73,57,44,42,,
17:00 25/11/2020,31,73,46,46,48,,
18:00 25/11/2020,25,73,46,34,55,,
19:00 25/11/2020,36,63,42,36,48,,
20:00 25/11/2020,27,54,40,34,46,,
21:00 25/11/2020,33,44,38,34,40,,
22:00 25/11/2020,29,40,40,23,44,,
23:00 25/11/2020,25,40,44,27,25,,
00:00 26/11/2020,21,27,42,21,33,,
01:00 26/11/2020,17,21,40,17,25,,
02:00 26/11/2020,17,21,40,19,15,,
03:00 26/11/2020,17,19,40,23,10,,
04:00 26/11/2020,19,21,31,21,23,,
05:00 26/11/2020,19,15,42,19,23,,
06:00 26/11/2020,23,19,44,34,33,,
07:00 26/11/2020,27,29,44,46,55,,
08:00 26/11/2020,36,46,52,71,73,,
09:00 26/11/2020,44,80,63,82,75,,
10:00 26/11/2020,57,73,54,65,77,,
11:00 26/11/2020,48,57,54,65,86,,
12:00 26/11/2020,40,,40,61,69,,
13:00 26/11/2020,42,55,52,48,67,,
14:00 26/11/2020,50,69,54,52,61,,
15:00 26/11/2020,52,75,59,57,88,,
16:00 26/11/2020,52,75,61,77,82,,
17:00 26/11/2020,50,73,71,98,77,,
18:00 26/11/2020,61,99,73,103,82,,
19:00 26/11/2020,67,88,73,105,94,,
20:00 26/11/2020,61,75,65,103,86,,
21:00 26/11/2020,63,78,59,86,78,,
22:00 26/11/2020,59,71,59,84,78,,
23:00 26/11/2020,61,71,55,73,75,,
00:00 27/11/2020,59,69,46,61,69,,
01:00 27/11/2020,59,65,48,57,57,,
02:00 27/11/2020,54,61,48,50,57,,
03:00 27/11/2020,48,52,38,42,52,,
04:00 27/11/2020,42,46,40,48,52,,
05:00 27/11/2020,44,48,40,48,48,,
06:00 27/11/2020,44,48,50,50,59,,
07:00 27/11/2020,40,46,46,55,65,,
08:00 27/11/2020,36,48,48,73,63,,
09:00 27/11/2020,42,55,54,67,65,,
10:00 27/11/2020,40,48,34,75,65,,
11:00 27/11/2020,36,36,34,61,55,,
12:00 27/11/2020,27,36,36,29,50,,
13:00 27/11/2020,31,40,36,31,54,,
14:00 27/11/2020,36,40,38,36,61,,
15:00 27/11/2020,36,48,52,59,80,,
16:00 27/11/2020,40,50,61,65,80,,
17:00 27/11/2020,44,61,69,65,78,,
18:00 27/11/2020,50,55,65,82,75,,
19:00 27/11/2020,50,54,59,84,,,
20:00 27/11/2020,52,63,67,71,75,,
21:00 27/11/2020,54,59,63,78,67,,
22:00 27/11/2020,54,59,59,69,61,,
23:00 27/11/2020,54,59,57,69,61,,
00:00 28/11/2020,52,55,48,57,54,,
01:00 28/11/2020,46,48,55,59,54,,
02:00 28/11/2020,50,54,52,52,54,,
03:00 28/11/2020,44,46,50,50,50,,
04:00 28/11/2020,36,42,42,44,42,,
05:00 28/11/2020,33,34,40,50,42,,
06:00 28/11/2020,40,46,46,63,38,,
07:00 28/11/2020,40,42,46,71,38,,
08:00 28/11/2020,38,48,57,75,48,,
09:00 28/11/2020,40,44,52,77,46,,
10:00 28/11/2020,38,65,46,61,40,,
11:00 28/11/2020,38,54,57,67,46,,
12:00 28/11/2020,44,61,50,69,55,,
13:00 28/11/2020,42,55,50,67,54,,
14:00 28/11/2020,40,61,52,57,54,,
15:00 28/11/2020,42,50,55,67,52,,
16:00 28/11/2020,42,61,57,69,57,,
17:00 28/11/2020,44,52,63,67,63,,
18:00 28/11/2020,44,52,57,57,61,,
19:00 28/11/2020,44,48,78,61,63,,
20:00 28/11/2020,42,48,42,65,54,,
21:00 28/11/2020,40,52,44,50,46,,
22:00 28/11/2020,40,44,42,48,50,,
23:00 28/11/2020,36,42,42,42,46,,
00:00 29/11/2020,33,38,38,36,44,,
01:00 29/11/2020,31,33,34,31,36,,
02:00 29/11/2020,25,25,27,29,29,,
03:00 29/11/2020,23,25,31,25,31,,
04:00 29/11/2020,21,21,31,25,27,,
05:00 29/11/2020,21,19,27,21,29,,
06:00 29/11/2020,19,15,25,15,23,,
07:00 29/11/2020,17,17,23,15,21,,
08:00 29/11/2020,19,19,31,19,25,,
09:00 29/11/2020,17,19,29,21,25,,
10:00 29/11/2020,17,19,27,23,25,,
11:00 29/11/2020,19,21,23,23,25,,
12:00 29/11/2020,19,25,25,23,34,,
13:00 29/11/2020,19,27,25,21,40,,
14:00 29/11/2020,23,33,31,23,55,,
15:00 29/11/2020,27,34,38,31,54,,
16:00 29/11/2020,31,40,36,33,44,,
17:00 29/11/2020,36,46,38,38,31,,
18:00 29/11/2020,31,38,36,48,46,,
19:00 29/11/2020,36,59,42,61,57,,
20:00 29/11/2020,36,50,40,57,67,,
21:00 29/11/2020,36,48,36,52,54,,
22:00 29/11/2020,34,40,34,46,48,,
23:00 29/11/2020,33,36,33,38,38,,
00:00 30/11/2020,31,36,27,34,34,,
01:00 30/11/2020,17,19,29,21,17,,
02:00 30/11/2020,13,13,23,10,15,,
03:00 30/11/2020,13,10,11,19,10,,
04:00 30/11/2020,13,10,8,11,10,,
05:00 30/11/2020,13,11,10,10,13,,
06:00 30/11/2020,17,23,17,15,13,,
07:00 30/11/2020,21,33,31,19,27,,
08:00 30/11/2020,34,54,40,25,29,,
09:00 30/11/2020,38,69,50,42,46,,
10:00 30/11/2020,40,63,42,42,27,,
11:00 30/11/2020,17,38,29,17,15,,
12:00 30/11/2020,17,38,23,17,17,,
13:00 30/11/2020,15,34,25,17,15,,
14:00 30/11/2020,15,42,21,19,17,,
15:00 30/11/2020,19,36,34,21,19,,
16:00 30/11/2020,17,31,27,25,19,,
17:00 30/11/2020,31,27,,34,13,,
18:00 30/11/2020,33,25,15,38,11,,
19:00 30/11/2020,36,29,19,42,11,,
20:00 30/11/2020,38,27,21,33,10,,
21:00 30/11/2020,42,29,21,27,11,,
22:00 30/11/2020,42,31,27,19,8,,
23:00 30/11/2020,44,36,27,33,10,,
00:00 01/12/2020,44,29,15,21,11,,
01:00 01/12/2020,42,29,13,23,10,,
02:00 01/12/2020,55,33,10,10,10,,
03:00 01/12/2020,44,34,8,13,8,,
04:00 01/12/2020,44,27,11,17,6,,
05:00 01/12/2020,38,11,21,25,8,,
06:00 01/12/2020,44,48,55,44,27,,
07:00 01/12/2020,44,86,77,99,105,,
08:00 01/12/2020,61,170,63,138,132,,
09:00 01/12/2020,98,159,75,164,164,,
10:00 01/12/2020,80,120,86,140,134,,
11:00 01/12/2020,65,86,77,88,77,,
12:00 01/12/2020,67,82,48,71,67,,
13:00 01/12/2020,69,88,57,78,73,,
14:00 01/12/2020,65,84,73,94,86,,
15:00 01/12/2020,63,82,71,86,84,,
16:00 01/12/2020,48,84,80,98,103,,
17:00 01/12/2020,65,98,77,98,119,,
18:00 01/12/2020,65,78,73,90,130,,
19:00 01/12/2020,63,80,67,84,105,,
20:00 01/12/2020,57,71,75,78,92,,
21:00 01/12/2020,57,80,59,69,78,,
22:00 01/12/2020,55,63,65,65,65,,
23:00 01/12/2020,55,57,50,57,61,,
00:00 02/12/2020,50,52,44,52,57,,
01:00 02/12/2020,34,33,34,34,36,,
02:00 02/12/2020,27,23,34,29,31,,
03:00 02/12/2020,27,23,36,33,25,,
04:00 02/12/2020,25,21,21,27,23,,
05:00 02/12/2020,15,10,23,15,10,,
06:00 02/12/2020,23,25,17,11,15,,
07:00 02/12/2020,31,44,33,21,23,,
08:00 02/12/2020,40,65,42,21,31,,
09:00 02/12/2020,34,67,52,29,46,,
10:00 02/12/2020,34,63,44,38,31,,
11:00 02/12/2020,44,42,54,59,25,,
12:00 02/12/2020,42,46,50,61,42,,
13:00 02/12/2020,31,42,44,48,33,,
14:00 02/12/2020,23,50,33,33,25,,
15:00 02/12/2020,25,78,34,33,23,,
16:00 02/12/2020,27,75,50,40,29,,
17:00 02/12/2020,27,71,48,34,46,,
18:00 02/12/2020,29,80,44,27,61,,
19:00 02/12/2020,31,57,40,25,50,,
20:00 02/12/2020,25,57,36,25,29,,
21:00 02/12/2020,21,36,17,23,40,,
22:00 02/12/2020,21,40,19,19,21,,
23:00 02/12/2020,17,38,13,13,13,,
00:00 03/12/2020,25,44,8,13,25,,
01:00 03/12/2020,15,21,6,4,8,,
02:00 03/12/2020,11,10,8,4,8,,
03:00 03/12/2020,10,10,10,8,8,,
04:00 03/12/2020,11,11,10,6,10,,
05:00 03/12/2020,8,6,11,4,11,,
06:00 03/12/2020,11,11,13,6,29,,
07:00 03/12/2020,15,19,21,11,29,,
08:00 03/12/2020,19,34,31,17,57,,
09:00 03/12/2020,25,42,27,25,48,,
10:00 03/12/2020,27,40,31,27,50,,
11:00 03/12/2020,25,38,23,19,34,,
12:00 03/12/2020,27,36,23,27,38,,
13:00 03/12/2020,23,38,34,33,54,,
14:00 03/12/2020,29,44,46,55,65,,
15:00 03/12/2020,38,63,67,,75,,
16:00 03/12/2020,54,69,57,80,59,,
17:00 03/12/2020,59,77,61,86,46,,
18:00 03/12/2020,61,67,57,90,46,,
19:00 03/12/2020,52,59,52,71,38,,
20:00 03/12/2020,42,48,38,54,33,,
21:00 03/12/2020,42,40,31,42,23,,
22:00 03/12/2020,38,31,23,34,17,,
23:00 03/12/2020,38,23,17,23,11,,
00:00 04/12/2020,,33,13,19,11,,
01:00 04/12/2020,,15,10,15,6,,
02:00 04/12/2020,,15,4,6,4,,
03:00 04/12/2020,,25,6,6,4,,
04:00 04/12/2020,,23,4,6,4,,
05:00 04/12/2020,,17,10,13,4,,
06:00 04/12/2020,,13,13,11,4,,
07:00 04/12/2020,,17,23,42,6,,
08:00 04/12/2020,,27,29,57,13,,
09:00 04/12/2020,,44,36,61,15,,
10:00 04/12/2020,,21,31,52,17,,
11:00 04/12/2020,,23,27,52,15,,
12:00 04/12/2020,,38,44,61,21,,
13:00 04/12/2020,,50,52,67,21,,
14:00 04/12/2020,,38,50,59,19,,
15:00 04/12/2020,,65,52,82,23,,
16:00 04/12/2020,,69,77,86,31,,
17:00 04/12/2020,,78,63,71,33,,
18:00 04/12/2020,,67,57,78,29,,
19:00 04/12/2020,,65,52,67,31,,
20:00 04/12/2020,,48,44,54,21,,
21:00 04/12/2020,,34,25,33,13,,
22:00 04/12/2020,,31,19,19,15,,
23:00 04/12/2020,,23,25,19,17,,
00:00 05/12/2020,,29,25,27,29,,
01:00 05/12/2020,,33,29,36,38,,
02:00 05/12/2020,,21,19,31,21,,
03:00 05/12/2020,,17,19,27,23,,
04:00 05/12/2020,,13,15,19,17,,
05:00 05/12/2020,,11,10,17,13,,
06:00 05/12/2020,,17,15,27,21,,
07:00 05/12/2020,,25,21,31,25,,
08:00 05/12/2020,,38,25,48,31,,
09:00 05/12/2020,,55,31,63,40,,
10:00 05/12/2020,,55,44,69,40,,
11:00 05/12/2020,,50,38,67,42,,
12:00 05/12/2020,,54,29,69,42,,
13:00 05/12/2020,,48,33,54,54,,
14:00 05/12/2020,,57,33,65,52,,
15:00 05/12/2020,,73,42,65,38,,
16:00 05/12/2020,,63,52,73,48,,
17:00 05/12/2020,,67,50,88,69,,
18:00 05/12/2020,,113,59,107,107,,
19:00 05/12/2020,,103,48,92,88,,
20:00 05/12/2020,,90,75,96,73,,
21:00 05/12/2020,,90,69,82,101,,
22:00 05/12/2020,,84,75,71,92,,
23:00 05/12/2020,,80,59,78,90,,
00:00 06/12/2020,,78,55,80,75,,
01:00 06/12/2020,,63,48,67,67,,
02:00 06/12/2020,,61,42,46,57,,
03:00 06/12/2020,,54,38,50,46,,
04:00 06/12/2020,,63,33,48,52,,
05:00 06/12/2020,,59,34,50,61,,
06:00 06/12/2020,,57,46,55,65,,
07:00 06/12/2020,,65,48,67,65,,
08:00 06/12/2020,,80,40,71,71,,
09:00 06/12/2020,,77,44,84,77,,
10:00 06/12/2020,,73,61,84,61,,
11:00 06/12/2020,,69,52,82,31,,
12:00 06/12/2020,,59,34,67,25,,
13:00 06/12/2020,,36,33,61,21,,
14:00 06/12/2020,,57,52,67,27,,
15:00 06/12/2020,,65,54,77,31,,
16:00 06/12/2020,,54,55,61,31,,
17:00 06/12/2020,,63,57,65,40,,
18:00 06/12/2020,,55,61,75,48,,
19:00 06/12/2020,,52,50,71,42,,
20:00 06/12/2020,,52,46,59,46,,
21:00 06/12/2020,,46,50,57,52,,
22:00 06/12/2020,,44,50,59,52,,
23:00 06/12/2020,,57,40,69,57,,
00:00 07/12/2020,,69,38,54,69,,
01:00 07/12/2020,,50,33,54,46,,
02:00 07/12/2020,,42,29,46,42,,
03:00 07/12/2020,,38,27,40,40,,
04:00 07/12/2020,,38,25,40,44,,
05:00 07/12/2020,,38,31,36,38,,
06:00 07/12/2020,,55,38,54,46,,
07:00 07/12/2020,,52,50,78,59,,
08:00 07/12/2020,,65,57,77,61,,
09:00 07/12/2020,,69,59,82,71,,
10:00 07/12/2020,,80,69,111,59,,
11:00 07/12/2020,,73,75,86,50,,
12:00 07/12/2020,52,55,65,67,36,,
13:00 07/12/2020,46,59,61,61,38,,
14:00 07/12/2020,50,52,52,65,25,,
15:00 07/12/2020,54,69,63,65,25,,
16:00 07/12/2020,57,78,73,82,40,,
17:00 07/12/2020,55,80,86,82,96,,
18:00 07/12/2020,57,86,92,82,111,,
19:00 07/12/2020,55,96,84,82,86,,
20:00 07/12/2020,55,88,84,78,65,,
21:00 07/12/2020,59,86,69,71,71,,
22:00 07/12/2020,40,44,54,77,54,,
23:00 07/12/2020,38,57,59,88,34,,
00:00 08/12/2020,40,50,50,63,46,,
01:00 08/12/2020,36,44,38,55,31,,
02:00 08/12/2020,23,21,10,23,11,,
03:00 08/12/2020,19,19,10,11,21,,
04:00 08/12/2020,29,23,8,17,15,,
05:00 08/12/2020,19,19,11,13,17,,
06:00 08/12/2020,13,11,15,10,13,,
07:00 08/12/2020,19,29,21,15,27,,
08:00 08/12/2020,,59,52,69,36,,
09:00 08/12/2020,,65,61,54,38,,
10:00 08/12/2020,,63,46,,57,,
11:00 08/12/2020,,50,50,,27,,
12:00 08/12/2020,,50,38,,25,,
13:00 08/12/2020,,71,40,,33,,
14:00 08/12/2020,,61,33,,25,,
15:00 08/12/2020,,55,36,,23,,
16:00 08/12/2020,,44,42,,19,,
17:00 08/12/2020,,48,40,,17,,
18:00 08/12/2020,,34,44,,27,,
19:00 08/12/2020,,33,34,,19,,
20:00 08/12/2020,,19,31,,11,,
21:00 08/12/2020,,13,19,,10,,
22:00 08/12/2020,,11,21,,10,,
23:00 08/12/2020,,11,19,,21,,
00:00 09/12/2020,,10,13,,25,,
01:00 09/12/2020,,6,8,,10,,
02:00 09/12/2020,,6,6,,8,,
03:00 09/12/2020,,4,6,,8,,
04:00 09/12/2020,,4,8,,13,,
05:00 09/12/2020,,4,10,,23,,
06:00 09/12/2020,,10,27,,29,,
07:00 09/12/2020,,25,38,,31,,
08:00 09/12/2020,,44,59,,36,,
09:00 09/12/2020,,80,50,,40,,
10:00 09/12/2020,,80,54,,73,,
11:00 09/12/2020,,71,50,,59,,
12:00 09/12/2020,,71,46,,61,,
13:00 09/12/2020,,59,,,59,,
14:00 09/12/2020,,55,65,,77,,
15:00 09/12/2020,,59,44,,65,,
16:00 09/12/2020,,46,29,,71,,
17:00 09/12/2020,,44,34,,71,,
18:00 09/12/2020,,46,42,,54,,
19:00 09/12/2020,,36,29,,42,,
20:00 09/12/2020,,33,34,,44,,
21:00 09/12/2020,,33,40,,33,,
22:00 09/12/2020,,36,27,,27,,
23:00 09/12/2020,,33,27,,31,,
00:00 10/12/2020,,29,23,,23,,
01:00 10/12/2020,,21,15,,19,,
02:00 10/12/2020,,19,13,,17,,
03:00 10/12/2020,,15,11,,17,,
04:00 10/12/2020,,13,10,,11,,
05:00 10/12/2020,,13,15,,13,,
06:00 10/12/2020,,17,21,,17,,
07:00 10/12/2020,,25,33,,25,,
08:00 10/12/2020,,34,34,,42,,
09:00 10/12/2020,34,36,34,42,48,,
10:00 10/12/2020,29,36,34,25,44,,
11:00 10/12/2020,27,36,29,29,38,,
12:00 10/12/2020,25,34,25,33,36,,
13:00 10/12/2020,25,33,25,27,40,,
14:00 10/12/2020,23,33,27,29,38,,
15:00 10/12/2020,23,36,25,21,52,,
16:00 10/12/2020,25,34,23,25,54,,
17:00 10/12/2020,23,33,19,27,55,,
18:00 10/12/2020,27,33,21,25,36,,
19:00 10/12/2020,23,36,19,23,33,,
20:00 10/12/2020,23,29,19,21,27,,
21:00 10/12/2020,23,29,21,23,34,,
22:00 10/12/2020,25,25,27,17,27,,
23:00 10/12/2020,21,19,23,13,17,,
00:00 11/12/2020,17,19,21,11,17,,
01:00 11/12/2020,13,15,17,11,13,,
02:00 11/12/2020,13,13,13,13,11,,
03:00 11/12/2020,13,13,21,13,10,,
04:00 11/12/2020,13,13,25,17,13,,
05:00 11/12/2020,13,15,27,13,19,,
06:00 11/12/2020,17,19,34,21,25,,
07:00 11/12/2020,15,19,36,34,31,,
08:00 11/12/2020,27,31,25,36,44,,
09:00 11/12/2020,29,46,38,34,55,,
10:00 11/12/2020,34,77,42,38,48,,
11:00 11/12/2020,33,48,52,31,59,,
12:00 11/12/2020,31,48,42,25,69,,
13:00 11/12/2020,38,75,48,44,90,,
14:00 11/12/2020,44,69,59,55,88,,
15:00 11/12/2020,50,73,73,63,111,,
16:00 11/12/2020,50,84,73,69,92,,
17:00 11/12/2020,55,101,73,86,111,,
18:00 11/12/2020,61,98,67,92,94,,
19:00 11/12/2020,52,96,80,75,96,,
20:00 11/12/2020,46,71,69,67,96,,
21:00 11/12/2020,33,67,59,46,46,,
22:00 11/12/2020,29,48,46,38,19,,
23:00 11/12/2020,31,55,44,,54,,
00:00 12/12/2020,25,48,33,31,25,,
01:00 12/12/2020,19,33,23,29,23,,
02:00 12/12/2020,17,21,11,17,17,,
03:00 12/12/2020,15,13,13,19,15,,
04:00 12/12/2020,15,13,15,13,11,,
05:00 12/12/2020,21,8,13,21,29,,
06:00 12/12/2020,27,10,13,25,27,,
07:00 12/12/2020,23,13,21,33,44,,
08:00 12/12/2020,19,15,19,38,33,,
09:00 12/12/2020,27,23,31,42,31,,
10:00 12/12/2020,21,27,29,48,33,,
11:00 12/12/2020,25,31,27,46,40,,
12:00 12/12/2020,23,36,31,42,27,,
13:00 12/12/2020,21,44,34,40,17,,
14:00 12/12/2020,29,52,33,48,21,,
15:00 12/12/2020,50,42,36,54,19,,
16:00 12/12/2020,46,75,36,55,21,,
17:00 12/12/2020,36,71,38,57,17,,
18:00 12/12/2020,46,126,38,71,50,,
19:00 12/12/2020,34,84,40,63,40,,
20:00 12/12/2020,34,71,40,40,50,,
21:00 12/12/2020,31,59,40,33,42,,
22:00 12/12/2020,38,61,57,34,52,,
23:00 12/12/2020,29,40,36,42,57,,
00:00 13/12/2020,31,48,38,34,38,,
01:00 13/12/2020,31,44,40,38,38,,
02:00 13/12/2020,25,31,27,23,23,,
03:00 13/12/2020,17,23,29,31,21,,
04:00 13/12/2020,11,13,27,17,15,,
05:00 13/12/2020,11,10,25,17,13,,
06:00 13/12/2020,13,15,21,13,15,,
07:00 13/12/2020,15,17,19,13,15,,
08:00 13/12/2020,15,15,15,13,15,,
09:00 13/12/2020,13,13,19,13,15,,
10:00 13/12/2020,13,15,23,17,15,,
11:00 13/12/2020,15,17,27,11,19,,
12:00 13/12/2020,15,19,23,13,17,,
13:00 13/12/2020,13,17,11,17,25,,
14:00 13/12/2020,13,21,11,17,25,,
15:00 13/12/2020,13,21,11,15,25,,
16:00 13/12/2020,13,27,10,17,27,,
17:00 13/12/2020,15,31,19,19,31,,
18:00 13/12/2020,19,31,23,21,27,,
19:00 13/12/2020,25,36,29,23,29,,
20:00 13/12/2020,31,42,19,25,38,,
21:00 13/12/2020,19,29,17,15,23,,
22:00 13/12/2020,15,15,8,11,17,,
23:00 13/12/2020,11,15,11,11,17,,
00:00 14/12/2020,10,10,17,13,11,,
01:00 14/12/2020,8,8,17,10,11,,
02:00 14/12/2020,8,6,13,10,11,,
03:00 14/12/2020,8,6,10,6,13,,
04:00 14/12/2020,8,6,15,11,15,,
05:00 14/12/2020,6,6,10,4,8,,
06:00 14/12/2020,10,11,15,8,15,,
07:00 14/12/2020,13,17,19,19,25,,
08:00 14/12/2020,19,34,29,40,55,,
09:00 14/12/2020,34,52,33,42,59,,
10:00 14/12/2020,29,46,21,27,63,,
11:00 14/12/2020,31,55,19,17,57,,
12:00 14/12/2020,13,34,21,15,48,,
13:00 14/12/2020,13,34,36,21,40,,
14:00 14/12/2020,15,34,44,17,36,,
15:00 14/12/2020,15,36,23,17,59,,
16:00 14/12/2020,23,42,27,27,59,,
17:00 14/12/2020,29,44,36,34,75,,
18:00 14/12/2020,23,42,29,33,63,,
19:00 14/12/2020,27,48,25,25,36,,
20:00 14/12/2020,27,38,21,25,36,,
21:00 14/12/2020,19,29,19,19,33,,
22:00 14/12/2020,17,25,19,17,29,,
23:00 14/12/2020,15,25,10,15,21,,
00:00 15/12/2020,17,21,13,11,29,,
01:00 15/12/2020,13,11,15,10,17,,
02:00 15/12/2020,8,6,10,6,11,,
03:00 15/12/2020,8,6,15,6,13,,
04:00 15/12/2020,8,6,17,6,13,,
05:00 15/12/2020,13,10,17,6,15,,
06:00 15/12/2020,13,13,19,10,23,,
07:00 15/12/2020,21,19,15,15,23,,
08:00 15/12/2020,21,33,23,17,42,,
09:00 15/12/2020,29,48,27,29,38,,
10:00 15/12/2020,25,38,21,23,40,,
11:00 15/12/2020,25,38,25,15,36,,
12:00 15/12/2020,19,36,23,17,29,,
13:00 15/12/2020,19,27,21,13,44,,
14:00 15/12/2020,19,33,29,19,25,,
15:00 15/12/2020,27,38,25,25,46,,
16:00 15/12/2020,25,42,27,23,59,,
17:00 15/12/2020,25,40,31,31,65,,
18:00 15/12/2020,29,46,29,33,57,,
19:00 15/12/2020,27,57,25,29,42,,
20:00 15/12/2020,34,50,42,25,48,,
21:00 15/12/2020,29,34,27,25,46,,
22:00 15/12/2020,21,27,23,25,34,,
23:00 15/12/2020,19,23,21,21,23,,
00:00 16/12/2020,23,25,31,17,23,,
01:00 16/12/2020,17,19,29,13,15,,
02:00 16/12/2020,13,11,23,8,11,,
03:00 16/12/2020,11,11,21,8,8,,
04:00 16/12/2020,10,8,11,6,6,,
05:00 16/12/2020,10,8,19,6,8,,
06:00 16/12/2020,10,,17,8,8,,
07:00 16/12/2020,11,,8,11,21,,
08:00 16/12/2020,13,,8,15,23,,
09:00 16/12/2020,11,,8,21,31,,
10:00 16/12/2020,17,,10,17,31,,
11:00 16/12/2020,27,,25,17,36,,
12:00 16/12/2020,29,,25,80,55,,
13:00 16/12/2020,23,,29,27,50,,
14:00 16/12/2020,25,,23,23,42,,
15:00 16/12/2020,25,,21,23,50,,
16:00 16/12/2020,29,,27,25,61,,
17:00 16/12/2020,25,,29,25,73,,
18:00 16/12/2020,29,,31,23,52,,
19:00 16/12/2020,34,,33,27,82,,
20:00 16/12/2020,29,,34,29,73,,
21:00 16/12/2020,25,,23,27,42,,
22:00 16/12/2020,17,,17,23,40,,
23:00 16/12/2020,17,,15,17,36,,
00:00 17/12/2020,17,,23,15,27,,
01:00 17/12/2020,15,,15,11,17,,
02:00 17/12/2020,10,,15,11,17,,
03:00 17/12/2020,13,,17,8,19,,
04:00 17/12/2020,15,,10,13,21,,
05:00 17/12/2020,13,,11,8,21,,
06:00 17/12/2020,19,,23,13,29,,
07:00 17/12/2020,25,,31,21,48,,
08:00 17/12/2020,33,,55,38,73,,
09:00 17/12/2020,44,,57,50,88,,
10:00 17/12/2020,44,,54,44,59,,
11:00 17/12/2020,34,,36,31,50,,
12:00 17/12/2020,27,,23,23,59,,
13:00 17/12/2020,27,,25,27,57,,
14:00 17/12/2020,29,,23,25,46,,
15:00 17/12/2020,27,,19,19,46,,
16:00 17/12/2020,25,,23,25,48,,
17:00 17/12/2020,25,,27,27,36,,
18:00 17/12/2020,25,,29,23,46,,
19:00 17/12/2020,21,,19,25,27,,
20:00 17/12/2020,17,,21,19,21,,
21:00 17/12/2020,15,,21,17,19,,
22:00 17/12/2020,15,,17,13,21,,
23:00 17/12/2020,11,,10,8,17,,
00:00 18/12/2020,10,,10,8,11,,
01:00 18/12/2020,8,,6,6,11,,
02:00 18/12/2020,6,,6,6,10,,
03:00 18/12/2020,8,,8,6,6,,
04:00 18/12/2020,6,,11,8,8,,
05:00 18/12/2020,8,,11,8,10,,
06:00 18/12/2020,10,,13,8,17,,
07:00 18/12/2020,11,,21,19,23,,
08:00 18/12/2020,11,,25,21,23,,
09:00 18/12/2020,13,,27,27,27,,
10:00 18/12/2020,17,,27,23,29,,
11:00 18/12/2020,21,,25,23,40,,
12:00 18/12/2020,19,,17,17,29,,
13:00 18/12/2020,17,,19,17,34,,
14:00 18/12/2020,17,,21,21,25,,
15:00 18/12/2020,17,,15,17,27,,
16:00 18/12/2020,21,,17,15,42,,
17:00 18/12/2020,27,,15,13,36,,
18:00 18/12/2020,23,,17,19,33,,
19:00 18/12/2020,27,,17,25,44,,
20:00 18/12/2020,25,,21,23,34,,
21:00 18/12/2020,17,,15,15,23,,
22:00 18/12/2020,13,,11,11,19,,
23:00 18/12/2020,11,,11,10,13,,
00:00 19/12/2020,13,,11,11,17,,
01:00 19/12/2020,13,,11,4,19,,
02:00 19/12/2020,15,,6,6,25,,
03:00 19/12/2020,15,,10,4,25,,
04:00 19/12/2020,10,,15,10,17,,
05:00 19/12/2020,8,,17,10,11,,
06:00 19/12/2020,10,,17,10,13,,
07:00 19/12/2020,11,,19,13,17,,
08:00 19/12/2020,11,,13,10,31,,
09:00 19/12/2020,15,,21,15,31,,
10:00 19/12/2020,15,,13,33,40,,
11:00 19/12/2020,15,,15,15,36,,
12:00 19/12/2020,13,,10,11,38,,
13:00 19/12/2020,15,,17,10,34,,
14:00 19/12/2020,13,,17,10,36,,
15:00 19/12/2020,21,,21,17,52,,
16:00 19/12/2020,23,,19,13,42,,
17:00 19/12/2020,19,,11,10,36,,
18:00 19/12/2020,19,,17,21,50,,
19:00 19/12/2020,25,,19,17,36,,
20:00 19/12/2020,21,,15,15,31,,
21:00 19/12/2020,19,,15,13,27,,
22:00 19/12/2020,21,,10,10,25,,
23:00 19/12/2020,19,,10,8,23,,
00:00 20/12/2020,11,,10,8,19,,
01:00 20/12/2020,11,,10,8,17,,
02:00 20/12/2020,6,,6,6,10,,
03:00 20/12/2020,11,,6,4,10,,
04:00 20/12/2020,11,,8,4,11,,
05:00 20/12/2020,10,,6,4,25,,
06:00 20/12/2020,10,,6,4,13,,
07:00 20/12/2020,10,,11,6,17,,
08:00 20/12/2020,13,,11,8,31,,
09:00 20/12/2020,13,,15,10,21,,
10:00 20/12/2020,15,,13,13,27,,
11:00 20/12/2020,19,,21,19,40,,
12:00 20/12/2020,19,,19,19,38,,
13:00 20/12/2020,23,,19,17,50,,
14:00 20/12/2020,17,,,15,42,,
15:00 20/12/2020,17,,17,13,57,,
16:00 20/12/2020,25,,23,21,57,,
17:00 20/12/2020,27,,23,29,42,,
18:00 20/12/2020,25,,27,25,48,,
19:00 20/12/2020,29,,29,46,54,,
20:00 20/12/2020,29,,31,27,44,,
21:00 20/12/2020,29,,34,27,50,,
22:00 20/12/2020,19,,27,19,29,,
23:00 20/12/2020,17,,17,15,21,,
00:00 21/12/2020,19,,21,13,19,,
01:00 21/12/2020,13,,15,10,15,,
02:00 21/12/2020,10,,17,13,13,,
03:00 21/12/2020,8,,21,10,10,,
04:00 21/12/2020,10,,29,15,21,,
05:00 21/12/2020,15,,29,17,21,,
06:00 21/12/2020,23,,29,27,19,,
07:00 21/12/2020,25,,25,34,25,,
08:00 21/12/2020,21,,48,48,31,,
09:00 21/12/2020,,,40,78,46,,
10:00 21/12/2020,33,,44,55,42,,
11:00 21/12/2020,29,,48,57,42,,
12:00 21/12/2020,34,,46,,54,,
13:00 21/12/2020,25,,38,46,54,,
14:00 21/12/2020,27,,34,38,57,,
15:00 21/12/2020,33,,42,54,59,,
16:00 21/12/2020,36,,38,57,67,,
17:00 21/12/2020,40,,25,52,86,,
18:00 21/12/2020,42,,42,54,88,,
19:00 21/12/2020,44,,69,54,55,,
20:00 21/12/2020,29,,52,40,33,,
21:00 21/12/2020,33,,38,46,31,,
22:00 21/12/2020,34,,34,36,21,,
23:00 21/12/2020,48,,19,25,11,,
00:00 22/12/2020,36,,21,21,23,,
01:00 22/12/2020,33,,13,10,19,,
02:00 22/12/2020,46,,6,6,2,,
03:00 22/12/2020,40,,13,10,4,,
04:00 22/12/2020,48,,17,8,4,,
05:00 22/12/2020,46,,36,21,10,,
06:00 22/12/2020,48,,61,48,29,,
07:00 22/12/2020,23,,84,82,54,,
08:00 22/12/2020,40,,73,73,90,,
09:00 22/12/2020,46,,90,98,103,,
10:00 22/12/2020,48,,71,78,92,,
11:00 22/12/2020,42,,71,65,103,,
12:00 22/12/2020,50,90,75,75,86,,
13:00 22/12/2020,52,82,78,88,134,,
14:00 22/12/2020,48,77,77,78,107,,
15:00 22/12/2020,50,94,80,98,92,,
16:00 22/12/2020,63,78,77,90,105,,
17:00 22/12/2020,65,90,88,98,105,,
18:00 22/12/2020,63,84,75,80,92,,
19:00 22/12/2020,57,67,75,84,80,,
20:00 22/12/2020,57,69,78,82,82,,
21:00 22/12/2020,57,80,73,90,80,,
22:00 22/12/2020,69,78,69,82,73,,
23:00 22/12/2020,69,71,65,77,57,,
00:00 23/12/2020,57,78,54,57,50,,
01:00 23/12/2020,48,38,38,34,31,,
02:00 23/12/2020,38,29,27,23,19,,
03:00 23/12/2020,29,36,17,25,34,,
04:00 23/12/2020,27,44,19,31,21,,
05:00 23/12/2020,19,34,19,23,17,,
06:00 23/12/2020,17,34,23,21,15,,
07:00 23/12/2020,21,42,23,42,21,,
08:00 23/12/2020,31,57,31,55,40,,
09:00 23/12/2020,34,52,40,59,46,,
10:00 23/12/2020,38,55,40,50,48,,
11:00 23/12/2020,46,55,40,57,38,,
12:00 23/12/2020,48,67,59,50,46,,
13:00 23/12/2020,44,50,29,52,40,,
14:00 23/12/2020,40,33,34,52,38,,
15:00 23/12/2020,40,34,,46,40,,
16:00 23/12/2020,36,29,19,40,33,,
17:00 23/12/2020,34,25,27,33,34,,
18:00 23/12/2020,33,29,21,42,23,,
19:00 23/12/2020,40,34,21,34,19,,
20:00 23/12/2020,48,44,21,46,25,,
21:00 23/12/2020,48,29,31,40,17,,
22:00 23/12/2020,34,21,15,27,13,,
23:00 23/12/2020,34,19,13,21,11,,
00:00 24/12/2020,34,17,8,17,6,,
01:00 24/12/2020,40,6,6,8,6,,
02:00 24/12/2020,46,4,4,8,2,,
03:00 24/12/2020,46,4,4,10,2,,
04:00 24/12/2020,54,15,4,13,4,,
05:00 24/12/2020,48,11,8,15,4,,
06:00 24/12/2020,61,27,15,36,6,,
07:00 24/12/2020,57,44,38,52,8,,
08:00 24/12/2020,57,44,44,50,10,,
09:00 24/12/2020,55,42,23,48,13,,
10:00 24/12/2020,57,46,29,50,23,,
11:00 24/12/2020,59,38,31,42,17,,
12:00 24/12/2020,48,42,25,44,15,,
13:00 24/12/2020,44,31,29,38,11,,
14:00 24/12/2020,48,34,29,48,17,,
15:00 24/12/2020,52,42,38,52,19,,
16:00 24/12/2020,55,46,38,50,23,,
17:00 24/12/2020,61,71,55,69,36,,
18:00 24/12/2020,67,77,54,75,34,,
19:00 24/12/2020,61,82,57,65,34,,
20:00 24/12/2020,48,50,25,50,21,,
21:00 24/12/2020,59,31,27,40,21,,
22:00 24/12/2020,33,27,29,31,19,,
23:00 24/12/2020,33,17,52,42,15,,
00:00 25/12/2020,38,29,38,42,15,,
01:00 25/12/2020,36,29,36,40,15,,
02:00 25/12/2020,34,31,34,29,11,,
03:00 25/12/2020,34,17,17,36,19,,
04:00 25/12/2020,40,,11,19,10,,
05:00 25/12/2020,38,13,17,19,11,,
06:00 25/12/2020,34,10,13,38,11,,
07:00 25/12/2020,17,10,17,44,34,,
08:00 25/12/2020,29,25,27,73,36,,
09:00 25/12/2020,19,42,40,69,46,,
10:00 25/12/2020,29,54,52,77,63,,
11:00 25/12/2020,36,42,50,63,55,,
12:00 25/12/2020,33,34,40,40,82,,
13:00 25/12/2020,25,31,40,38,73,,
14:00 25/12/2020,19,25,34,31,36,,
15:00 25/12/2020,13,19,19,19,17,,
16:00 25/12/2020,10,15,11,17,13,,
17:00 25/12/2020,13,21,27,21,29,,
18:00 25/12/2020,15,17,21,21,21,,
19:00 25/12/2020,15,21,17,17,25,,
20:00 25/12/2020,21,31,23,17,34,,
21:00 25/12/2020,27,34,21,17,29,,
22:00 25/12/2020,15,23,17,31,29,,
23:00 25/12/2020,13,19,15,13,13,,
00:00 26/12/2020,13,17,11,8,11,,
01:00 26/12/2020,11,13,6,6,11,,
02:00 26/12/2020,10,10,6,6,8,,
03:00 26/12/2020,11,13,4,4,6,,
04:00 26/12/2020,11,13,4,4,6,,
05:00 26/12/2020,10,10,6,4,6,,
06:00 26/12/2020,8,11,10,4,4,,
07:00 26/12/2020,10,6,8,6,8,,
08:00 26/12/2020,10,10,6,4,6,,
09:00 26/12/2020,13,17,4,6,15,,
10:00 26/12/2020,11,23,17,10,10,,
11:00 26/12/2020,15,31,25,17,21,,
12:00 26/12/2020,10,31,13,8,11,,
13:00 26/12/2020,11,23,19,8,15,,
14:00 26/12/2020,11,25,17,6,19,,
15:00 26/12/2020,11,25,13,8,13,,
16:00 26/12/2020,11,23,11,6,19,,
17:00 26/12/2020,11,27,10,6,11,,
18:00 26/12/2020,21,27,8,4,11,,
19:00 26/12/2020,11,27,13,6,13,,
20:00 26/12/2020,10,23,6,4,8,,
21:00 26/12/2020,10,21,6,4,8,,
22:00 26/12/2020,8,13,4,4,8,,
23:00 26/12/2020,10,21,4,4,11,,
00:00 27/12/2020,8,17,2,4,6,,
01:00 27/12/2020,6,19,8,2,10,,
02:00 27/12/2020,4,13,4,4,4,,
03:00 27/12/2020,2,8,6,4,6,,
04:00 27/12/2020,4,8,4,4,4,,
05:00 27/12/2020,4,4,4,4,4,,
06:00 27/12/2020,10,8,6,6,4,,
07:00 27/12/2020,19,15,8,10,10,,
08:00 27/12/2020,13,17,8,6,10,,
09:00 27/12/2020,15,23,10,11,11,,
10:00 27/12/2020,15,27,19,10,11,,
11:00 27/12/2020,17,27,15,10,15,,
12:00 27/12/2020,31,40,23,10,19,,
13:00 27/12/2020,13,34,19,10,19,,
14:00 27/12/2020,11,36,29,10,27,,
15:00 27/12/2020,15,46,33,10,25,,
16:00 27/12/2020,19,57,36,13,36,,
17:00 27/12/2020,21,46,27,15,38,,
18:00 27/12/2020,25,57,19,19,40,,
19:00 27/12/2020,23,52,19,27,46,,
20:00 27/12/2020,27,44,23,31,52,,
21:00 27/12/2020,25,42,25,31,46,,
22:00 27/12/2020,27,46,21,27,40,,
23:00 27/12/2020,23,36,19,21,33,,
00:00 28/12/2020,25,36,21,19,36,,
01:00 28/12/2020,17,19,19,11,17,,
02:00 28/12/2020,10,10,19,10,11,,
03:00 28/12/2020,6,6,19,11,10,,
04:00 28/12/2020,11,15,17,10,13,,
05:00 28/12/2020,13,13,11,10,8,,
06:00 28/12/2020,13,29,13,15,11,,
07:00 28/12/2020,25,38,19,19,19,,
08:00 28/12/2020,36,36,19,23,27,,
09:00 28/12/2020,33,27,23,33,23,,
10:00 28/12/2020,31,27,33,40,27,,
11:00 28/12/2020,40,42,38,61,33,,
12:00 28/12/2020,46,42,34,55,23,,
13:00 28/12/2020,50,42,36,63,19,,
14:00 28/12/2020,50,57,40,75,23,,
15:00 28/12/2020,52,54,50,69,25,,
16:00 28/12/2020,46,69,50,94,44,,
17:00 28/12/2020,48,92,80,88,105,,
18:00 28/12/2020,50,115,73,113,101,,
19:00 28/12/2020,59,103,61,132,103,,
20:00 28/12/2020,57,75,80,103,84,,
21:00 28/12/2020,57,67,69,84,69,,
22:00 28/12/2020,54,73,59,69,73,,
23:00 28/12/2020,54,65,57,67,75,,
00:00 29/12/2020,46,55,44,63,57,,
01:00 29/12/2020,38,46,34,40,42,,
02:00 29/12/2020,34,36,34,50,38,,
03:00 29/12/2020,27,31,29,48,40,,
04:00 29/12/2020,27,36,31,55,46,,
05:00 29/12/2020,44,48,33,54,57,,
06:00 29/12/2020,50,55,50,54,44,,
07:00 29/12/2020,52,57,54,52,29,,
08:00 29/12/2020,52,55,40,61,29,,
09:00 29/12/2020,50,46,36,57,29,,
10:00 29/12/2020,52,40,31,52,25,,
11:00 29/12/2020,50,50,40,57,29,,
12:00 29/12/2020,55,59,34,63,25,,
13:00 29/12/2020,48,33,31,46,19,,
14:00 29/12/2020,59,54,29,61,27,,
15:00 29/12/2020,63,59,44,71,31,,
16:00 29/12/2020,61,65,59,77,29,,
17:00 29/12/2020,65,84,75,90,33,,
18:00 29/12/2020,65,71,82,107,33,,
19:00 29/12/2020,71,92,86,92,44,,
20:00 29/12/2020,69,94,69,88,55,,
21:00 29/12/2020,63,96,84,96,99,,
22:00 29/12/2020,69,105,88,98,99,,
23:00 29/12/2020,65,94,63,90,71,,
00:00 30/12/2020,57,75,61,71,42,,
01:00 30/12/2020,61,73,50,80,36,,
02:00 30/12/2020,50,61,42,71,25,,
03:00 30/12/2020,29,42,38,48,36,,
04:00 30/12/2020,23,29,31,36,31,,
05:00 30/12/2020,15,15,15,29,8,,
06:00 30/12/2020,34,40,44,40,46,,
07:00 30/12/2020,38,55,38,54,48,,
08:00 30/12/2020,33,69,50,75,48,,
09:00 30/12/2020,27,86,48,65,55,,
10:00 30/12/2020,54,80,57,57,94,,
11:00 30/12/2020,40,61,40,42,73,,
12:00 30/12/2020,38,57,46,34,71,,
13:00 30/12/2020,40,65,57,46,78,,
14:00 30/12/2020,33,77,46,50,77,,
15:00 30/12/2020,34,75,46,61,80,,
16:00 30/12/2020,55,94,54,103,84,,
17:00 30/12/2020,57,96,65,101,109,,
18:00 30/12/2020,67,103,71,88,101,,
19:00 30/12/2020,57,101,90,86,107,,
20:00 30/12/2020,57,107,84,101,115,,
21:00 30/12/2020,44,84,86,94,92,,
22:00 30/12/2020,38,88,78,90,73,,
23:00 30/12/2020,50,84,73,103,84,,
00:00 31/12/2020,52,82,63,90,71,,
01:00 31/12/2020,27,54,61,75,33,,
02:00 31/12/2020,13,23,,33,19,,
03:00 31/12/2020,11,19,15,11,11,,
04:00 31/12/2020,11,13,11,21,15,,
05:00 31/12/2020,10,11,13,17,19,,
06:00 31/12/2020,15,10,36,40,25,,
07:00 31/12/2020,34,33,63,63,31,,
08:00 31/12/2020,33,57,77,59,38,,
09:00 31/12/2020,40,55,54,71,63,,
10:00 31/12/2020,34,55,73,65,46,,
11:00 31/12/2020,27,52,36,36,57,,
12:00 31/12/2020,31,61,38,29,57,,
13:00 31/12/2020,36,71,42,33,71,,
14:00 31/12/2020,29,67,57,31,,,
15:00 31/12/2020,33,67,46,33,34,,
16:00 31/12/2020,54,80,61,86,73,,
17:00 31/12/2020,69,90,73,98,88,,
18:00 31/12/2020,73,103,73,96,78,,
19:00 31/12/2020,65,80,69,84,69,,
20:00 31/12/2020,59,67,67,65,52,,
21:00 31/12/2020,59,63,48,57,54,,
22:00 31/12/2020,48,65,55,55,67,,
23:00 31/12/2020,46,59,57,69,65,,
00:00 01/01/2021,52,59,55,65,63,,
01:00 01/01/2021,57,57,40,55,42,,
02:00 01/01/2021,54,52,44,44,34,,
03:00 01/01/2021,48,44,48,34,52,,
04:00 01/01/2021,33,25,34,19,21,,
05:00 01/01/2021,33,13,11,15,13,,
06:00 01/01/2021,33,19,8,15,13,,
07:00 01/01/2021,29,13,11,17,11,,
08:00 01/01/2021,31,25,11,21,8,,
09:00 01/01/2021,44,23,17,33,13,,
10:00 01/01/2021,36,27,23,31,17,,
11:00 01/01/2021,50,34,21,33,15,,
12:00 01/01/2021,42,27,17,34,13,,
13:00 01/01/2021,38,19,17,25,11,,
14:00 01/01/2021,34,15,17,36,15,,
15:00 01/01/2021,38,21,21,33,13,,
16:00 01/01/2021,36,23,17,36,13,,
17:00 01/01/2021,42,27,27,42,21,,
18:00 01/01/2021,38,21,38,46,19,,
19:00 01/01/2021,42,33,34,52,23,,
20:00 01/01/2021,33,23,31,42,23,,
21:00 01/01/2021,31,21,23,38,25,,
22:00 01/01/2021,31,23,27,40,23,,
23:00 01/01/2021,31,27,21,38,27,,
00:00 02/01/2021,23,25,25,42,25,,