2021-02-28 00:00:00,53.80,,15.48,20.16,21.71,6.30,76.01,1037.
2021-02-28 00:15:00,51.14,,21.61,30.10,34.37,6.33,76.04,1037.
2021-02-28 00:30:00,49.45,,22.75,32.13,36.67,6.35,76.02,1037.
2021-02-28 00:45:00,48.80,,21.18,29.33,31.89,6.33,76.19,1037.
2021-02-28 01:00:00,45.69,,22.74,32.21,36.87,6.34,76.39,1037.
2021-02-28 01:15:00,47.80,,24.45,34.80,40.83,6.29,77.24,1037.
2021-02-28 01:30:00,42.59,,27.06,38.82,46.97,6.26,77.34,1037.
2021-02-28 01:45:00,45.55,,27.32,38.79,46.75,6.22,77.95,1037.
2021-02-28 02:00:00,47.21,,25.90,36.62,43.41,6.25,76.76,1037.
2021-02-28 02:15:00,55.21,,20.43,26.76,29.30,6.20,75.72,1037.
2021-02-28 02:30:00,60.22,,20.52,27.14,28.96,6.01,76.91,1037.
2021-02-28 02:45:00,59.08,,22.32,30.09,32.88,5.94,77.55,1037.
2021-02-28 03:00:00,59.28,,25.48,35.11,41.00,5.93,77.50,1036.
2021-02-28 03:15:00,60.71,,28.18,39.58,47.37,5.78,78.81,1036.
2021-02-28 03:30:00,59.13,,28.48,39.97,47.87,5.70,79.47,1036.
2021-02-28 03:45:00,57.27,,30.47,42.82,51.71,5.72,78.95,1036.
2021-02-28 04:00:00,56.44,,30.36,42.73,51.66,5.83,78.06,1036.
2021-02-28 04:15:00,58.73,,30.96,43.70,52.84,5.78,77.98,1036.
2021-02-28 04:30:00,59.46,,31.36,44.05,53.23,5.52,80.57,1036.
2021-02-28 04:45:00,58.75,,31.58,44.05,53.48,5.53,80.63,1036.
2021-02-28 05:00:00,56.28,,31.27,44.08,53.27,5.65,79.13,1036.
2021-02-28 05:15:00,57.96,,31.68,44.66,54.68,5.56,79.47,1036.
2021-02-28 05:30:00,60.18,,31.77,44.77,54.37,5.13,83.61,1036.
2021-02-28 05:45:00,61.63,,31.12,44.25,54.13,4.93,86.01,1036.
2021-02-28 06:00:00,59.00,,33.26,47.29,58.36,5.04,84.99,1036.
2021-02-28 06:15:00,59.44,,35.14,49.55,61.28,5.02,84.92,1036.
2021-02-28 06:30:00,59.54,,38.09,52.27,65.04,4.63,89.11,1036.
2021-02-28 06:45:00,57.48,,40.16,54.44,66.84,4.68,88.82,1036.
2021-02-28 07:00:00,57.32,,42.86,57.08,68.73,4.65,89.64,1036.
2021-02-28 07:15:00,54.40,,43.91,59.04,70.08,4.81,88.00,1036.
2021-02-28 07:30:00,53.92,,45.17,60.97,71.20,4.77,88.18,1036.
2021-02-28 07:45:00,51.76,,43.84,59.40,70.31,5.42,81.91,1036.
2021-02-28 08:00:00,51.62,,42.19,57.44,68.76,6.31,74.15,1036.
2021-02-28 08:15:00,50.48,,42.10,56.90,68.64,6.89,69.48,1036.
2021-02-28 08:30:00,48.45,,41.39,55.80,67.79,7.74,63.73,1036.
2021-02-28 08:45:00,49.52,,41.38,55.66,67.49,8.06,61.56,1036.
2021-02-28 09:00:00,50.87,,41.26,55.41,67.33,8.06,61.66,1036.
2021-02-28 09:15:00,49.74,,41.24,55.08,67.23,8.23,60.86,1036.
2021-02-28 09:30:00,50.86,,42.98,57.00,68.42,7.95,62.61,1036.
2021-02-28 09:45:00,53.20,,43.46,58.55,69.46,7.29,67.07,1036.
2021-02-28 10:00:00,52.58,,42.98,57.78,69.07,7.05,69.40,1036.
2021-02-28 10:15:00,50.34,,42.89,58.09,69.05,7.20,69.45,1036.
2021-02-28 10:30:00,49.69,,42.76,57.71,68.74,7.35,68.87,1036.
2021-02-28 10:45:00,48.82,,42.29,57.45,68.77,7.33,69.19,1036.
2021-02-28 11:00:00,47.32,,41.57,56.64,68.11,7.39,69.22,1036.
2021-02-28 11:15:00,48.41,,41.06,56.22,67.55,7.47,68.82,1036.
2021-02-28 11:30:00,47.11,,45.02,61.59,71.23,7.44,69.71,1036.
2021-02-28 11:45:00,48.71,,45.19,61.61,71.40,7.45,69.86,1036.
2021-02-28 12:00:00,46.54,,43.18,58.85,69.61,7.62,68.94,1035.
2021-02-28 12:15:00,49.19,,33.83,47.93,58.56,7.86,65.76,1035.
2021-02-28 12:30:00,56.25,,27.25,38.05,44.60,7.56,66.49,1035.
2021-02-28 12:45:00,60.99,,23.22,31.24,34.98,7.39,67.06,1035.
2021-02-28 13:00:00,53.42,,28.59,40.33,48.07,7.34,68.09,1034.
2021-02-28 13:15:00,54.33,,28.16,39.36,46.88,7.37,67.99,1034.
2021-02-28 13:30:00,61.78,,26.66,37.13,43.77,7.17,68.32,1034.
2021-02-28 13:45:00,64.91,,27.18,38.86,46.46,6.83,70.94,1034.
2021-02-28 14:00:00,61.81,,26.61,37.99,44.83,7.02,69.63,1034.
2021-02-28 14:15:00,58.97,,25.89,36.57,43.13,7.30,68.12,1034.
2021-02-28 14:30:00,58.44,,26.84,38.00,44.95,7.38,67.49,1033.
2021-02-28 14:45:00,53.56,,25.81,36.72,43.38,7.60,66.30,1033.
2021-02-28 15:00:00,53.62,,27.65,39.39,46.89,7.78,65.46,1033.
2021-02-28 15:15:00,53.26,,28.92,41.44,49.78,7.68,66.77,1033.
2021-02-28 15:30:00,50.40,,29.63,42.63,51.25,7.67,67.18,1033.
2021-02-28 15:45:00,50.49,,29.86,42.73,51.51,7.72,66.81,1033.
2021-02-28 16:00:00,53.73,,29.86,42.73,51.17,7.50,67.95,1033.
2021-02-28 16:15:00,53.39,,29.15,41.89,50.18,7.41,68.54,1032.
2021-02-28 16:30:00,55.65,,29.07,41.99,50.45,7.16,70.40,1032.
2021-02-28 16:45:00,55.49,,28.08,40.52,48.35,7.09,71.04,1032.
2021-02-28 17:00:00,49.91,,26.38,37.01,43.40,7.40,68.74,1032.
2021-02-28 17:15:00,50.70,,26.48,37.03,43.42,7.52,67.45,1032.
2021-02-28 17:30:00,49.35,,26.04,36.74,42.99,7.47,67.61,1032.
2021-02-28 17:45:00,51.03,,25.77,36.86,43.38,7.29,68.46,1032.
2021-02-28 18:00:00,48.60,,27.20,38.86,46.34,7.24,68.55,1032.
2021-02-28 18:15:00,49.76,,27.06,38.77,46.31,7.11,67.93,1032.
2021-02-28 18:30:00,47.08,,27.53,39.73,47.40,7.05,69.09,1032.
2021-02-28 18:45:00,44.06,,27.33,39.21,47.00,7.06,70.39,1032.
2021-02-28 19:00:00,43.85,,29.06,41.94,50.41,7.03,71.10,1032.
2021-02-28 19:15:00,42.37,,30.79,44.49,54.26,6.99,71.58,1032.
2021-02-28 19:30:00,43.24,,31.25,45.50,55.42,6.92,72.06,1032.
2021-02-28 19:45:00,47.72,,28.58,42.27,51.11,6.82,72.62,1032.
2021-02-28 20:00:00,50.04,,27.36,40.19,48.28,6.79,72.98,1032.
2021-02-28 20:15:00,50.80,,26.50,39.08,46.86,6.74,73.45,1032.
2021-02-28 20:30:00,55.49,,26.56,39.30,47.17,6.60,74.05,1032.
2021-02-28 20:45:00,60.09,,26.50,39.41,47.39,6.30,76.26,1032.
2021-02-28 21:00:00,54.89,,25.66,38.08,45.38,6.53,74.46,1032.
2021-02-28 21:15:00,57.91,,25.37,37.81,45.02,6.46,75.12,1032.
2021-02-28 21:30:00,55.65,,26.02,38.68,46.21,6.45,75.34,1032.
2021-02-28 21:45:00,49.57,,27.87,41.60,49.87,6.61,74.42,1032.
2021-02-28 22:00:00,48.71,,28.67,43.04,52.31,6.64,73.93,1032.
2021-02-28 22:15:00,53.61,,30.27,45.42,55.60,6.39,75.60,1032.
2021-02-28 22:30:00,52.78,,33.89,50.85,63.44,5.89,80.26,1032.
2021-02-28 22:45:00,51.47,,34.36,51.42,64.03,5.94,79.96,1032.
2021-02-28 23:00:00,51.30,,34.68,51.74,64.24,6.01,79.24,1032.
2021-02-28 23:15:00,50.98,,41.11,61.93,72.33,5.96,79.62,1032.
2021-02-28 23:30:00,51.28,,38.50,57.04,68.95,5.82,80.93,1032.
2021-02-28 23:45:00,48.96,,39.15,57.73,69.37,5.95,79.60,1032.
2021-03-01 00:00:00,50.27,,40.35,59.25,70.29,5.66,82.35,1032.
2021-03-01 00:15:00,50.55,,40.70,60.50,71.31,5.62,82.74,1032.
2021-03-01 00:30:00,49.38,,42.49,63.26,72.76,5.62,82.88,1032.
2021-03-01 00:45:00,47.34,,44.92,67.47,75.21,5.44,85.12,1032.
2021-03-01 01:00:00,46.91,,45.51,68.58,75.99,5.23,86.99,1032.
2021-03-01 01:15:00,50.06,,42.84,65.76,74.02,5.19,87.39,1032.
2021-03-01 01:30:00,51.09,,40.52,63.23,72.99,5.27,86.70,1032.
2021-03-01 01:45:00,51.56,,39.50,61.78,71.90,5.24,86.83,1032.
2021-03-01 02:00:00,51.88,,39.90,62.67,72.67,5.02,89.11,1032.
2021-03-01 02:15:00,52.65,,39.17,62.21,72.20,5.12,88.17,1032.
2021-03-01 02:30:00,53.62,,38.59,61.19,71.64,4.99,89.57,1031.
2021-03-01 02:45:00,53.30,,37.43,59.27,70.50,4.97,89.80,1031.
2021-03-01 03:00:00,52.90,,36.14,57.24,68.93,4.95,89.82,1031.
2021-03-01 03:15:00,52.63,,34.98,55.56,68.00,4.92,89.69,1031.
2021-03-01 03:30:00,53.64,,33.90,53.32,66.27,5.06,88.08,1031.
2021-03-01 03:45:00,52.13,,35.09,55.17,67.68,5.21,85.89,1031.
2021-03-01 04:00:00,54.46,,34.59,54.10,66.71,4.98,87.72,1031.
2021-03-01 04:15:00,56.08,,34.50,54.13,66.84,4.81,89.12,1031.
2021-03-01 04:30:00,55.59,,34.61,54.03,66.85,4.95,87.00,1031.
2021-03-01 04:45:00,57.32,,33.77,52.30,65.06,4.83,88.09,1031.
2021-03-01 05:00:00,58.96,,33.11,50.94,63.49,4.87,87.30,1031.
2021-03-01 05:15:00,59.68,,32.81,50.29,62.37,4.89,86.91,1031.
2021-03-01 05:30:00,60.88,,32.48,49.94,62.19,4.71,88.57,1031.
2021-03-01 05:45:00,60.44,,31.81,49.02,60.79,4.55,90.62,1031.
2021-03-01 06:00:00,60.51,,31.23,47.82,59.03,4.47,91.49,1031.
2021-03-01 06:15:00,60.48,,30.83,47.27,58.34,4.44,91.71,1031.
2021-03-01 06:30:00,54.92,,32.18,49.22,60.96,4.60,89.72,1031.
2021-03-01 06:45:00,55.17,,32.85,50.16,62.36,4.60,89.33,1031.
2021-03-01 07:00:00,53.65,,32.70,49.73,61.72,4.42,91.10,1031.
2021-03-01 07:15:00,52.51,,32.02,48.68,60.38,4.45,90.57,1031.
2021-03-01 07:30:00,53.55,,31.03,47.02,57.86,4.41,91.24,1031.
2021-03-01 07:45:00,50.16,,29.26,44.37,54.14,5.62,79.81,1030.
2021-03-01 08:00:00,51.62,,26.58,39.45,47.08,7.18,66.92,1031.
2021-03-01 08:15:00,51.13,,26.84,40.47,48.54,7.52,64.68,1031.
2021-03-01 08:30:00,46.95,,28.56,43.54,52.60,8.45,59.77,1030.
2021-03-01 08:45:00,48.22,,29.14,44.10,53.52,8.85,57.14,1030.
2021-03-01 09:00:00,50.94,,28.35,43.02,51.89,8.37,59.30,1030.
2021-03-01 09:15:00,51.56,,26.10,39.09,46.36,8.51,58.29,1030.
2021-03-01 09:30:00,52.11,,26.30,39.15,46.73,8.20,59.95,1030.
2021-03-01 09:45:00,56.88,,25.47,37.57,44.59,7.31,65.23,1030.
2021-03-01 10:00:00,59.87,,24.84,37.15,44.15,6.59,70.38,1030.
2021-03-01 10:15:00,48.92,,29.29,44.30,54.25,6.67,71.87,1030.
2021-03-01 10:30:00,50.96,,28.77,43.67,53.08,6.76,72.01,1030.
2021-03-01 10:45:00,48.93,,25.98,38.85,46.31,6.75,72.13,1030.
2021-03-01 11:00:00,56.51,,24.07,35.24,41.23,6.30,74.42,1030.
2021-03-01 11:15:00,56.67,,23.38,34.42,39.61,5.88,79.00,1030.
2021-03-01 11:30:00,52.57,,23.74,35.00,40.71,6.08,78.36,1030.
2021-03-01 11:45:00,52.43,,26.22,39.54,47.22,6.10,78.03,1030.
2021-03-01 12:00:00,54.89,,22.29,32.88,37.08,5.85,80.66,1030.
2021-03-01 12:15:00,50.29,,20.35,29.39,31.74,6.19,78.60,1030.
2021-03-01 12:30:00,54.25,,17.24,23.33,24.50,6.28,78.22,1030.
2021-03-01 12:45:00,50.65,,14.42,19.23,20.04,6.47,77.58,1030.
2021-03-01 13:00:00,46.11,,13.25,17.41,18.21,6.64,77.00,1030.
2021-03-01 13:15:00,47.28,,10.93,14.12,15.05,7.02,72.81,1029.
2021-03-01 13:30:00,46.65,,9.50,11.89,12.42,6.93,73.20,1029.
2021-03-01 13:45:00,45.68,,9.40,11.76,12.29,6.94,73.19,1029.
2021-03-01 14:00:00,46.06,,10.36,12.73,13.45,7.04,72.75,1029.
2021-03-01 14:15:00,45.76,,10.93,13.74,14.27,6.96,73.67,1029.
2021-03-01 14:30:00,52.38,,11.98,14.87,15.44,6.72,75.09,1029.
2021-03-01 14:45:00,51.49,,12.41,15.63,16.51,6.48,77.63,1028.
2021-03-01 15:00:00,47.27,,12.40,15.49,16.27,6.81,75.32,1028.
2021-03-01 15:15:00,50.01,,13.50,16.97,17.85,6.77,75.17,1028.
2021-03-01 15:30:00,51.63,,13.62,16.90,17.50,6.71,75.37,1028.
2021-03-01 15:45:00,56.61,,14.48,18.39,19.34,6.31,78.50,1028.
2021-03-01 16:00:00,58.01,,14.56,18.40,19.02,6.07,81.50,1028.
2021-03-01 16:15:00,55.76,,15.31,19.53,20.41,6.00,83.21,1028.
2021-03-01 16:30:00,50.70,,16.17,20.77,21.51,6.11,82.38,1028.
2021-03-01 16:45:00,53.45,,18.32,24.59,25.68,5.97,83.24,1028.
2021-03-01 17:00:00,56.63,,19.61,27.14,28.48,5.66,85.93,1028.
2021-03-01 17:15:00,56.08,,20.74,28.93,30.83,5.37,89.03,1028.
2021-03-01 17:30:00,54.81,,21.32,30.23,32.74,5.30,89.25,1028.
2021-03-01 17:45:00,57.67,,21.98,31.32,34.56,5.06,91.00,1028.
2021-03-01 18:00:00,62.74,,22.52,32.99,37.17,4.55,95.71,1028.
2021-03-01 18:15:00,57.53,,22.18,32.86,37.31,4.65,94.16,1028.
2021-03-01 18:30:00,59.35,,21.91,32.14,35.54,4.72,91.99,1028.
2021-03-01 18:45:00,71.90,,23.28,34.62,39.70,4.06,98.61,1029.
2021-03-01 19:00:00,76.32,,23.88,35.90,41.89,3.80,100.0,1029.
2021-03-01 19:15:00,74.63,,24.26,35.96,41.97,3.76,100.0,1029.
2021-03-01 19:30:00,80.79,,24.38,35.94,41.90,3.69,100.0,1029.
2021-03-01 19:45:00,89.88,,23.69,34.58,39.53,3.81,100.0,1029.
2021-03-01 20:00:00,82.98,,24.31,35.41,40.75,3.78,100.0,1029.
2021-03-01 20:15:00,72.74,,22.73,33.24,37.36,4.09,97.42,1029.
2021-03-01 20:30:00,74.62,,23.19,33.67,37.93,4.30,93.99,1029.
2021-03-01 20:45:00,72.49,,25.46,37.36,43.85,4.14,95.44,1028.
2021-03-01 21:00:00,79.49,,27.08,41.56,49.87,3.96,98.11,1028.
2021-03-01 21:15:00,85.73,,28.51,44.14,53.12,3.70,100.0,1028.
2021-03-01 21:30:00,78.79,,27.86,43.30,51.93,3.64,100.0,1028.
2021-03-01 21:45:00,77.55,,27.46,42.65,51.15,3.78,100.0,1029.
2021-03-01 22:00:00,70.77,,28.24,44.66,54.22,3.91,99.41,1029.
2021-03-01 22:15:00,64.71,,28.06,45.48,55.77,4.16,96.06,1029.
2021-03-01 22:30:00,66.35,,31.04,51.94,64.18,4.12,95.50,1029.
2021-03-01 22:45:00,75.05,,30.20,51.12,63.51,3.84,98.97,1029.
2021-03-01 23:00:00,73.88,,28.66,48.29,60.04,3.72,100.0,1029.
2021-03-01 23:15:00,72.42,,28.46,49.29,62.00,3.85,100.0,1029.
2021-03-01 23:30:00,76.85,,30.20,53.90,67.02,3.71,100.0,1029.
2021-03-01 23:45:00,73.22,,30.14,54.13,67.56,3.79,100.0,1029.
2021-03-02 00:00:00,74.83,,28.43,49.53,62.07,3.89,98.37,1029.
2021-03-02 00:15:00,74.98,,28.08,48.40,60.29,4.08,95.99,1029.
2021-03-02 00:30:00,66.60,,26.34,44.76,54.88,4.32,94.06,1029.
2021-03-02 00:45:00,70.73,,26.26,44.44,54.37,4.31,93.91,1029.
2021-03-02 01:00:00,73.30,,26.38,44.04,53.64,4.33,93.62,1029.
2021-03-02 01:15:00,70.53,,25.11,42.43,51.45,4.49,92.12,1029.
2021-03-02 01:30:00,73.11,,24.78,41.71,50.46,4.55,91.06,1029.
2021-03-02 01:45:00,74.23,,24.74,42.30,51.18,4.52,91.38,1029.
2021-03-02 02:00:00,81.85,,28.33,49.12,61.18,4.09,95.89,1029.
2021-03-02 02:15:00,83.55,,26.27,44.50,54.21,4.05,96.29,1029.
2021-03-02 02:30:00,73.35,,26.84,45.95,56.69,4.28,93.00,1029.
2021-03-02 02:45:00,72.78,,29.07,50.36,62.89,4.34,91.96,1028.
2021-03-02 03:00:00,65.10,,30.38,53.90,67.46,4.23,93.44,1028.
2021-03-02 03:15:00,72.60,,27.80,49.87,63.27,4.30,92.05,1028.
2021-03-02 03:30:00,87.11,,25.14,45.76,58.70,3.73,97.58,1028.
2021-03-02 03:45:00,90.17,,24.91,45.45,57.58,3.54,99.94,1028.
2021-03-02 04:00:00,78.10,,27.60,50.00,63.53,3.83,95.51,1028.
2021-03-02 04:15:00,79.97,,27.85,50.44,64.21,3.77,95.90,1028.
2021-03-02 04:30:00,82.06,,26.84,47.09,58.98,3.77,95.47,1028.
2021-03-02 04:45:00,82.60,,28.59,49.53,61.81,3.68,95.84,1028.
2021-03-02 05:00:00,77.68,,27.67,48.36,60.71,3.80,94.72,1028.
2021-03-02 05:15:00,74.27,,27.02,46.39,57.91,3.95,92.75,1028.
2021-03-02 05:30:00,80.17,,29.18,50.33,63.03,3.95,92.27,1028.
2021-03-02 05:45:00,81.66,,26.68,46.04,57.38,3.93,92.65,1028.
2021-03-02 06:00:00,82.12,,27.38,47.96,60.32,3.88,92.66,1028.
2021-03-02 06:15:00,78.57,,26.69,46.47,58.27,3.87,93.15,1028.
2021-03-02 06:30:00,82.74,,24.56,42.42,52.21,3.89,92.49,1028.
2021-03-02 06:45:00,92.20,,24.27,41.15,50.33,3.72,94.89,1028.
2021-03-02 07:00:00,99.28,,21.55,36.59,43.66,3.68,95.48,1028.
2021-03-02 07:15:00,107.4,,21.57,37.16,44.39,3.49,97.44,1028.
2021-03-02 07:30:00,149.9,,20.80,35.93,42.99,3.56,96.64,1028.
2021-03-02 07:45:00,83.31,,20.14,34.76,41.01,3.71,94.68,1028.
2021-03-02 08:00:00,92.01,,20.51,35.04,41.22,3.58,95.67,1028.
2021-03-02 08:15:00,90.33,,24.09,41.39,50.56,3.32,98.68,1028.
2021-03-02 08:30:00,81.81,,28.68,48.00,59.53,3.19,100.0,1028.
2021-03-02 08:45:00,69.49,,30.41,52.38,64.96,3.45,96.54,1029.
2021-03-02 09:00:00,72.66,,25.40,43.62,53.50,3.48,96.06,1028.
2021-03-02 09:15:00,76.78,,27.35,47.71,59.04,3.25,99.48,1029.
2021-03-02 09:30:00,73.00,,29.83,51.79,63.80,3.35,98.88,1029.
2021-03-02 09:45:00,78.32,,28.39,49.08,61.11,3.28,99.66,1029.
2021-03-02 10:00:00,81.14,,24.94,43.73,53.79,3.28,100.0,1029.
2021-03-02 10:15:00,82.86,,25.55,44.08,54.54,3.25,100.0,1029.
2021-03-02 10:30:00,80.28,,22.81,39.71,48.24,3.38,99.52,1029.
2021-03-02 10:45:00,94.77,,22.40,39.84,48.58,3.48,98.22,1029.
2021-03-02 11:00:00,91.12,,27.18,47.50,59.41,3.47,98.09,1029.
2021-03-02 11:15:00,80.47,,28.70,49.94,62.39,3.53,97.22,1029.
2021-03-02 11:30:00,82.68,,28.10,48.57,60.68,3.45,98.57,1029.
2021-03-02 11:45:00,81.06,,27.91,47.18,58.65,3.56,97.39,1029.
2021-03-02 12:00:00,74.92,,29.34,50.01,62.78,3.80,94.43,1028.
2021-03-02 12:15:00,77.95,,29.89,51.73,64.56,3.86,93.35,1028.
2021-03-02 12:30:00,85.15,,27.18,45.52,56.37,3.71,94.77,1028.
2021-03-02 12:45:00,74.81,,26.94,45.76,56.78,3.98,92.19,1028.
2021-03-02 13:00:00,80.02,,26.57,44.38,54.78,3.83,93.85,1028.
2021-03-02 13:15:00,80.89,,25.11,42.62,52.34,3.90,93.58,1028.
2021-03-02 13:30:00,82.80,,24.12,41.41,50.81,3.95,93.14,1028.
2021-03-02 13:45:00,80.34,,24.93,42.26,51.73,4.02,92.96,1027.
2021-03-02 14:00:00,81.23,,25.12,42.84,52.31,4.13,91.92,1027.
2021-03-02 14:15:00,77.00,,25.55,43.60,54.08,4.19,92.00,1027.
2021-03-02 14:30:00,77.03,,26.10,44.36,54.90,4.18,92.73,1027.
2021-03-02 14:45:00,69.87,,27.54,47.79,59.71,4.20,93.59,1027.
2021-03-02 15:00:00,69.16,,29.20,52.82,66.84,4.27,93.57,1027.
2021-03-02 15:15:00,71.54,,30.44,55.97,69.47,4.31,93.12,1027.
2021-03-02 15:30:00,69.14,,31.63,61.32,73.08,4.28,93.91,1027.
2021-03-02 15:45:00,67.57,,32.80,66.40,76.14,4.34,93.67,1027.
2021-03-02 16:00:00,70.42,,32.79,65.66,75.62,4.28,94.30,1027.
2021-03-02 16:15:00,67.14,,32.86,66.04,76.09,4.39,93.57,1027.
2021-03-02 16:30:00,67.34,,32.40,63.18,74.16,4.42,93.45,1027.
2021-03-02 16:45:00,61.43,,31.59,57.96,70.76,4.57,92.35,1026.
2021-03-02 17:00:00,61.81,,30.18,52.51,66.31,4.65,91.95,1026.
2021-03-02 17:15:00,63.06,,29.41,50.26,63.26,4.67,91.79,1026.
2021-03-02 17:30:00,63.40,,29.68,50.35,63.66,4.57,93.05,1026.
2021-03-02 17:45:00,59.35,,29.74,50.53,63.83,4.63,92.84,1026.
2021-03-02 18:00:00,55.53,,30.06,50.92,64.64,4.62,94.26,1026.
2021-03-02 18:15:00,60.01,,29.56,50.02,63.29,4.57,94.80,1026.
2021-03-02 18:30:00,64.77,,28.27,47.14,59.42,4.48,94.34,1027.
2021-03-02 18:45:00,62.37,,28.77,47.97,60.32,4.39,95.46,1027.
2021-03-02 19:00:00,54.99,,29.04,48.20,60.46,4.53,93.27,1027.
2021-03-02 19:15:00,53.38,,29.73,49.12,61.81,4.58,92.32,1027.
2021-03-02 19:30:00,50.76,,30.76,50.87,64.68,4.60,92.27,1027.
2021-03-02 19:45:00,51.51,,31.76,53.61,67.81,4.49,93.85,1027.
2021-03-02 20:00:00,54.82,,32.38,57.76,71.18,4.35,96.15,1027.
2021-03-02 20:15:00,54.10,,33.86,64.21,75.25,4.22,98.25,1027.
2021-03-02 20:30:00,54.70,,36.28,71.62,80.58,4.09,99.87,1027.
2021-03-02 20:45:00,47.17,,38.60,74.91,83.70,4.13,99.33,1027.
2021-03-02 21:00:00,57.82,,36.84,73.05,81.60,4.15,98.24,1027.
2021-03-02 21:15:00,62.18,,35.53,69.70,79.22,4.11,98.25,1027.
2021-03-02 21:30:00,67.33,,36.09,70.74,79.94,3.86,100.0,1027.
2021-03-02 21:45:00,67.82,,35.37,69.24,79.20,3.73,100.0,1027.
2021-03-02 22:00:00,67.53,,34.94,67.66,78.05,3.70,100.0,1027.
2021-03-02 22:15:00,69.33,,34.98,66.43,76.96,3.68,100.0,1027.
2021-03-02 22:30:00,61.35,,34.70,66.75,77.34,3.72,100.0,1027.
2021-03-02 22:45:00,64.86,,34.61,66.17,76.86,3.47,100.0,1027.
2021-03-02 23:00:00,62.87,,34.56,65.33,76.19,3.51,100.0,1027.
2021-03-02 23:15:00,65.42,,34.11,63.57,75.12,3.55,100.0,1027.
2021-03-02 23:30:00,65.82,,33.75,62.69,74.60,3.58,100.0,1027.
2021-03-02 23:45:00,62.71,,33.69,62.23,74.46,3.60,100.0,1027.
2021-03-03 00:00:00,63.52,,33.70,62.20,74.33,3.67,100.0,1027.
2021-03-03 00:15:00,63.93,,33.76,63.06,74.96,3.74,100.0,1027.
2021-03-03 00:30:00,60.77,,35.37,68.46,79.11,3.84,100.0,1027.
2021-03-03 00:45:00,60.01,,36.08,71.10,81.78,3.82,100.0,1027.
2021-03-03 01:00:00,61.32,,36.36,72.00,83.13,3.79,100.0,1027.
2021-03-03 01:15:00,62.95,,36.09,72.29,83.96,3.79,100.0,1027.
2021-03-03 01:30:00,67.09,,35.61,70.37,82.81,3.53,100.0,1027.
2021-03-03 01:45:00,64.83,,36.13,72.65,85.62,3.61,100.0,1026.
2021-03-03 02:00:00,63.91,,37.03,74.19,86.85,3.75,100.0,1026.
2021-03-03 02:15:00,64.81,,36.52,72.75,85.15,3.78,100.0,1026.
2021-03-03 02:30:00,67.43,,38.82,78.44,91.72,3.51,100.0,1026.
2021-03-03 02:45:00,66.32,,40.15,82.21,97.16,3.47,100.0,1026.
2021-03-03 03:00:00,68.24,,39.57,80.74,96.20,3.41,100.0,1026.
2021-03-03 03:15:00,65.83,,40.18,81.71,97.20,3.52,100.0,1026.
2021-03-03 03:30:00,66.90,,39.32,80.64,94.82,3.45,100.0,1026.
2021-03-03 03:45:00,64.17,,41.54,85.70,100.9,3.51,100.0,1026.
2021-03-03 04:00:00,62.87,,40.31,83.95,98.97,3.71,100.0,1026.
2021-03-03 04:15:00,62.56,,38.85,82.87,99.05,3.76,100.0,1026.
2021-03-03 04:30:00,62.97,,41.49,86.32,101.0,3.80,100.0,1026.
2021-03-03 04:45:00,63.62,,40.23,83.03,97.11,3.71,100.0,1026.
2021-03-03 05:00:00,62.44,,39.25,82.36,96.50,3.88,100.0,1026.
2021-03-03 05:15:00,62.19,,42.15,92.21,108.8,3.80,100.0,1026.
2021-03-03 05:30:00,65.36,,41.02,88.51,105.5,3.69,100.0,1026.
2021-03-03 05:45:00,64.90,,41.42,91.43,111.0,3.67,100.0,1026.
2021-03-03 06:00:00,61.43,,38.43,83.44,100.5,3.85,100.0,1026.
2021-03-03 06:15:00,59.08,,41.37,90.26,108.2,3.54,100.0,1026.
2021-03-03 06:30:00,62.98,,42.55,93.01,111.0,3.63,100.0,1026.
2021-03-03 06:45:00,64.56,,39.83,86.75,103.7,3.70,100.0,1026.
2021-03-03 07:00:00,63.72,,36.89,80.35,96.92,3.88,100.0,1026.
2021-03-03 07:15:00,64.71,,35.92,78.26,96.22,3.90,99.34,1026.
2021-03-03 07:30:00,64.95,,35.93,78.81,98.54,3.74,100.0,1026.
2021-03-03 07:45:00,61.76,,35.99,78.60,96.69,3.77,100.0,1026.
2021-03-03 08:00:00,62.17,,35.12,74.83,92.99,3.85,99.69,1026.
2021-03-03 08:15:00,64.28,,31.48,58.52,74.02,3.94,98.50,1026.
2021-03-03 08:30:00,62.45,,32.52,64.29,79.76,3.96,98.34,1026.
2021-03-03 08:45:00,61.76,,32.09,62.49,77.35,3.96,98.60,1026.
2021-03-03 09:00:00,59.78,,31.92,60.74,75.82,4.10,97.14,1026.
2021-03-03 09:15:00,58.47,,31.76,61.37,76.59,4.29,94.87,1026.
2021-03-03 09:30:00,59.64,,33.04,67.19,81.42,4.30,94.43,1026.
2021-03-03 09:45:00,60.20,,35.14,76.99,94.47,4.05,97.11,1026.
2021-03-03 10:00:00,64.77,,30.13,56.07,73.26,4.11,96.43,1026.
2021-03-03 10:15:00,63.41,,29.18,52.69,69.81,3.95,98.40,1026.
2021-03-03 10:30:00,59.82,,29.50,54.40,72.04,4.04,97.50,1026.
2021-03-03 10:45:00,61.09,,27.59,49.69,65.96,4.11,96.65,1026.
2021-03-03 11:00:00,60.65,,27.25,49.14,65.44,4.10,97.13,1026.
2021-03-03 11:15:00,59.61,,27.18,48.91,65.38,4.18,96.87,1026.
2021-03-03 11:30:00,59.65,,27.77,50.05,66.96,4.34,94.98,1026.
2021-03-03 11:45:00,60.70,,28.57,52.50,70.42,4.42,94.27,1026.
2021-03-03 12:00:00,58.94,,29.14,52.85,71.06,4.47,93.58,1026.
2021-03-03 12:15:00,57.91,,31.50,62.34,79.93,4.51,93.44,1026.
2021-03-03 12:30:00,57.11,,34.79,76.79,96.79,4.35,95.61,1026.
2021-03-03 12:45:00,55.33,,35.89,78.48,96.01,4.36,95.99,1026.
2021-03-03 13:00:00,56.41,,35.43,74.53,92.09,4.48,94.87,1025.
2021-03-03 13:15:00,58.12,,35.20,73.34,88.67,4.47,95.02,1025.
2021-03-03 13:30:00,56.99,,39.27,84.13,102.4,4.51,94.81,1025.
2021-03-03 13:45:00,57.58,,35.67,76.02,94.24,4.50,95.23,1025.
2021-03-03 14:00:00,55.22,,37.41,80.04,99.22,4.51,95.54,1025.
2021-03-03 14:15:00,57.73,,34.69,70.64,88.35,4.55,94.75,1025.
2021-03-03 14:30:00,59.06,,32.18,61.34,76.53,4.52,95.07,1025.
2021-03-03 14:45:00,53.68,,31.05,56.19,73.14,4.73,92.70,1025.
2021-03-03 15:00:00,51.05,,29.61,51.63,67.31,5.05,88.75,1024.
2021-03-03 15:15:00,48.62,,29.13,49.66,64.63,5.19,86.97,1024.
2021-03-03 15:30:00,42.46,,29.36,50.36,65.98,5.15,87.15,1024.
2021-03-03 15:45:00,49.41,,29.83,51.76,67.92,5.10,87.74,1024.
2021-03-03 16:00:00,54.73,,30.50,52.94,70.12,5.20,86.74,1024.
2021-03-03 16:15:00,55.08,,30.48,53.28,69.63,5.32,85.71,1024.
2021-03-03 16:30:00,55.97,,30.46,53.90,70.50,5.33,85.69,1024.
2021-03-03 16:45:00,54.06,,31.20,56.09,71.91,5.38,85.47,1024.
2021-03-03 17:00:00,49.58,,31.49,56.26,72.33,5.37,85.58,1024.
2021-03-03 17:15:00,54.13,,31.83,58.84,74.84,5.13,87.87,1024.
2021-03-03 17:30:00,55.14,,32.19,60.47,76.17,5.04,88.74,1024.
2021-03-03 17:45:00,53.88,,31.60,58.14,74.40,5.24,86.86,1024.
2021-03-03 18:00:00,50.85,,31.50,57.72,73.81,5.56,83.87,1024.
2021-03-03 18:15:00,46.60,,31.51,57.44,73.29,5.84,81.45,1024.
2021-03-03 18:30:00,47.48,,31.65,58.33,73.98,5.78,81.94,1024.
2021-03-03 18:45:00,45.77,,31.88,57.92,73.80,5.70,82.75,1024.
2021-03-03 19:00:00,45.85,,32.22,58.72,74.33,5.82,81.80,1024.
2021-03-03 19:15:00,46.50,,32.12,57.83,73.27,5.89,81.29,1024.
2021-03-03 19:30:00,49.21,,32.34,57.98,73.37,5.71,82.70,1024.
2021-03-03 19:45:00,47.67,,32.05,56.99,72.49,5.57,84.40,1024.
2021-03-03 20:00:00,49.69,,32.75,58.78,74.10,5.41,85.88,1024.
2021-03-03 20:15:00,50.47,,32.73,59.40,74.18,5.39,86.23,1024.
2021-03-03 20:30:00,51.70,,32.19,56.94,72.69,5.32,86.70,1024.
2021-03-03 20:45:00,52.60,,32.41,58.60,73.73,5.17,87.81,1024.
2021-03-03 21:00:00,56.14,,32.33,59.77,76.17,4.68,92.09,1024.
2021-03-03 21:15:00,58.57,,32.00,57.84,74.70,4.33,95.17,1024.
2021-03-03 21:30:00,56.72,,31.61,56.89,73.81,4.38,94.77,1024.
2021-03-03 21:45:00,60.58,,30.97,54.71,72.19,4.28,95.57,1024.
2021-03-03 22:00:00,63.98,,30.74,54.52,71.71,4.08,97.80,1024.
2021-03-03 22:15:00,63.08,,30.49,52.75,70.61,4.03,98.40,1024.
2021-03-03 22:30:00,62.86,,30.51,52.91,70.06,4.09,97.18,1024.
2021-03-03 22:45:00,65.75,,30.29,52.31,69.39,3.96,98.21,1024.
2021-03-03 23:00:00,65.81,,30.06,52.43,69.31,4.01,97.25,1024.
2021-03-03 23:15:00,67.77,,30.50,53.99,70.64,3.96,97.71,1024.
2021-03-03 23:30:00,66.73,,29.96,52.51,69.73,4.10,96.09,1024.
2021-03-03 23:45:00,71.17,,30.07,52.55,69.74,4.02,96.74,1024.
2021-03-04 00:00:00,73.78,,30.49,53.03,70.33,3.99,97.05,1024.
2021-03-04 00:15:00,74.63,,30.38,52.33,69.24,3.93,97.34,1024.
2021-03-04 00:30:00,78.25,,29.83,51.52,67.70,3.90,96.94,1024.
2021-03-04 00:45:00,77.41,,29.96,51.32,67.73,3.88,96.94,1024.
2021-03-04 01:00:00,75.41,,30.14,51.94,68.20,3.82,97.70,1024.
2021-03-04 01:15:00,76.18,,30.29,51.90,68.13,3.90,96.84,1024.
2021-03-04 01:30:00,76.53,,29.87,51.71,67.71,4.04,95.12,1024.
2021-03-04 01:45:00,79.20,,30.30,52.16,67.94,4.06,94.74,1024.
2021-03-04 02:00:00,80.14,,29.76,51.50,67.16,4.11,94.65,1024.
2021-03-04 02:15:00,89.03,,29.18,50.42,65.97,4.37,91.40,1024.
2021-03-04 02:30:00,72.13,,28.37,49.44,64.23,4.26,92.57,1024.
2021-03-04 02:45:00,76.37,,27.55,47.89,62.25,4.19,93.31,1024.
2021-03-04 03:00:00,77.88,,27.18,46.66,60.70,4.13,94.04,1024.
2021-03-04 03:15:00,71.62,,26.09,45.19,57.96,4.61,89.34,1024.
2021-03-04 03:30:00,68.91,,25.63,44.71,57.36,5.18,83.04,1024.
2021-03-04 03:45:00,72.36,,24.80,43.45,54.92,5.19,82.11,1024.
2021-03-04 04:00:00,70.98,,25.16,44.22,56.69,4.91,84.92,1024.
2021-03-04 04:15:00,69.93,,24.20,42.77,54.08,5.00,84.10,1024.
2021-03-04 04:30:00,75.87,,22.80,40.59,50.74,4.93,84.62,1024.
2021-03-04 04:45:00,74.15,,21.98,39.32,49.43,5.09,83.04,1024.
2021-03-04 05:00:00,78.38,,21.74,38.05,47.62,4.97,83.69,1024.
2021-03-04 05:15:00,73.89,,21.09,37.37,46.48,5.18,81.76,1024.
2021-03-04 05:30:00,83.69,,20.20,35.26,43.32,4.83,84.30,1024.
2021-03-04 05:45:00,83.68,,19.96,34.84,42.58,4.68,85.85,1024.
2021-03-04 06:00:00,87.50,,19.24,33.75,41.16,4.58,86.52,1024.
2021-03-04 06:15:00,91.56,,18.96,33.53,40.68,4.46,87.22,1024.
2021-03-04 06:30:00,85.71,,18.19,31.69,36.75,4.81,83.37,1024.
2021-03-04 06:45:00,83.06,,17.25,30.10,34.59,4.84,82.28,1024.
2021-03-04 07:00:00,82.19,,16.52,29.04,32.82,4.96,80.85,1024.
2021-03-04 07:15:00,84.17,,16.28,28.12,31.56,4.81,82.29,1024.
2021-03-04 07:30:00,76.10,,14.27,23.86,26.34,5.13,79.64,1024.
2021-03-04 07:45:00,75.07,,12.87,20.84,22.33,5.29,77.68,1024.
2021-03-04 08:00:00,79.67,,13.29,21.93,23.72,5.19,78.46,1024.
2021-03-04 08:15:00,67.34,,14.04,22.90,25.18,5.32,77.75,1024.
2021-03-04 08:30:00,61.59,,13.45,20.60,22.15,5.53,76.34,1025.
2021-03-04 08:45:00,58.76,,13.64,21.66,23.59,5.83,74.57,1025.
2021-03-04 09:00:00,61.40,,13.29,20.29,21.52,6.03,72.74,1024.
2021-03-04 09:15:00,70.00,,12.24,19.20,20.46,5.59,76.47,1025.
2021-03-04 09:30:00,65.72,,14.60,23.95,25.73,5.43,78.62,1025.
2021-03-04 09:45:00,67.33,,14.56,23.84,25.63,5.60,76.95,1025.
2021-03-04 10:00:00,62.98,,14.92,24.49,26.07,5.81,75.53,1025.
2021-03-04 10:15:00,62.09,,14.62,23.74,25.51,6.12,73.09,1025.
2021-03-04 10:30:00,82.02,,10.24,15.89,16.87,5.71,75.13,1025.
2021-03-04 10:45:00,83.30,,9.51,14.23,14.89,5.44,77.16,1025.
2021-03-04 11:00:00,73.02,,10.75,15.57,16.41,5.50,76.52,1025.
2021-03-04 11:15:00,71.11,,9.96,14.14,14.86,5.86,73.34,1025.
2021-03-04 11:30:00,65.67,,9.82,14.03,14.88,5.93,73.03,1025.
2021-03-04 11:45:00,80.03,,8.10,10.96,11.57,5.61,74.74,1025.
2021-03-04 12:00:00,74.44,,8.21,10.80,11.27,5.66,74.75,1025.
2021-03-04 12:15:00,62.50,,8.96,11.82,12.28,5.96,72.86,1025.
2021-03-04 12:30:00,55.45,,11.22,15.46,16.14,6.39,71.48,1025.
2021-03-04 12:45:00,59.37,,10.42,13.62,14.26,6.58,69.65,1025.
2021-03-04 13:00:00,59.03,,9.98,12.70,13.21,6.45,70.61,1025.
2021-03-04 13:15:00,54.38,,10.17,12.96,13.58,6.72,69.07,1025.
2021-03-04 13:30:00,60.97,,8.81,10.73,11.29,6.64,68.52,1025.
2021-03-04 13:45:00,70.46,,8.25,10.28,10.90,6.21,71.04,1025.
2021-03-04 14:00:00,70.54,,9.08,11.02,11.68,6.22,71.16,1025.
2021-03-04 14:15:00,69.17,,9.61,11.64,12.14,6.38,70.13,1025.
2021-03-04 14:30:00,64.55,,9.78,12.18,12.78,6.56,68.92,1025.
2021-03-04 14:45:00,57.54,,9.17,10.61,10.90,7.11,65.41,1025.
2021-03-04 15:00:00,52.29,,11.72,14.36,15.01,7.26,64.99,1024.
2021-03-04 15:15:00,52.72,,10.40,12.49,12.84,7.38,64.12,1024.
2021-03-04 15:30:00,55.74,,7.75,9.42,9.93,7.17,67.30,1025.
2021-03-04 15:45:00,55.31,,6.97,8.78,9.34,6.82,72.22,1025.
2021-03-04 16:00:00,54.33,,7.23,8.79,9.39,6.82,72.03,1025.
2021-03-04 16:15:00,54.57,,7.01,8.88,9.66,6.79,71.73,1025.
2021-03-04 16:30:00,64.10,,4.14,5.22,5.60,6.56,74.51,1025.
2021-03-04 16:45:00,59.12,,3.09,3.80,4.39,6.53,77.02,1025.
2021-03-04 17:00:00,61.38,,4.11,4.86,5.24,6.30,79.55,1025.
2021-03-04 17:15:00,90.35,,1.47,1.64,1.93,5.04,90.46,1025.
2021-03-04 17:30:00,86.97,,2.93,3.29,3.64,4.63,96.26,1025.
2021-03-04 17:45:00,95.36,,3.28,3.99,5.13,4.47,96.24,1026.
2021-03-04 18:00:00,99.30,,4.23,5.49,7.26,4.28,96.85,1026.
2021-03-04 18:15:00,107.7,,3.40,4.28,5.68,4.29,91.98,1026.
2021-03-04 18:30:00,124.9,,2.83,3.56,5.11,4.18,90.31,1026.
2021-03-04 18:45:00,126.2,,2.43,3.28,4.47,4.14,88.89,1026.
2021-03-04 19:00:00,120.0,,1.98,2.63,3.69,4.12,87.17,1026.
2021-03-04 19:15:00,121.6,,1.99,2.60,3.86,4.16,85.70,1026.
2021-03-04 19:30:00,110.5,,1.99,2.55,3.42,4.24,83.79,1027.
2021-03-04 19:45:00,115.1,,1.93,2.47,3.19,4.26,82.85,1027.
2021-03-04 20:00:00,122.2,,1.34,1.73,2.69,4.08,84.33,1027.
2021-03-04 20:15:00,116.0,,1.57,1.89,2.65,4.13,84.40,1027.
2021-03-04 20:30:00,114.8,,1.69,2.23,3.09,4.13,84.45,1027.
2021-03-04 20:45:00,106.9,,1.64,2.02,2.84,4.14,84.13,1027.
2021-03-04 21:00:00,107.4,,1.26,1.62,2.25,4.22,83.66,1027.
2021-03-04 21:15:00,102.8,,1.30,1.67,2.16,4.40,81.88,1028.
2021-03-04 21:30:00,91.28,,1.97,2.31,3.30,4.74,78.22,1028.
2021-03-04 21:45:00,85.56,,1.99,2.47,3.00,4.99,75.64,1028.
2021-03-04 22:00:00,86.59,,2.45,2.82,3.66,4.99,74.94,1028.
2021-03-04 22:15:00,89.20,,2.81,3.29,3.93,4.77,76.45,1028.
2021-03-04 22:30:00,90.03,,2.67,3.27,3.94,4.56,77.90,1028.
2021-03-04 22:45:00,84.98,,4.26,5.29,6.16,4.64,77.32,1028.
2021-03-04 23:00:00,82.83,,3.90,4.81,5.77,4.73,76.48,1029.
2021-03-04 23:15:00,92.32,,2.13,2.63,3.36,4.67,77.12,1029.
2021-03-04 23:30:00,98.91,,1.67,2.10,3.17,4.33,79.47,1029.
2021-03-04 23:45:00,97.25,,1.65,2.02,2.93,4.36,78.37,1029.
2021-03-05 00:00:00,86.66,,2.04,2.56,3.35,4.46,77.30,1029.
2021-03-05 00:15:00,79.63,,2.27,3.16,4.21,4.69,74.79,1029.
2021-03-05 00:30:00,76.57,,2.14,2.77,3.69,4.68,74.59,1029.
2021-03-05 00:45:00,74.67,,2.46,2.95,3.67,4.71,74.73,1029.
2021-03-05 01:00:00,98.01,,1.37,1.78,2.47,4.31,75.31,1029.
2021-03-05 01:15:00,92.57,,1.48,1.89,2.68,4.46,74.93,1029.
2021-03-05 01:30:00,77.02,,1.55,1.93,2.79,4.87,73.66,1029.
2021-03-05 01:45:00,79.36,,2.68,3.36,4.20,4.87,74.45,1029.
2021-03-05 02:00:00,79.25,,2.80,3.38,4.35,4.78,75.61,1029.
2021-03-05 02:15:00,96.55,,2.14,2.58,3.32,4.55,74.78,1029.
2021-03-05 02:30:00,126.2,,0.65,0.84,1.69,4.42,71.81,1029.
2021-03-05 02:45:00,111.1,,0.43,0.62,1.19,4.71,70.24,1029.
2021-03-05 03:00:00,100.4,,0.37,0.50,1.24,4.95,68.48,1029.
2021-03-05 03:15:00,101.7,,0.61,0.77,1.36,5.02,67.87,1029.
2021-03-05 03:30:00,77.37,,0.75,0.90,1.50,5.01,69.54,1029.
2021-03-05 03:45:00,76.57,,1.21,1.57,2.46,5.29,69.54,1029.
2021-03-05 04:00:00,73.59,,3.28,4.04,4.80,5.43,70.69,1029.
2021-03-05 04:15:00,82.53,,4.16,4.90,5.92,4.94,74.80,1029.
2021-03-05 04:30:00,87.00,,4.09,4.90,5.72,4.77,76.45,1029.
2021-03-05 04:45:00,79.94,,4.35,5.26,6.16,4.82,76.93,1030.
2021-03-05 05:00:00,78.89,,4.50,5.42,6.33,4.86,76.65,1030.
2021-03-05 05:15:00,83.26,,3.68,4.49,5.92,4.69,77.00,1030.
2021-03-05 05:30:00,77.59,,3.00,3.74,4.23,4.99,74.65,1030.
2021-03-05 05:45:00,82.68,,2.14,2.59,3.19,4.88,74.29,1030.
2021-03-05 06:00:00,86.67,,1.58,1.93,2.52,4.80,74.26,1030.
2021-03-05 06:15:00,102.8,,0.91,1.08,1.67,4.60,74.80,1030.
2021-03-05 06:30:00,98.30,,1.04,1.28,1.83,4.55,76.09,1030.
2021-03-05 06:45:00,83.63,,1.39,1.58,2.00,4.75,74.13,1030.
2021-03-05 07:00:00,95.31,,0.74,0.81,1.29,4.79,72.62,1030.
2021-03-05 07:15:00,91.82,,0.48,0.56,1.08,4.76,72.21,1030.
2021-03-05 07:30:00,97.69,,0.07,0.19,0.56,4.81,69.84,1030.
2021-03-05 07:45:00,84.57,,0.11,0.20,0.42,5.05,68.29,1031.
2021-03-05 08:00:00,87.39,,0.07,0.19,0.69,5.04,68.09,1031.
2021-03-05 08:15:00,77.69,,0.02,0.07,0.43,5.32,66.14,1031.
2021-03-05 08:30:00,83.90,,0.11,0.18,0.67,4.95,69.27,1031.
2021-03-05 08:45:00,74.00,,0.47,0.61,1.09,5.15,68.75,1031.
2021-03-05 09:00:00,81.42,,0.11,0.17,0.60,5.18,68.39,1031.
2021-03-05 09:15:00,86.42,,0.29,0.44,0.82,5.02,69.09,1031.
2021-03-05 09:30:00,82.46,,0.37,0.44,0.76,5.14,68.46,1031.
2021-03-05 09:45:00,87.70,,0.31,0.51,0.89,5.24,67.08,1031.
2021-03-05 10:00:00,102.8,,0.39,0.48,0.96,5.06,66.08,1031.
2021-03-05 10:15:00,101.2,,0.46,0.64,0.91,4.91,67.47,1031.
2021-03-05 10:30:00,99.66,,0.17,0.23,0.64,4.75,69.13,1032.
2021-03-05 10:45:00,117.6,,0.03,0.08,0.21,4.57,70.16,1032.
2021-03-05 11:00:00,101.1,,0.15,0.21,0.54,4.66,69.63,1032.
2021-03-05 11:15:00,104.5,,0.13,0.16,0.29,4.76,68.59,1032.
2021-03-05 11:30:00,87.82,,0.34,0.39,0.93,4.76,69.23,1032.
2021-03-05 11:45:00,90.55,,0.44,0.53,1.05,4.94,68.75,1032.
2021-03-05 12:00:00,85.37,,1.15,1.41,1.94,5.05,68.62,1032.
2021-03-05 12:15:00,81.82,,1.35,1.56,2.07,5.23,67.23,1032.
2021-03-05 12:30:00,87.91,,0.97,1.16,1.50,5.32,66.10,1032.
2021-03-05 12:45:00,102.7,,1.36,1.50,1.93,5.04,68.11,1032.
2021-03-05 13:00:00,86.15,,1.68,1.93,2.34,5.16,67.73,1032.
2021-03-05 13:15:00,87.53,,2.61,2.89,3.26,5.25,66.72,1032.
2021-03-05 13:30:00,86.53,,3.69,3.95,4.42,5.35,64.83,1032.
2021-03-05 13:45:00,103.1,,4.21,4.34,4.80,5.18,65.68,1032.
2021-03-05 14:00:00,110.8,,4.83,5.13,5.52,5.35,64.61,1032.
2021-03-05 14:15:00,89.32,,5.32,5.69,6.23,5.37,64.33,1032.
2021-03-05 14:30:00,81.59,,5.66,5.92,6.34,5.29,64.97,1032.
2021-03-05 14:45:00,90.67,,6.62,6.95,7.19,5.57,63.53,1032.
2021-03-05 15:00:00,74.75,,5.76,6.09,6.57,5.63,63.16,1032.
2021-03-05 15:15:00,386.8,,6.80,7.18,7.35,5.52,63.46,1032.
2021-03-05 15:30:00,941.7,,7.71,8.20,8.74,5.21,64.87,1032.
2021-03-05 15:45:00,350.0,,7.21,7.67,8.00,5.24,65.26,1032.
2021-03-05 16:00:00,71.07,,6.25,6.93,7.21,5.61,62.83,1032.
2021-03-05 16:15:00,74.95,,6.21,6.61,6.92,5.59,62.94,1031.
2021-03-05 16:30:00,67.57,,10.24,11.08,11.40,5.67,63.51,1031.
2021-03-05 16:45:00,64.08,,8.99,9.69,10.04,6.02,61.67,1032.
2021-03-05 17:00:00,78.08,,7.25,7.77,8.18,5.27,64.70,1032.
2021-03-05 17:15:00,72.94,,6.75,7.30,7.60,5.22,65.28,1032.
2021-03-05 17:30:00,70.96,,7.10,7.64,8.05,5.36,64.55,1032.
2021-03-05 17:45:00,69.37,,6.76,7.32,7.68,5.40,64.09,1032.
2021-03-05 18:00:00,71.85,,7.53,8.26,8.64,5.52,62.82,1032.
2021-03-05 18:15:00,60.79,,9.81,10.71,11.14,5.58,62.58,1032.
2021-03-05 18:30:00,65.36,,13.01,14.59,14.91,5.65,61.98,1032.
2021-03-05 18:45:00,63.70,,12.85,14.43,14.88,5.68,61.89,1032.
2021-03-05 19:00:00,58.44,,13.37,15.37,15.83,5.76,61.65,1032.
2021-03-05 19:15:00,63.23,,13.67,15.89,16.68,5.61,62.41,1032.
2021-03-05 19:30:00,56.63,,15.96,19.05,19.80,5.37,64.65,1032.
2021-03-05 19:45:00,58.36,,19.93,25.47,26.31,5.38,64.29,1032.
2021-03-05 20:00:00,67.44,,21.30,28.99,30.36,5.26,63.99,1032.
2021-03-05 20:15:00,62.68,,22.76,32.03,35.01,5.23,64.40,1032.
2021-03-05 20:30:00,59.13,,23.09,32.90,36.37,5.23,64.74,1032.
2021-03-05 20:45:00,63.01,,23.12,33.74,38.02,5.12,65.13,1032.
2021-03-05 21:00:00,65.54,,23.81,36.27,42.25,5.24,64.14,1033.
2021-03-05 21:15:00,65.48,,24.20,37.39,44.16,5.29,63.78,1033.
2021-03-05 21:30:00,63.28,,24.79,38.16,44.88,5.37,63.11,1033.
2021-03-05 21:45:00,60.53,,26.31,39.95,47.75,5.24,64.26,1033.
2021-03-05 22:00:00,59.60,,26.60,40.66,48.65,5.20,64.75,1033.
2021-03-05 22:15:00,58.12,,27.03,41.43,49.54,5.07,65.84,1033.
2021-03-05 22:30:00,58.65,,27.06,42.20,50.76,4.99,66.05,1033.
2021-03-05 22:45:00,58.81,,26.40,41.02,49.27,5.07,65.32,1033.
2021-03-05 23:00:00,57.93,,26.37,41.54,49.66,5.17,64.25,1033.
2021-03-05 23:15:00,65.70,,25.01,39.26,46.74,5.16,65.26,1033.
2021-03-05 23:30:00,62.79,,24.04,37.34,44.10,5.26,66.01,1033.
2021-03-05 23:45:00,55.07,,24.04,37.52,44.52,5.37,65.73,1033.
2021-03-06 00:00:00,51.76,,23.95,37.24,44.02,5.29,66.43,1033.
2021-03-06 00:15:00,52.41,,23.24,35.96,42.22,5.16,67.92,1033.
2021-03-06 00:30:00,51.38,,23.96,37.76,44.79,5.03,68.68,1033.
2021-03-06 00:45:00,50.78,,23.26,36.10,42.34,5.07,67.80,1033.
2021-03-06 01:00:00,55.01,,21.43,33.11,37.50,4.99,68.47,1033.
2021-03-06 01:15:00,53.65,,20.40,31.81,35.37,5.07,68.26,1033.
2021-03-06 01:30:00,51.50,,20.55,31.83,35.09,5.25,67.05,1033.
2021-03-06 01:45:00,49.40,,21.36,33.99,39.36,5.28,67.10,1033.
2021-03-06 02:00:00,51.76,,21.74,35.26,41.51,5.00,68.59,1033.
2021-03-06 02:15:00,50.65,,21.78,35.58,41.98,5.02,68.16,1033.
2021-03-06 02:30:00,51.65,,21.19,34.69,40.57,5.03,67.33,1033.
2021-03-06 02:45:00,50.40,,20.98,34.23,39.31,5.16,66.77,1033.
2021-03-06 03:00:00,51.18,,20.87,33.97,39.14,5.17,67.15,1033.
2021-03-06 03:15:00,48.36,,21.20,34.60,40.37,5.33,66.17,1033.
2021-03-06 03:30:00,48.46,,21.25,34.70,40.57,5.26,66.77,1032.
2021-03-06 03:45:00,41.91,,21.65,35.94,42.58,5.52,67.14,1033.
2021-03-06 04:00:00,43.62,,22.61,37.01,44.14,5.76,65.92,1032.
2021-03-06 04:15:00,45.51,,22.49,37.03,44.28,5.83,64.77,1033.
2021-03-06 04:30:00,45.81,,22.69,37.37,44.43,5.81,64.49,1033.
2021-03-06 04:45:00,44.99,,22.27,36.36,43.00,5.83,64.24,1033.
2021-03-06 05:00:00,48.01,,22.30,35.92,42.12,5.91,62.65,1033.
2021-03-06 05:15:00,49.70,,22.29,36.04,42.29,5.84,62.79,1033.
2021-03-06 05:30:00,53.94,,22.30,35.82,41.89,5.68,63.22,1033.
2021-03-06 05:45:00,57.49,,21.69,34.12,39.43,5.43,63.99,1033.
2021-03-06 06:00:00,51.09,,21.54,34.02,39.21,5.60,63.37,1033.
2021-03-06 06:15:00,48.53,,22.18,34.55,39.99,5.76,62.46,1033.
2021-03-06 06:30:00,49.83,,22.66,35.36,40.98,5.59,63.49,1033.
2021-03-06 06:45:00,50.54,,23.24,36.56,42.97,5.44,64.39,1033.
2021-03-06 07:00:00,48.68,,23.18,36.49,43.08,5.58,63.33,1033.
2021-03-06 07:15:00,48.78,,23.47,36.70,43.42,5.64,63.16,1033.
2021-03-06 07:30:00,46.73,,23.15,36.65,43.54,5.74,62.92,1033.
2021-03-06 07:45:00,42.86,,23.93,37.81,44.99,5.89,62.51,1033.
2021-03-06 08:00:00,42.04,,24.54,38.76,46.12,5.75,63.50,1033.
2021-03-06 08:15:00,42.01,,23.39,37.04,43.86,5.88,63.13,1033.
2021-03-06 08:30:00,43.16,,22.61,36.10,42.16,5.91,63.58,1033.
2021-03-06 08:45:00,44.81,,22.56,35.29,40.93,5.94,63.81,1033.
2021-03-06 09:00:00,46.70,,22.27,34.73,40.54,5.72,65.02,1033.
2021-03-06 09:15:00,46.69,,22.75,35.70,41.74,5.58,66.69,1033.
2021-03-06 09:30:00,44.37,,23.42,37.49,44.31,5.39,66.82,1033.
2021-03-06 09:45:00,37.82,,24.01,39.65,47.43,5.53,65.28,1033.
2021-03-06 10:00:00,38.16,,24.06,38.79,46.14,6.04,62.33,1033.
2021-03-06 10:15:00,42.22,,23.67,37.38,44.16,6.44,59.78,1033.
2021-03-06 10:30:00,48.97,,22.38,34.74,39.98,6.62,57.81,1033.
2021-03-06 10:45:00,52.93,,21.00,32.36,35.96,6.81,55.60,1033.
2021-03-06 11:00:00,65.82,,18.35,26.51,27.56,6.81,53.10,1033.
2021-03-06 11:15:00,69.76,,17.30,24.23,25.14,6.74,52.89,1033.
2021-03-06 11:30:00,64.12,,17.16,23.39,24.48,6.99,52.45,1033.
2021-03-06 11:45:00,71.42,,20.22,28.73,30.19,6.73,52.92,1032.
2021-03-06 12:00:00,72.31,,18.28,24.82,25.89,6.57,53.63,1032.
2021-03-06 12:15:00,84.69,,15.22,18.89,19.41,6.03,56.28,1032.
2021-03-06 12:30:00,84.17,,16.34,20.20,20.87,5.84,57.53,1032.
2021-03-06 12:45:00,63.01,,17.88,22.60,23.33,6.11,56.29,1032.
2021-03-06 13:00:00,64.06,,17.68,22.21,22.68,6.42,54.92,1032.
2021-03-06 13:15:00,71.57,,16.83,20.84,21.43,6.48,54.82,1032.
2021-03-06 13:30:00,74.94,,16.65,20.12,20.62,6.15,55.87,1031.
2021-03-06 13:45:00,79.88,,13.11,15.81,16.37,5.96,57.35,1031.
2021-03-06 14:00:00,87.08,,12.76,15.06,15.70,5.75,58.46,1031.
2021-03-06 14:15:00,82.90,,13.64,16.24,17.17,5.67,59.17,1031.
2021-03-06 14:30:00,66.50,,11.83,14.57,15.45,6.23,56.99,1031.
2021-03-06 14:45:00,70.68,,12.03,14.03,14.53,6.33,56.16,1031.
2021-03-06 15:00:00,65.71,,11.61,13.54,13.98,6.48,55.59,1030.
2021-03-06 15:15:00,78.77,,11.53,13.59,14.18,6.11,56.97,1030.
2021-03-06 15:30:00,72.85,,10.42,12.21,12.80,6.04,57.84,1030.
2021-03-06 15:45:00,67.87,,9.72,11.24,11.65,6.39,56.02,1030.
2021-03-06 16:00:00,70.26,,8.79,10.03,10.41,6.37,55.99,1030.
2021-03-06 16:15:00,75.44,,9.26,10.56,11.09,6.16,56.77,1030.
2021-03-06 16:30:00,67.42,,9.62,11.07,11.64,6.18,57.04,1030.
2021-03-06 16:45:00,62.75,,9.53,10.98,11.53,6.33,56.56,1030.
2021-03-06 17:00:00,61.23,,9.53,11.29,11.89,6.49,55.97,1030.
2021-03-06 17:15:00,60.09,,10.11,11.66,12.21,6.58,55.69,1030.
2021-03-06 17:30:00,51.17,,14.62,17.69,18.34,6.52,57.32,1030.
2021-03-06 17:45:00,50.87,,16.30,20.69,21.40,6.30,58.34,1030.
2021-03-06 18:00:00,55.21,,20.16,27.89,29.30,6.04,59.51,1030.
2021-03-06 18:15:00,51.11,,20.79,29.01,30.41,5.88,60.31,1030.
2021-03-06 18:30:00,63.37,,21.24,30.43,32.42,5.67,61.35,1030.
2021-03-06 18:45:00,61.05,,21.52,31.18,33.98,5.59,61.88,1030.
2021-03-06 19:00:00,55.44,,22.67,33.62,37.72,5.61,61.97,1030.
2021-03-06 19:15:00,54.37,,23.10,34.40,39.25,5.55,62.28,1030.
2021-03-06 19:30:00,55.90,,23.31,35.20,40.54,5.48,62.65,1030.
2021-03-06 19:45:00,52.06,,24.36,36.90,43.42,5.44,62.96,1029.
2021-03-06 20:00:00,46.37,,25.17,38.40,45.62,5.47,62.91,1029.
2021-03-06 20:15:00,48.89,,26.30,40.29,48.32,5.45,63.13,1029.
2021-03-06 20:30:00,47.25,,26.27,39.96,47.79,5.56,62.25,1029.
2021-03-06 20:45:00,46.09,,25.58,39.22,46.83,5.52,62.29,1029.
2021-03-06 21:00:00,45.36,,25.95,40.34,48.30,5.52,62.16,1029.
2021-03-06 21:15:00,44.78,,25.17,38.62,46.16,5.49,62.46,1029.
2021-03-06 21:30:00,41.35,,26.16,40.65,49.13,5.72,61.42,1029.
2021-03-06 21:45:00,38.40,,27.02,41.96,50.90,5.89,60.65,1029.
2021-03-06 22:00:00,40.65,,25.68,39.49,47.17,5.94,60.30,1029.
2021-03-06 22:15:00,43.50,,25.57,39.42,46.99,5.79,60.95,1029.
2021-03-06 22:30:00,47.90,,25.69,39.88,47.50,5.51,62.45,1029.
2021-03-06 22:45:00,46.60,,25.69,40.22,48.18,5.60,61.78,1029.
2021-03-06 23:00:00,45.68,,24.74,38.93,46.26,5.60,61.76,1029.
2021-03-06 23:15:00,43.60,,26.10,40.70,48.64,5.60,62.19,1029.
2021-03-06 23:30:00,40.82,,27.32,42.96,51.92,5.56,62.63,1029.
2021-03-06 23:45:00,39.52,,27.80,43.89,53.13,5.44,63.48,1028.
2021-03-07 00:00:00,37.56,,27.86,43.43,52.67,5.42,64.44,1028.
2021-03-07 00:15:00,35.84,,28.68,44.98,54.75,5.43,65.47,1028.
2021-03-07 00:30:00,37.54,,33.35,51.83,64.27,5.08,69.56,1028.
2021-03-07 00:45:00,40.39,,33.85,53.15,66.08,4.66,71.73,1028.
2021-03-07 01:00:00,37.41,,34.59,54.34,66.88,4.84,70.69,1028.
2021-03-07 01:15:00,36.41,,34.57,53.92,66.23,4.93,71.53,1028.
2021-03-07 01:30:00,36.11,,34.67,53.41,65.90,5.20,70.45,1028.
2021-03-07 01:45:00,37.60,,33.80,51.90,64.33,5.30,69.97,1028.
2021-03-07 02:00:00,39.87,,32.76,50.23,62.12,5.26,69.83,1028.
2021-03-07 02:15:00,41.73,,31.38,48.34,59.62,5.32,69.11,1027.
2021-03-07 02:30:00,45.21,,30.21,46.28,56.65,5.34,68.34,1027.
2021-03-07 02:45:00,46.42,,29.57,45.94,56.11,5.47,66.81,1027.
2021-03-07 03:00:00,50.27,,29.29,45.35,55.47,5.26,67.56,1027.
2021-03-07 03:15:00,45.18,,29.16,45.23,55.18,5.38,67.26,1027.
2021-03-07 03:30:00,51.65,,28.00,43.32,52.34,5.34,66.94,1027.
2021-03-07 03:45:00,50.74,,27.91,42.87,51.47,5.55,65.66,1027.
2021-03-07 04:00:00,54.09,,27.03,41.23,49.26,5.60,65.40,1027.
2021-03-07 04:15:00,57.77,,25.51,39.08,46.46,5.74,63.51,1026.
2021-03-07 04:30:00,57.45,,25.54,39.09,46.71,5.84,62.61,1026.
2021-03-07 04:45:00,53.93,,26.07,39.83,47.72,5.79,62.95,1026.
2021-03-07 05:00:00,51.09,,26.21,40.26,48.17,5.81,62.93,1026.
2021-03-07 05:15:00,48.48,,26.54,40.63,48.69,5.98,62.12,1026.
2021-03-07 05:30:00,49.72,,24.16,37.22,43.94,6.05,60.88,1026.
2021-03-07 05:45:00,50.22,,23.64,36.13,42.36,6.08,60.75,1026.
2021-03-07 06:00:00,47.79,,23.31,35.76,41.97,6.11,61.35,1026.
2021-03-07 06:15:00,46.48,,23.03,34.75,40.21,6.16,61.76,1026.
2021-03-07 06:30:00,44.69,,22.73,34.13,39.03,6.18,62.02,1026.
2021-03-07 06:45:00,49.63,,22.49,33.80,38.30,6.16,62.17,1026.
2021-03-07 07:00:00,49.75,,22.94,34.50,39.58,6.10,62.74,1026.
2021-03-07 07:15:00,46.34,,25.37,38.25,45.29,5.94,64.53,1026.
2021-03-07 07:30:00,47.93,,24.44,37.06,43.57,5.82,65.75,1026.
2021-03-07 07:45:00,48.93,,23.09,34.61,39.89,6.05,64.32,1026.
2021-03-07 08:00:00,51.64,,22.68,34.37,39.41,6.18,63.49,1026.
2021-03-07 08:15:00,51.82,,22.19,33.46,38.08,6.29,63.13,1026.
2021-03-07 08:30:00,53.04,,22.32,33.16,37.69,6.34,62.84,1026.
2021-03-07 08:45:00,51.52,,22.03,32.82,36.91,6.31,63.53,1026.
2021-03-07 09:00:00,51.29,,20.32,30.28,32.38,6.56,62.52,1026.
2021-03-07 09:15:00,49.39,,19.98,29.54,31.54,6.70,62.01,1026.
2021-03-07 09:30:00,46.65,,19.55,28.27,29.83,6.95,61.23,1026.
2021-03-07 09:45:00,47.31,,19.87,28.85,30.49,7.26,59.74,1026.
2021-03-07 10:00:00,48.20,,19.39,28.02,29.47,7.48,58.86,1025.
2021-03-07 10:15:00,49.23,,19.70,29.01,30.72,7.51,59.14,1025.
2021-03-07 10:30:00,54.05,,18.79,27.75,29.58,7.67,58.65,1025.
2021-03-07 10:45:00,51.02,,18.85,27.63,29.06,7.90,57.81,1025.
2021-03-07 11:00:00,51.15,,18.96,27.08,28.62,8.02,57.48,1025.
2021-03-07 11:15:00,50.96,,19.68,28.16,29.56,8.15,57.19,1025.
2021-03-07 11:30:00,53.08,,19.52,28.33,30.10,8.22,56.89,1025.
2021-03-07 11:45:00,59.10,,20.28,29.12,31.13,8.12,57.35,1025.
2021-03-07 12:00:00,56.00,,20.41,28.63,30.51,8.23,57.14,1025.
2021-03-07 12:15:00,53.15,,19.96,28.81,30.67,8.42,56.09,1025.
2021-03-07 12:30:00,53.73,,19.93,28.52,30.39,8.42,55.70,1025.
2021-03-07 12:45:00,52.39,,19.99,28.67,30.70,8.37,56.13,1025.
2021-03-07 13:00:00,56.47,,20.61,29.36,31.37,8.24,56.57,1025.
2021-03-07 13:15:00,52.33,,20.54,29.93,32.17,8.11,57.89,1024.
2021-03-07 13:30:00,57.38,,21.04,30.16,32.97,8.04,58.28,1024.
2021-03-07 13:45:00,58.93,,21.60,31.00,34.09,7.74,60.55,1024.
2021-03-07 14:00:00,60.20,,21.75,31.14,34.09,7.52,62.27,1024.
2021-03-07 14:15:00,57.92,,22.13,31.74,35.32,7.45,62.71,1024.
2021-03-07 14:30:00,60.14,,22.32,32.24,36.12,7.32,64.25,1024.
2021-03-07 14:45:00,65.25,,21.96,31.27,34.48,7.18,65.34,1024.
2021-03-07 15:00:00,60.20,,21.50,30.46,33.00,7.14,64.99,1024.
2021-03-07 15:15:00,62.08,,21.00,29.95,32.52,7.11,64.84,1024.
2021-03-07 15:30:00,71.47,,21.53,30.87,33.64,6.89,65.57,1023.
2021-03-07 15:45:00,68.17,,21.37,30.68,33.43,6.78,66.52,1023.
2021-03-07 16:00:00,70.82,,20.92,29.64,31.58,6.77,66.44,1023.
2021-03-07 16:15:00,269.1,,21.17,29.95,32.30,6.61,68.10,1023.
2021-03-07 16:30:00,216.5,,21.80,31.42,35.07,6.49,69.45,1023.
2021-03-07 16:45:00,130.5,,22.49,32.40,36.46,6.47,69.76,1023.
2021-03-07 17:00:00,46.39,,22.33,32.10,35.87,6.61,69.52,1023.
2021-03-07 17:15:00,50.12,,21.49,30.34,33.12,6.58,69.39,1023.
2021-03-07 17:30:00,52.69,,21.91,30.78,33.53,6.52,69.28,1023.
2021-03-07 17:45:00,56.33,,21.42,30.67,33.69,6.41,69.89,1023.
2021-03-07 18:00:00,56.40,,20.97,29.94,32.26,6.40,70.02,1023.
2021-03-07 18:15:00,52.90,,20.96,29.61,32.14,6.46,70.17,1023.
2021-03-07 18:30:00,54.69,,20.36,28.94,30.78,6.49,70.11,1023.
2021-03-07 18:45:00,52.02,,20.95,29.75,32.48,6.47,70.65,1023.
2021-03-07 19:00:00,54.62,,20.63,28.76,30.83,6.30,72.28,1023.
2021-03-07 19:15:00,53.26,,20.13,27.99,29.87,6.24,73.26,1023.
2021-03-07 19:30:00,54.98,,20.27,28.29,30.40,6.22,73.77,1023.
2021-03-07 19:45:00,52.69,,21.81,31.00,34.32,6.21,74.03,1023.
2021-03-07 20:00:00,52.98,,21.88,30.89,34.44,6.14,74.84,1023.
2021-03-07 20:15:00,53.00,,20.54,27.86,29.89,6.07,75.87,1023.
2021-03-07 20:30:00,51.34,,19.25,26.25,28.32,6.05,76.28,1023.
2021-03-07 20:45:00,51.04,,17.04,21.83,23.28,5.95,76.99,1023.
2021-03-07 21:00:00,53.84,,17.20,22.12,23.81,5.93,77.31,1023.
2021-03-07 21:15:00,52.41,,17.72,22.94,24.68,6.01,76.83,1023.
2021-03-07 21:30:00,53.50,,16.95,21.13,23.03,6.03,76.52,1023.
2021-03-07 21:45:00,54.87,,16.71,21.03,22.47,5.99,76.74,1023.
2021-03-07 22:00:00,52.76,,18.64,24.32,26.48,6.05,75.94,1023.
2021-03-07 22:15:00,48.62,,21.38,29.69,32.14,6.05,75.61,1023.
2021-03-07 22:30:00,45.80,,22.56,31.48,34.99,6.03,75.66,1023.
2021-03-07 22:45:00,47.80,,22.18,31.61,35.15,6.06,75.56,1023.
2021-03-07 23:00:00,51.36,,22.44,31.79,35.50,6.08,75.34,1023.
2021-03-07 23:15:00,51.75,,22.69,32.25,35.54,6.08,74.85,1023.
2021-03-07 23:30:00,54.03,,23.56,33.23,37.78,5.99,74.50,1023.
2021-03-07 23:45:00,51.33,,23.74,33.58,38.36,5.90,74.46,1023.
2021-03-08 00:00:00,50.59,,24.17,34.18,39.09,5.97,74.00,1023.
2021-03-08 00:15:00,44.64,,25.04,35.99,42.01,6.01,74.68,1023.
2021-03-08 00:30:00,45.00,,26.90,38.83,46.16,5.78,76.55,1023.
2021-03-08 00:45:00,48.79,,27.44,39.89,47.54,5.26,81.84,1023.
2021-03-08 01:00:00,49.47,,29.05,42.82,51.61,4.79,86.62,1023.
2021-03-08 01:15:00,47.79,,29.43,43.62,53.06,4.75,86.72,1023.
2021-03-08 01:30:00,48.19,,29.34,43.48,52.56,4.78,86.02,1023.
2021-03-08 01:45:00,46.70,,29.62,44.11,53.81,4.74,86.68,1023.
2021-03-08 02:00:00,46.13,,30.84,46.05,56.58,4.60,88.30,1022.
2021-03-08 02:15:00,44.11,,30.59,45.83,56.19,4.82,85.55,1022.
2021-03-08 02:30:00,39.47,,31.67,47.24,58.33,5.02,83.63,1022.
2021-03-08 02:45:00,37.81,,30.89,45.81,56.08,5.41,79.42,1022.
2021-03-08 03:00:00,36.46,,30.19,44.77,54.64,5.66,76.58,1022.
2021-03-08 03:15:00,35.42,,29.88,44.15,53.58,5.75,75.35,1022.
2021-03-08 03:30:00,35.35,,30.21,45.11,55.06,5.54,77.34,1022.
2021-03-08 03:45:00,35.95,,29.47,43.87,52.94,5.70,76.29,1022.
2021-03-08 04:00:00,38.04,,29.82,44.36,53.66,5.79,75.82,1021.
2021-03-08 04:15:00,39.33,,31.24,46.89,57.55,5.44,79.46,1021.
2021-03-08 04:30:00,38.12,,30.48,45.53,55.51,5.52,78.42,1021.
2021-03-08 04:45:00,38.17,,29.42,43.97,53.12,5.62,76.33,1021.
2021-03-08 05:00:00,40.21,,27.26,40.30,48.31,5.52,75.95,1021.
2021-03-08 05:15:00,41.96,,24.69,35.73,42.13,5.87,72.26,1021.
2021-03-08 05:30:00,38.68,,25.62,37.34,43.92,5.92,71.88,1021.
2021-03-08 05:45:00,38.57,,24.41,35.54,41.19,6.02,70.89,1021.
2021-03-08 06:00:00,40.14,,26.41,38.62,45.85,5.70,73.75,1021.
2021-03-08 06:15:00,37.14,,27.16,40.04,47.82,5.65,75.04,1021.
2021-03-08 06:30:00,37.01,,28.13,41.96,50.34,5.69,74.76,1021.
2021-03-08 06:45:00,35.32,,28.70,43.23,52.06,5.53,76.46,1021.
2021-03-08 07:00:00,32.58,,28.87,43.35,52.23,5.62,76.39,1021.
2021-03-08 07:15:00,33.30,,28.61,42.48,50.87,5.58,76.97,1021.
2021-03-08 07:30:00,35.82,,28.17,41.74,50.02,5.41,78.65,1021.
2021-03-08 07:45:00,36.72,,25.31,37.10,43.88,5.56,76.36,1021.
2021-03-08 08:00:00,36.92,,23.54,33.11,37.09,6.04,71.40,1021.
2021-03-08 08:15:00,36.24,,23.33,32.96,37.17,6.28,69.25,1021.
2021-03-08 08:30:00,36.77,,23.93,33.88,38.62,6.15,70.46,1021.
2021-03-08 08:45:00,40.37,,23.87,33.84,38.44,5.84,72.79,1021.
2021-03-08 09:00:00,39.40,,23.66,33.26,37.74,6.03,71.78,1021.
2021-03-08 09:15:00,36.72,,25.68,36.23,42.33,6.29,70.78,1021.
2021-03-08 09:30:00,38.09,,26.13,36.87,43.19,5.83,74.29,1021.
2021-03-08 09:45:00,35.69,,25.37,35.78,41.77,6.10,73.93,1021.
2021-03-08 10:00:00,35.55,,26.10,37.00,43.34,6.43,71.55,1021.
2021-03-08 10:15:00,35.54,,25.83,36.21,42.09,6.52,70.95,1021.
2021-03-08 10:30:00,33.82,,24.74,34.68,40.19,6.73,69.92,1021.
2021-03-08 10:45:00,34.26,,22.29,30.71,33.37,7.07,68.12,1021.
2021-03-08 11:00:00,35.33,,21.47,29.26,31.03,7.55,65.03,1021.
2021-03-08 11:15:00,35.88,,20.45,27.19,28.34,7.91,62.92,1021.
2021-03-08 11:30:00,38.34,,17.78,22.52,23.66,8.14,60.72,1021.
2021-03-08 11:45:00,45.90,,9.80,11.54,12.34,8.23,57.95,1021.
2021-03-08 12:00:00,45.59,,8.44,10.05,10.58,8.14,57.58,1021.
2021-03-08 12:15:00,45.09,,9.44,11.28,11.99,8.06,58.51,1021.
2021-03-08 12:30:00,47.11,,8.59,10.15,10.90,8.02,58.83,1021.
2021-03-08 12:45:00,44.56,,9.83,11.86,12.50,7.98,59.19,1021.
2021-03-08 13:00:00,47.35,,5.48,6.09,6.85,7.75,58.97,1020.
2021-03-08 13:15:00,47.63,,4.38,4.98,5.67,7.83,58.19,1020.
2021-03-08 13:30:00,50.54,,3.07,3.50,3.88,7.92,57.67,1020.
2021-03-08 13:45:00,55.29,,3.06,3.46,3.76,7.84,57.92,1020.
2021-03-08 14:00:00,57.77,,3.16,3.61,4.43,7.59,59.03,1020.
2021-03-08 14:15:00,54.51,,3.48,3.93,4.43,7.54,59.51,1020.
2021-03-08 14:30:00,55.19,,3.99,4.59,5.13,7.51,59.92,1020.
2021-03-08 14:45:00,54.52,,4.06,4.58,5.18,7.45,59.63,1020.
2021-03-08 15:00:00,53.78,,3.41,4.00,4.50,7.47,58.58,1020.
2021-03-08 15:15:00,54.98,,4.23,4.91,5.57,7.39,59.33,1019.
2021-03-08 15:30:00,52.18,,7.04,8.34,8.99,7.49,59.90,1019.
2021-03-08 15:45:00,53.28,,3.43,3.93,4.50,7.45,59.04,1019.
2021-03-08 16:00:00,52.10,,3.46,3.96,4.68,7.54,60.05,1019.
2021-03-08 16:15:00,50.22,,4.66,5.18,5.94,7.39,62.38,1019.
2021-03-08 16:30:00,46.70,,5.69,6.46,7.19,7.36,65.37,1019.
2021-03-08 16:45:00,43.15,,6.70,7.56,8.45,7.34,66.70,1019.
2021-03-08 17:00:00,42.63,,7.37,8.52,9.21,7.36,66.04,1019.
2021-03-08 17:15:00,45.71,,8.48,9.46,10.17,7.21,66.59,1019.
2021-03-08 17:30:00,43.23,,8.79,9.79,10.45,7.21,66.95,1019.
2021-03-08 17:45:00,40.25,,8.76,10.00,10.86,7.11,67.92,1019.
2021-03-08 18:00:00,42.71,,7.85,9.29,10.05,6.98,68.40,1019.
2021-03-08 18:15:00,44.79,,7.51,8.57,9.42,6.91,68.76,1019.
2021-03-08 18:30:00,42.93,,10.28,12.00,12.74,6.71,70.02,1019.
2021-03-08 18:45:00,40.98,,12.73,15.16,16.22,6.56,70.89,1019.
2021-03-08 19:00:00,43.33,,11.99,13.69,14.29,6.44,71.73,1019.
2021-03-08 19:15:00,41.74,,11.72,13.54,14.21,6.40,72.06,1019.
2021-03-08 19:30:00,45.66,,13.86,16.21,16.94,6.38,71.99,1019.
2021-03-08 19:45:00,52.08,,11.02,12.52,13.02,6.34,71.91,1019.
2021-03-08 20:00:00,55.46,,10.90,12.88,13.70,6.34,71.50,1019.
2021-03-08 20:15:00,53.88,,10.14,11.62,12.34,6.34,71.32,1019.
2021-03-08 20:30:00,50.27,,10.14,11.73,12.69,6.33,71.38,1019.
2021-03-08 20:45:00,51.31,,9.85,11.15,11.99,6.32,71.11,1019.
2021-03-08 21:00:00,52.50,,9.77,11.04,11.56,6.31,70.94,1019.
2021-03-08 21:15:00,45.79,,12.90,15.00,15.80,6.30,70.82,1019.
2021-03-08 21:30:00,48.05,,12.94,15.15,15.75,6.26,70.62,1019.
2021-03-08 21:45:00,48.48,,13.23,15.61,16.49,6.22,70.80,1019.
2021-03-08 22:00:00,46.54,,14.70,17.49,18.50,5.91,73.11,1019.
2021-03-08 22:15:00,51.22,,11.72,13.73,14.50,5.92,73.00,1019.
2021-03-08 22:30:00,46.24,,11.49,13.36,14.10,6.10,71.95,1019.
2021-03-08 22:45:00,45.44,,12.17,13.89,14.93,6.24,71.45,1019.
2021-03-08 23:00:00,51.97,,11.14,13.04,13.73,6.28,71.75,1019.
2021-03-08 23:15:00,43.08,,11.76,13.65,14.46,6.20,72.26,1019.
2021-03-08 23:30:00,54.14,,11.94,13.88,14.73,5.91,75.01,1019.
2021-03-08 23:45:00,55.59,,11.70,13.76,15.04,5.57,78.07,1019.
2021-03-09 00:00:00,58.71,,9.84,11.32,11.87,5.65,77.34,1018.
2021-03-09 00:15:00,56.05,,8.61,9.98,10.64,5.72,76.62,1018.
2021-03-09 00:30:00,55.13,,9.49,10.95,11.81,5.61,77.91,1018.
2021-03-09 00:45:00,48.46,,8.86,10.12,10.91,5.87,75.79,1018.
2021-03-09 01:00:00,46.82,,7.86,9.01,9.74,6.02,74.42,1018.
2021-03-09 01:15:00,48.63,,6.78,7.63,8.14,6.10,73.88,1018.
2021-03-09 01:30:00,52.93,,5.68,6.42,6.81,6.09,73.96,1018.
2021-03-09 01:45:00,56.51,,5.49,6.34,6.97,5.95,75.16,1018.
2021-03-09 02:00:00,57.33,,7.24,8.25,8.88,5.75,77.23,1018.
2021-03-09 02:15:00,51.26,,9.99,11.58,12.34,5.51,79.24,1018.
2021-03-09 02:30:00,53.59,,9.13,10.83,11.56,5.54,79.23,1018.
2021-03-09 02:45:00,47.73,,11.20,13.22,14.00,5.39,80.63,1018.
2021-03-09 03:00:00,39.76,,10.83,12.69,13.62,5.58,79.08,1018.
2021-03-09 03:15:00,41.38,,9.70,11.32,12.03,5.73,78.12,1018.
2021-03-09 03:30:00,42.73,,10.18,11.89,12.79,5.55,79.77,1018.
2021-03-09 03:45:00,44.44,,9.78,11.39,12.14,5.49,80.61,1017.
2021-03-09 04:00:00,41.62,,9.66,11.38,12.20,5.52,80.70,1017.
2021-03-09 04:15:00,40.20,,9.72,11.34,12.27,5.65,79.53,1017.
2021-03-09 04:30:00,44.12,,9.04,10.31,11.44,5.79,78.67,1017.
2021-03-09 04:45:00,40.07,,9.78,11.48,12.31,5.69,79.38,1017.
2021-03-09 05:00:00,40.27,,10.72,12.47,13.40,5.43,81.62,1017.
2021-03-09 05:15:00,39.16,,10.10,11.88,12.70,5.59,80.40,1017.
2021-03-09 05:30:00,37.82,,11.00,12.60,13.67,5.59,80.08,1017.
2021-03-09 05:45:00,40.16,,11.33,13.13,13.84,5.32,82.61,1017.
2021-03-09 06:00:00,38.40,,12.62,14.87,15.91,5.24,83.37,1017.
2021-03-09 06:15:00,35.63,,14.75,17.80,18.69,5.25,83.92,1017.
2021-03-09 06:30:00,36.18,,15.45,18.36,19.47,5.16,84.91,1017.
2021-03-09 06:45:00,36.76,,15.39,18.70,19.64,5.32,83.15,1017.
2021-03-09 07:00:00,38.38,,15.74,19.61,20.58,5.20,84.50,1017.
2021-03-09 07:15:00,37.42,,16.16,19.65,20.74,5.33,83.44,1017.
2021-03-09 07:30:00,36.77,,16.42,19.95,20.96,5.35,83.84,1017.
2021-03-09 07:45:00,35.92,,16.88,20.79,21.80,5.20,86.05,1017.
2021-03-09 08:00:00,34.39,,17.16,21.32,22.49,5.12,88.25,1017.
2021-03-09 08:15:00,33.96,,16.07,19.39,20.19,5.28,87.65,1017.
2021-03-09 08:30:00,33.04,,13.81,16.58,17.43,5.53,86.27,1017.
2021-03-09 08:45:00,33.96,,12.31,14.29,15.08,5.67,85.98,1017.
2021-03-09 09:00:00,34.66,,10.33,11.78,12.43,5.78,85.81,1017.
2021-03-09 09:15:00,32.37,,8.85,10.09,10.45,5.90,85.16,1017.
2021-03-09 09:30:00,33.81,,6.65,7.42,8.21,6.27,82.04,1017.
2021-03-09 09:45:00,40.34,,3.09,3.38,3.76,7.14,74.62,1016.
2021-03-09 10:00:00,35.63,,3.38,3.77,4.08,7.50,71.98,1016.
2021-03-09 10:15:00,40.52,,2.90,3.29,3.56,7.52,71.52,1016.
2021-03-09 10:30:00,52.09,,0.15,0.17,0.41,7.41,71.78,1016.
2021-03-09 10:45:00,52.10,,0.27,0.32,0.70,7.41,71.77,1016.
2021-03-09 11:00:00,48.46,,1.12,1.37,1.53,7.72,69.35,1016.
2021-03-09 11:15:00,54.03,,0.99,1.18,1.75,7.72,69.04,1016.
2021-03-09 11:30:00,53.91,,0.87,1.02,1.34,7.40,71.06,1016.
2021-03-09 11:45:00,47.80,,1.87,2.24,2.71,7.43,71.28,1016.
2021-03-09 12:00:00,50.92,,1.39,1.53,2.12,7.58,70.01,1016.
2021-03-09 12:15:00,53.08,,1.97,2.20,2.62,7.42,71.41,1016.
2021-03-09 12:30:00,61.04,,1.56,1.80,2.27,7.18,73.07,1015.
2021-03-09 12:45:00,61.92,,1.82,2.03,2.31,7.00,74.72,1015.
2021-03-09 13:00:00,60.26,,2.59,2.96,3.31,7.10,73.96,1015.
2021-03-09 13:15:00,53.45,,2.32,2.59,3.15,7.24,73.14,1015.
2021-03-09 13:30:00,60.46,,2.92,3.44,3.93,7.00,75.29,1015.
2021-03-09 13:45:00,58.51,,2.99,3.32,3.97,6.75,77.66,1015.
2021-03-09 14:00:00,60.02,,3.82,4.33,5.02,6.69,78.74,1015.
2021-03-09 14:15:00,60.82,,3.82,4.42,5.40,6.57,79.62,1015.
2021-03-09 14:30:00,67.77,,3.70,4.19,4.94,6.41,80.75,1014.
2021-03-09 14:45:00,59.42,,2.88,3.27,3.59,6.47,80.06,1014.
2021-03-09 15:00:00,57.99,,1.80,1.97,2.43,6.56,78.68,1014.
2021-03-09 15:15:00,63.63,,2.00,2.20,2.53,6.60,77.90,1014.
2021-03-09 15:30:00,59.85,,1.94,2.19,2.72,6.62,77.99,1013.
2021-03-09 15:45:00,54.95,,1.99,2.24,2.65,6.69,77.37,1013.
2021-03-09 16:00:00,53.44,,2.61,2.88,3.23,6.91,75.52,1013.
2021-03-09 16:15:00,58.35,,3.42,3.69,3.94,6.76,75.73,1013.
2021-03-09 16:30:00,66.24,,3.17,3.63,4.31,6.46,77.12,1013.
2021-03-09 16:45:00,59.17,,2.91,3.24,3.64,6.32,78.17,1012.
2021-03-09 17:00:00,67.03,,2.09,2.34,2.92,6.06,76.67,1012.
2021-03-09 17:15:00,65.09,,2.51,2.93,3.53,5.92,76.06,1012.
2021-03-09 17:30:00,68.65,,2.89,3.23,3.81,5.89,76.92,1012.
2021-03-09 17:45:00,62.46,,4.34,5.09,5.89,5.79,78.07,1012.
2021-03-09 18:00:00,54.45,,6.09,7.18,8.14,5.89,77.92,1012.
2021-03-09 18:15:00,52.26,,7.40,8.52,9.32,5.87,77.58,1012.
2021-03-09 18:30:00,56.86,,7.51,8.77,9.61,5.88,76.62,1012.
2021-03-09 18:45:00,55.61,,7.55,8.64,9.30,5.89,76.53,1012.
2021-03-09 19:00:00,57.39,,7.59,8.59,9.21,5.82,77.38,1011.
2021-03-09 19:15:00,56.60,,9.94,11.84,12.57,5.78,78.36,1011.
2021-03-09 19:30:00,53.98,,10.86,13.04,13.68,5.77,78.95,1011.
2021-03-09 19:45:00,56.10,,10.74,12.86,13.56,5.79,78.42,1011.
2021-03-09 20:00:00,62.95,,10.00,11.69,12.60,5.68,78.82,1011.
2021-03-09 20:15:00,57.88,,9.55,11.33,12.19,5.84,77.55,1011.
2021-03-09 20:30:00,59.53,,10.45,12.50,13.19,5.86,76.54,1011.
2021-03-09 20:45:00,64.55,,10.43,12.40,13.32,5.72,76.95,1010.
2021-03-09 21:00:00,63.33,,12.89,15.83,16.73,5.65,77.83,1010.
2021-03-09 21:15:00,72.18,,14.41,18.57,19.87,5.57,78.33,1010.
2021-03-09 21:30:00,70.61,,17.30,22.90,24.14,5.42,80.38,1009.
2021-03-09 21:45:00,66.97,,18.94,26.41,27.57,5.37,81.96,1009.
2021-03-09 22:00:00,70.06,,20.92,30.30,32.71,5.23,84.63,1009.
2021-03-09 22:15:00,65.95,,21.35,30.55,32.89,5.25,85.39,1009.
2021-03-09 22:30:00,68.39,,21.48,30.66,33.49,5.15,85.99,1009.
2021-03-09 22:45:00,69.49,,20.81,29.39,31.33,5.26,84.59,1008.
2021-03-09 23:00:00,71.28,,20.69,29.41,31.28,5.29,85.04,1008.
2021-03-09 23:15:00,75.59,,20.68,29.34,31.20,5.18,87.25,1008.
2021-03-09 23:30:00,81.29,,20.68,29.29,31.19,4.95,89.86,1007.
2021-03-09 23:45:00,90.93,,19.98,28.30,29.96,4.70,92.78,1007.
2021-03-10 00:00:00,85.01,,18.23,25.19,26.68,4.80,91.95,1007.
2021-03-10 00:15:00,89.21,,16.76,22.67,23.79,4.84,92.03,1007.
2021-03-10 00:30:00,87.71,,16.99,22.66,24.03,4.76,94.37,1006.
2021-03-10 00:45:00,89.14,,16.70,21.73,22.77,4.50,99.88,1006.
2021-03-10 01:00:00,92.22,,15.47,20.38,21.68,4.40,100.0,1006.
2021-03-10 01:15:00,93.06,,13.37,16.86,17.72,4.30,100.0,1005.
2021-03-10 01:30:00,92.25,,11.76,14.56,15.28,4.31,100.0,1005.
2021-03-10 01:45:00,93.99,,10.44,12.80,13.63,4.27,100.0,1005.
2021-03-10 02:00:00,93.69,,10.39,12.75,13.62,4.24,100.0,1005.
2021-03-10 02:15:00,92.32,,11.76,14.12,14.80,4.15,100.0,1005.
2021-03-10 02:30:00,90.21,,12.82,15.44,16.05,4.15,100.0,1004.
2021-03-10 02:45:00,88.77,,11.23,13.47,14.06,4.14,100.0,1004.
2021-03-10 03:00:00,87.02,,9.36,11.20,11.83,4.08,100.0,1004.
2021-03-10 03:15:00,81.03,,8.53,10.32,10.93,4.20,100.0,1003.
2021-03-10 03:30:00,82.03,,10.01,12.80,13.48,4.18,100.0,1003.
2021-03-10 03:45:00,79.70,,9.47,11.54,12.25,4.13,100.0,1003.
2021-03-10 04:00:00,76.25,,7.58,9.49,10.23,4.14,100.0,1003.
2021-03-10 04:15:00,86.40,,7.76,9.31,9.59,4.12,100.0,1002.
2021-03-10 04:30:00,77.89,,6.88,8.52,8.95,4.19,100.0,1002.
2021-03-10 04:45:00,74.30,,5.54,6.52,6.91,4.35,100.0,1002.
2021-03-10 05:00:00,68.02,,3.46,4.02,4.30,4.58,100.0,1002.
2021-03-10 05:15:00,68.81,,2.31,2.68,2.90,4.70,100.0,1002.
2021-03-10 05:30:00,67.27,,1.41,1.61,1.88,4.82,100.0,1002.
2021-03-10 05:45:00,67.09,,0.87,0.93,1.19,4.92,100.0,1002.
2021-03-10 06:00:00,71.66,,1.00,1.16,1.37,4.91,100.0,1001.
2021-03-10 06:15:00,77.14,,1.16,1.29,1.44,4.77,100.0,1001.
2021-03-10 06:30:00,73.78,,0.94,1.11,1.20,4.66,100.0,1001.
2021-03-10 06:45:00,65.90,,2.48,2.75,2.86,4.74,100.0,1001.
2021-03-10 07:00:00,60.50,,3.01,3.25,3.46,4.76,100.0,1001.
2021-03-10 07:15:00,57.44,,2.96,3.24,3.61,4.85,100.0,1001.
2021-03-10 07:30:00,60.98,,2.77,3.01,3.36,4.62,100.0,1001.
2021-03-10 07:45:00,58.34,,2.78,3.11,3.44,4.46,100.0,1001.
2021-03-10 08:00:00,52.55,,2.21,2.38,2.68,4.62,100.0,1001.
2021-03-10 08:15:00,48.72,,1.87,2.09,2.26,4.82,100.0,1001.
2021-03-10 08:30:00,50.10,,2.03,2.30,2.41,4.95,100.0,1001.
2021-03-10 08:45:00,44.21,,2.42,2.63,2.91,5.12,100.0,1000.
2021-03-10 09:00:00,41.68,,2.30,2.62,2.93,5.16,100.0,1000.
2021-03-10 09:15:00,44.45,,2.02,2.22,2.59,5.25,100.0,1000.
2021-03-10 09:30:00,48.03,,1.64,1.80,2.10,5.22,100.0,1000.
2021-03-10 09:45:00,45.14,,1.66,1.79,2.26,5.32,100.0,1000.
2021-03-10 10:00:00,47.93,,1.52,1.64,1.84,5.34,100.0,999.6
2021-03-10 10:15:00,45.31,,1.66,1.88,2.10,5.58,100.0,999.2
2021-03-10 10:30:00,47.12,,1.65,1.79,1.86,5.40,100.0,998.9
2021-03-10 10:45:00,43.14,,1.36,1.46,1.69,5.52,100.0,998.6
2021-03-10 11:00:00,46.78,,1.13,1.27,1.56,5.33,100.0,998.3
2021-03-10 11:15:00,48.23,,0.89,0.98,1.08,5.31,100.0,998.0
2021-03-10 11:30:00,50.74,,0.68,0.76,0.84,5.26,100.0,997.8
2021-03-10 11:45:00,45.26,,0.78,0.82,1.03,5.45,100.0,997.7
2021-03-10 12:00:00,41.60,,0.22,0.24,0.36,5.68,100.0,997.4
2021-03-10 12:15:00,46.97,,0.15,0.16,0.44,5.41,100.0,997.3
2021-03-10 12:30:00,46.75,,0.43,0.50,0.77,5.28,100.0,996.7
2021-03-10 12:45:00,50.68,,0.46,0.50,0.72,5.22,100.0,996.2
2021-03-10 13:00:00,54.17,,0.32,0.40,0.57,5.29,100.0,995.9
2021-03-10 13:15:00,54.11,,0.29,0.31,0.55,5.33,100.0,995.6
2021-03-10 13:30:00,44.38,,0.42,0.48,0.60,5.54,100.0,995.0
2021-03-10 13:45:00,41.24,,0.28,0.29,0.48,5.73,100.0,994.6
2021-03-10 14:00:00,40.61,,1.82,1.97,2.40,5.95,100.0,994.3
2021-03-10 14:15:00,40.74,,5.72,6.27,6.78,5.98,100.0,993.8
2021-03-10 14:30:00,39.49,,1.05,1.21,1.49,6.15,100.0,993.5
2021-03-10 14:45:00,36.32,,1.26,1.36,1.71,6.37,100.0,993.5
2021-03-10 15:00:00,40.34,,1.14,1.28,1.62,6.29,100.0,993.1
2021-03-10 15:15:00,43.92,,0.06,0.15,0.44,6.18,100.0,992.3
2021-03-10 15:30:00,46.71,,0.04,0.06,0.30,6.20,100.0,992.2
2021-03-10 15:45:00,46.19,,0.00,0.01,0.23,6.19,100.0,991.7
2021-03-10 16:00:00,47.65,,0.01,0.04,0.11,6.12,100.0,991.1
2021-03-10 16:15:00,45.65,,0.00,0.02,0.09,6.17,100.0,990.6
2021-03-10 16:30:00,43.72,,0.00,0.01,0.07,6.21,100.0,990.5
2021-03-10 16:45:00,43.20,,0.34,0.47,0.69,6.16,100.0,990.2
2021-03-10 17:00:00,45.35,,0.00,0.00,0.00,6.29,100.0,990.0
2021-03-10 17:15:00,43.31,,0.01,0.01,0.02,6.39,100.0,989.7
2021-03-10 17:30:00,39.63,,0.00,0.00,0.19,6.51,98.85,989.9
2021-03-10 17:45:00,44.34,,0.29,0.57,1.27,6.61,95.98,989.6
2021-03-10 18:00:00,50.77,,0.79,1.31,2.83,6.56,94.75,989.3
2021-03-10 18:15:00,55.25,,0.91,1.66,3.41,6.39,95.05,988.8
2021-03-10 18:30:00,55.81,,0.94,1.80,3.84,6.34,94.86,988.5
2021-03-10 18:45:00,55.09,,0.58,1.24,3.04,6.41,93.85,988.1
2021-03-10 19:00:00,54.56,,0.86,1.78,3.94,6.46,93.08,987.9
2021-03-10 19:15:00,55.94,,1.62,3.01,5.86,6.46,92.14,987.8
2021-03-10 19:30:00,58.20,,2.22,4.24,8.28,6.38,92.41,987.5
2021-03-10 19:45:00,60.46,,2.47,5.30,9.31,6.33,92.29,987.4
2021-03-10 20:00:00,58.03,,2.45,4.98,8.59,6.36,92.36,987.2
2021-03-10 20:15:00,59.32,,2.51,5.02,8.91,6.32,92.17,987.2
2021-03-10 20:30:00,64.01,,2.68,5.22,8.94,6.23,92.47,986.7
2021-03-10 20:45:00,65.09,,2.73,5.57,9.97,6.16,92.08,986.5
2021-03-10 21:00:00,67.30,,2.17,4.54,8.48,6.19,88.99,986.2
2021-03-10 21:15:00,68.84,,2.23,4.95,9.56,6.17,89.49,985.8
2021-03-10 21:30:00,61.95,,1.32,2.90,5.33,6.29,88.93,985.7
2021-03-10 21:45:00,59.20,,0.73,1.62,3.70,6.32,93.47,985.6
2021-03-10 22:00:00,62.93,,1.04,2.19,4.40,6.06,97.70,985.3
2021-03-10 22:15:00,66.24,,1.55,3.26,5.95,6.04,91.01,985.1
2021-03-10 22:30:00,70.90,,2.02,4.24,7.88,5.95,89.66,984.8
2021-03-10 22:45:00,69.11,,2.28,5.23,8.82,5.96,88.49,984.5
2021-03-10 23:00:00,68.69,,2.22,4.90,9.12,6.00,87.21,984.0
2021-03-10 23:15:00,68.88,,2.60,5.59,9.59,5.95,88.91,983.8
2021-03-10 23:30:00,72.87,,1.75,3.95,6.95,5.85,90.25,983.6
2021-03-10 23:45:00,74.41,,1.26,2.93,5.53,5.80,88.70,983.4
2021-03-11 00:00:00,73.90,,1.86,4.59,8.39,5.78,87.85,982.9
2021-03-11 00:15:00,73.02,,2.07,4.58,8.88,5.87,86.05,982.6
2021-03-11 00:30:00,68.52,,1.70,4.05,7.33,5.84,87.52,982.3
2021-03-11 00:45:00,69.74,,2.02,4.39,8.61,5.88,87.02,982.0
2021-03-11 01:00:00,69.02,,1.64,3.70,7.26,5.83,86.71,981.7
2021-03-11 01:15:00,68.52,,1.50,3.59,6.68,5.90,84.97,981.4
2021-03-11 01:30:00,71.57,,1.71,3.81,7.86,5.87,86.03,981.2
2021-03-11 01:45:00,72.42,,1.64,3.99,7.64,5.77,87.20,980.9
2021-03-11 02:00:00,72.84,,1.87,4.11,8.18,5.71,88.75,980.5
2021-03-11 02:15:00,70.32,,1.49,3.52,6.64,5.66,91.18,980.0
2021-03-11 02:30:00,72.58,,0.81,1.79,4.42,5.63,90.72,979.5
2021-03-11 02:45:00,70.78,,1.21,2.76,5.67,5.70,90.77,979.2
2021-03-11 03:00:00,72.02,,0.57,1.19,3.12,5.65,91.72,978.8
2021-03-11 03:15:00,68.69,,0.37,1.16,2.55,5.68,91.42,978.6
2021-03-11 03:30:00,72.00,,0.33,1.04,2.78,5.67,92.16,978.1
2021-03-11 03:45:00,71.69,,0.59,1.39,3.63,5.57,95.36,977.9
2021-03-11 04:00:00,73.59,,0.54,1.06,3.19,5.48,97.66,977.5
2021-03-11 04:15:00,70.32,,0.38,1.11,2.77,5.53,97.50,977.2
2021-03-11 04:30:00,70.16,,0.58,1.49,3.24,5.54,97.65,977.1
2021-03-11 04:45:00,63.54,,0.79,1.74,4.12,5.63,98.08,977.1
2021-03-11 05:00:00,61.42,,0.98,2.09,4.71,5.66,99.62,977.3
2021-03-11 05:15:00,57.67,,0.58,1.48,3.47,5.66,100.0,977.8
2021-03-11 05:30:00,65.00,,0.93,1.99,5.74,5.54,100.0,978.4
2021-03-11 05:45:00,69.87,,0.81,1.76,4.39,5.46,100.0,979.3
2021-03-11 06:00:00,69.78,,0.83,1.82,4.42,5.37,100.0,980.3
2021-03-11 06:15:00,63.17,,1.11,2.16,5.24,5.28,100.0,981.3
2021-03-11 06:30:00,82.60,,0.46,1.07,2.79,5.22,97.12,982.2
2021-03-11 06:45:00,92.31,,0.19,0.91,2.37,5.14,96.68,983.0
2021-03-11 07:00:00,81.56,,0.59,1.40,3.91,5.14,100.0,984.0
2021-03-11 07:15:00,76.57,,0.50,1.24,3.45,5.02,100.0,984.8
2021-03-11 07:30:00,68.06,,0.43,1.26,3.60,5.21,96.65,985.6
2021-03-11 07:45:00,62.86,,0.51,1.16,3.12,5.34,93.03,986.3
2021-03-11 08:00:00,53.38,,0.97,1.72,3.29,5.39,90.64,986.8
2021-03-11 08:15:00,57.25,,0.58,1.49,3.38,5.50,88.70,987.4
2021-03-11 08:30:00,59.17,,0.42,0.94,2.58,5.61,87.26,987.9
2021-03-11 08:45:00,60.84,,0.16,0.54,2.21,5.80,83.94,988.4
2021-03-11 09:00:00,52.25,,0.10,0.62,1.59,6.94,73.52,988.8
2021-03-11 09:15:00,52.06,,0.20,0.49,2.10,7.26,70.17,989.0
2021-03-11 09:30:00,53.86,,0.24,0.59,1.81,7.46,68.98,989.2
2021-03-11 09:45:00,58.62,,0.27,0.78,2.23,7.00,71.50,989.3
2021-03-11 10:00:00,56.61,,0.22,0.52,1.92,6.80,72.31,989.6
2021-03-11 10:15:00,52.26,,0.21,0.79,1.69,6.97,71.03,989.9
2021-03-11 10:30:00,50.70,,0.11,0.33,1.31,7.02,70.46,990.2
2021-03-11 10:45:00,53.26,,0.21,0.60,1.95,7.03,69.83,990.3
2021-03-11 11:00:00,53.14,,0.02,0.17,0.92,6.82,70.48,990.5
2021-03-11 11:15:00,48.84,,0.16,0.39,1.09,6.85,70.09,990.7
2021-03-11 11:30:00,47.09,,0.05,0.18,0.86,6.89,68.80,990.9
2021-03-11 11:45:00,51.52,,0.11,0.31,1.23,6.68,69.68,991.1
2021-03-11 12:00:00,50.62,,0.04,0.27,1.10,6.72,69.52,991.3
2021-03-11 12:15:00,50.64,,0.11,0.33,1.45,6.66,70.41,991.6
2021-03-11 12:30:00,50.39,,0.29,0.70,2.04,6.71,69.96,991.8
2021-03-11 12:45:00,51.29,,0.15,0.51,1.39,6.78,68.86,991.9
2021-03-11 13:00:00,54.32,,0.66,1.24,2.70,6.80,68.25,991.9
2021-03-11 13:15:00,50.99,,0.07,0.18,1.27,6.53,69.64,991.9
2021-03-11 13:30:00,48.90,,0.17,0.61,1.58,6.62,68.32,992.1
2021-03-11 13:45:00,47.31,,0.38,0.73,1.77,6.66,67.39,992.1
2021-03-11 14:00:00,51.67,,0.27,0.54,1.43,6.61,67.26,992.2
2021-03-11 14:15:00,48.55,,0.18,0.39,1.20,6.46,68.42,992.2
2021-03-11 14:30:00,48.58,,0.11,0.28,0.96,6.59,67.91,992.4
2021-03-11 14:45:00,50.30,,0.04,0.11,1.00,6.42,70.33,992.5
2021-03-11 15:00:00,47.37,,0.09,0.22,0.59,6.32,72.43,992.7
2021-03-11 15:15:00,51.54,,0.14,0.17,0.56,6.26,70.82,992.8
2021-03-11 15:30:00,52.51,,0.04,0.11,0.63,6.11,71.71,993.0
2021-03-11 15:45:00,60.57,,0.06,0.11,0.34,5.86,77.56,993.6
2021-03-11 16:00:00,56.40,,0.37,0.56,0.64,5.66,81.52,993.8
2021-03-11 16:15:00,56.46,,0.01,0.01,0.18,5.69,80.75,993.9
2021-03-11 16:30:00,53.13,,0.01,0.01,0.12,5.74,80.70,993.9
2021-03-11 16:45:00,51.04,,0.00,0.03,0.24,5.84,79.37,994.0
2021-03-11 17:00:00,54.64,,0.01,0.04,0.43,5.78,78.85,994.2
2021-03-11 17:15:00,51.31,,0.04,0.07,0.33,5.59,79.40,994.5
2021-03-11 17:30:00,55.04,,0.00,0.04,0.37,5.67,80.13,994.8
2021-03-11 17:45:00,61.94,,0.01,0.04,0.49,5.63,80.30,995.2
2021-03-11 18:00:00,58.46,,0.00,0.01,0.29,5.60,81.39,995.6
2021-03-11 18:15:00,63.35,,0.01,0.02,0.41,5.37,83.35,996.1
2021-03-11 18:30:00,70.97,,0.01,0.03,0.35,5.16,81.28,996.2
2021-03-11 18:45:00,71.97,,0.01,0.05,0.29,5.12,77.78,996.5
2021-03-11 19:00:00,66.10,,0.49,0.80,1.51,5.15,83.88,997.0
2021-03-11 19:15:00,64.01,,0.21,0.37,1.00,5.15,85.57,997.9
2021-03-11 19:30:00,74.07,,0.10,0.29,1.11,4.77,86.94,998.2
2021-03-11 19:45:00,59.75,,0.03,0.04,0.38,5.20,81.69,998.0
2021-03-11 20:00:00,54.09,,0.31,0.53,1.31,5.29,81.48,998.3
2021-03-11 20:15:00,56.01,,0.16,0.29,0.92,5.13,83.95,998.5
2021-03-11 20:30:00,57.15,,0.10,0.23,0.74,5.17,85.40,998.6
2021-03-11 20:45:00,61.02,,0.11,0.27,0.80,5.20,85.37,998.7
2021-03-11 21:00:00,58.47,,0.03,0.12,1.03,5.26,83.37,998.8
2021-03-11 21:15:00,59.35,,0.26,0.45,0.84,5.36,81.33,998.9
2021-03-11 21:30:00,53.03,,0.42,0.62,1.33,5.45,80.60,999.0
2021-03-11 21:45:00,54.13,,0.70,1.02,1.64,5.51,80.33,999.1
2021-03-11 22:00:00,55.12,,0.53,0.86,1.63,5.49,80.11,999.2
2021-03-11 22:15:00,52.83,,0.40,0.64,1.43,5.46,79.41,999.3
2021-03-11 22:30:00,55.12,,0.24,0.40,1.19,5.46,80.35,999.3
2021-03-11 22:45:00,55.57,,0.07,0.16,0.70,5.41,79.76,999.2
2021-03-11 23:00:00,58.41,,0.07,0.21,0.70,5.31,80.76,999.2
2021-03-11 23:15:00,57.82,,0.13,0.33,0.99,5.34,80.85,999.2
2021-03-11 23:30:00,59.23,,0.12,0.43,1.37,5.45,79.57,999.2
2021-03-11 23:45:00,57.46,,0.26,0.48,1.22,5.39,79.26,999.1
2021-03-12 00:00:00,58.17,,0.28,0.46,1.41,5.35,79.83,999.1
2021-03-12 00:15:00,57.61,,0.29,0.58,1.22,5.36,80.38,999.0
2021-03-12 00:30:00,59.05,,0.18,0.44,1.28,5.35,79.62,999.0
2021-03-12 00:45:00,59.42,,0.43,0.80,1.71,5.32,79.62,998.9
2021-03-12 01:00:00,53.63,,0.33,0.61,1.63,5.39,79.22,998.9
2021-03-12 01:15:00,60.06,,0.19,0.41,1.39,5.47,78.36,998.7
2021-03-12 01:30:00,60.86,,0.19,0.40,1.30,5.48,78.71,998.7
2021-03-12 01:45:00,62.42,,0.01,0.16,1.29,5.41,80.37,998.6
2021-03-12 02:00:00,59.72,,0.08,0.32,1.20,5.43,80.68,998.4
2021-03-12 02:15:00,60.69,,0.03,0.23,0.97,5.39,81.32,998.1
2021-03-12 02:30:00,61.50,,0.20,0.51,1.62,5.50,80.88,997.9
2021-03-12 02:45:00,58.72,,0.14,0.33,1.30,5.71,79.03,997.6
2021-03-12 03:00:00,57.67,,0.07,0.24,1.28,5.76,78.34,997.4
2021-03-12 03:15:00,59.97,,0.17,0.37,1.44,5.69,78.79,997.4
2021-03-12 03:30:00,60.14,,0.07,0.17,0.88,5.67,79.25,997.3
2021-03-12 03:45:00,63.53,,0.09,0.43,1.31,5.67,79.63,997.1
2021-03-12 04:00:00,64.14,,0.15,0.37,1.20,5.68,79.48,996.9
2021-03-12 04:15:00,65.64,,0.05,0.22,0.93,5.56,80.22,996.7
2021-03-12 04:30:00,66.52,,0.04,0.09,0.61,5.54,80.72,996.6
2021-03-12 04:45:00,62.48,,0.04,0.17,0.81,5.68,79.29,996.4
2021-03-12 05:00:00,58.19,,0.11,0.20,1.00,5.75,78.49,996.1
2021-03-12 05:15:00,58.76,,0.12,0.30,1.34,5.69,79.66,995.9
2021-03-12 05:30:00,54.22,,0.21,0.54,1.40,5.66,80.03,995.8
2021-03-12 05:45:00,60.87,,0.07,0.14,0.93,5.70,79.69,995.8
2021-03-12 06:00:00,64.69,,0.05,0.16,0.66,5.67,80.28,995.8
2021-03-12 06:15:00,66.14,,0.04,0.17,0.67,5.66,80.64,995.6
2021-03-12 06:30:00,61.02,,0.07,0.23,1.01,5.93,78.64,995.6
2021-03-12 06:45:00,66.24,,0.00,0.03,0.40,5.75,79.61,995.6
2021-03-12 07:00:00,63.93,,0.01,0.01,0.11,5.60,82.07,995.5
2021-03-12 07:15:00,52.71,,0.00,0.04,0.23,5.65,81.87,995.4
2021-03-12 07:30:00,60.39,,0.00,0.01,0.04,5.47,84.69,995.5
2021-03-12 07:45:00,62.94,,0.00,0.00,0.00,5.40,85.28,995.5
2021-03-12 08:00:00,57.08,,0.01,0.01,0.06,5.44,85.59,995.6
2021-03-12 08:15:00,59.85,,0.00,0.01,0.12,5.38,86.06,995.6
2021-03-12 08:30:00,57.99,,0.00,0.03,0.33,5.45,85.65,995.8
2021-03-12 08:45:00,23.51,,0.00,0.00,0.07,6.24,83.22,995.9
2021-03-12 09:00:00,20.81,,0.00,0.03,0.12,7.32,73.69,995.9
2021-03-12 09:15:00,20.72,,0.00,0.01,0.24,8.30,65.71,995.9
2021-03-12 09:30:00,21.40,,0.00,0.06,0.30,8.54,63.08,995.9
2021-03-12 09:45:00,20.93,,0.07,0.14,0.47,8.60,62.83,996.1
2021-03-12 10:00:00,22.85,,0.00,0.08,0.54,8.11,64.85,996.3
2021-03-12 10:15:00,26.21,,0.00,0.00,0.44,7.58,67.43,996.4
2021-03-12 10:30:00,24.16,,0.07,0.11,0.38,7.85,65.85,996.4
2021-03-12 10:45:00,24.67,,0.00,0.00,0.26,7.90,64.49,996.3
2021-03-12 11:00:00,26.09,,0.01,0.04,0.37,7.54,66.95,996.4
2021-03-12 11:15:00,21.59,,0.03,0.05,0.29,7.48,68.29,996.5
2021-03-12 11:30:00,20.87,,0.00,0.00,0.23,7.77,66.19,996.4
2021-03-12 11:45:00,22.15,,0.00,0.03,0.51,7.86,65.38,996.4
2021-03-12 12:00:00,21.51,,0.00,0.03,0.32,8.00,64.65,996.5
2021-03-12 12:15:00,23.91,,0.01,0.08,0.33,7.79,65.05,996.5
2021-03-12 12:30:00,23.46,,0.02,0.05,0.34,7.62,65.73,996.6
2021-03-12 12:45:00,22.85,,0.01,0.06,0.56,7.66,65.46,996.6
2021-03-12 13:00:00,24.10,,0.01,0.09,0.42,7.63,64.97,996.5
2021-03-12 13:15:00,22.17,,0.25,0.50,0.95,7.68,65.22,996.5
2021-03-12 13:30:00,21.89,,0.04,0.11,0.48,7.74,64.75,996.4
2021-03-12 13:45:00,22.12,,0.02,0.04,0.46,7.71,64.82,996.2
2021-03-12 14:00:00,24.83,,0.01,0.07,0.54,7.69,64.18,996.0
2021-03-12 14:15:00,21.79,,0.01,0.02,0.34,7.79,65.35,995.9
2021-03-12 14:30:00,21.98,,0.03,0.09,0.37,7.81,64.89,995.8
2021-03-12 14:45:00,22.46,,0.07,0.20,0.68,7.66,65.97,995.7
2021-03-12 15:00:00,21.90,,0.01,0.07,0.59,7.68,65.74,995.6
2021-03-12 15:15:00,21.41,,0.28,0.48,1.11,7.72,66.12,995.5
2021-03-12 15:30:00,22.39,,0.01,0.03,0.33,7.71,66.41,995.4
2021-03-12 15:45:00,24.55,,0.04,0.17,0.75,7.44,68.66,995.3
2021-03-12 16:00:00,24.81,,0.07,0.19,0.81,7.26,70.33,995.1
2021-03-12 16:15:00,23.90,,0.02,0.07,0.67,7.32,70.38,994.8
2021-03-12 16:30:00,25.72,,0.06,0.17,0.65,7.25,70.47,994.7
2021-03-12 16:45:00,23.45,,0.03,0.06,0.46,7.00,72.23,994.3
2021-03-12 17:00:00,23.10,,0.00,0.04,0.33,7.02,72.10,994.0
2021-03-12 17:15:00,24.50,,0.02,0.06,0.26,7.00,72.09,993.7
2021-03-12 17:30:00,23.78,,0.03,0.09,0.52,7.11,71.89,993.4
2021-03-12 17:45:00,21.55,,0.06,0.08,0.45,7.11,72.47,993.2
2021-03-12 18:00:00,29.90,,0.03,0.06,0.58,6.86,73.02,993.0
2021-03-12 18:15:00,29.09,,0.01,0.01,0.29,6.73,73.84,992.8
2021-03-12 18:30:00,34.63,,0.04,0.14,0.50,6.68,74.02,992.8
2021-03-12 18:45:00,53.18,,0.26,0.42,1.07,6.12,76.93,992.8
2021-03-12 19:00:00,61.27,,0.29,0.47,1.26,5.58,82.14,992.7
2021-03-12 19:15:00,50.96,,0.70,0.96,1.52,5.56,83.31,992.4
2021-03-12 19:30:00,46.31,,0.81,1.12,1.86,5.48,84.65,991.9
2021-03-12 19:45:00,51.52,,0.42,0.67,1.24,5.33,86.29,991.6
2021-03-12 20:00:00,51.79,,0.01,0.03,0.31,5.57,100.0,304.3
2021-03-12 20:15:00,52.39,,0.02,0.03,0.26,5.64,100.0,237.6
2021-03-12 20:30:00,54.70,,0.16,0.25,0.48,5.49,100.0,182.8
2021-03-12 20:45:00,53.74,,0.39,0.53,1.07,5.40,89.22,989.3
2021-03-12 21:00:00,53.63,,0.72,0.97,1.62,5.43,89.89,988.7
2021-03-12 21:15:00,55.85,,0.43,0.58,0.93,5.35,90.83,988.4
2021-03-12 21:30:00,60.57,,0.03,0.08,0.45,5.26,91.89,987.7
2021-03-12 21:45:00,55.32,,0.04,0.17,0.67,5.36,90.98,987.5
2021-03-12 22:00:00,63.03,,0.01,0.06,0.25,5.26,90.57,986.8
2021-03-12 22:15:00,65.93,,0.00,0.00,0.02,5.28,89.45,986.4
2021-03-12 22:30:00,71.36,,0.00,0.00,0.05,5.33,89.08,985.7
2021-03-12 22:45:00,67.26,,0.00,0.00,0.04,5.41,88.65,985.4
2021-03-12 23:00:00,89.03,,0.06,0.09,0.24,5.13,93.30,984.7
2021-03-12 23:15:00,96.61,,0.04,0.08,0.23,4.85,97.02,984.4
2021-03-12 23:30:00,86.74,,0.04,0.04,0.14,4.94,97.12,983.6
2021-03-12 23:45:00,69.16,,0.09,0.11,0.39,5.05,97.14,983.3
