2021-02-28 00:00:00,30.48,,10.33,13.33,13.66,11.01,68.27,1038.
2021-02-28 00:15:00,30.49,,10.31,13.33,13.70,10.98,68.12,1038.
2021-02-28 00:30:00,29.28,,12.65,18.91,20.41,10.89,68.01,1038.
2021-02-28 00:45:00,19.01,,11.46,15.55,16.20,10.91,67.73,1038.
2021-02-28 01:00:00,16.40,,10.53,14.19,14.96,10.89,67.58,1038.
2021-02-28 01:15:00,16.56,,10.37,13.35,13.62,10.86,67.13,1038.
2021-02-28 01:30:00,18.18,,10.23,13.38,13.87,10.61,67.13,1038.
2021-02-28 01:45:00,19.49,,9.82,12.55,12.91,10.48,66.68,1038.
2021-02-28 02:00:00,20.08,,9.90,12.65,13.02,10.52,66.48,1038.
2021-02-28 02:15:00,21.56,,9.67,12.55,13.00,10.46,66.00,1038.
2021-02-28 02:30:00,23.19,,9.95,12.76,13.17,10.25,66.12,1038.
2021-02-28 02:45:00,24.30,,10.08,12.67,13.02,10.27,65.68,1038.
2021-02-28 03:00:00,24.76,,9.99,12.33,12.79,10.05,65.60,1038.
2021-02-28 03:15:00,26.17,,10.30,12.51,12.75,10.04,65.23,1037.
2021-02-28 03:30:00,27.25,,10.49,13.25,13.55,9.93,65.14,1037.
2021-02-28 03:45:00,28.29,,10.48,12.86,13.26,9.69,64.96,1037.
2021-02-28 04:00:00,29.24,,11.06,13.76,13.94,9.89,64.43,1037.
2021-02-28 04:15:00,30.25,,11.18,13.89,14.25,9.80,63.97,1037.
2021-02-28 04:30:00,32.07,,11.52,14.51,14.94,9.71,63.88,1037.
2021-02-28 04:45:00,33.03,,11.71,14.68,15.15,9.53,63.88,1037.
2021-02-28 05:00:00,33.54,,12.10,14.75,15.00,9.57,63.64,1037.
2021-02-28 05:15:00,34.66,,12.13,14.83,15.16,9.47,63.32,1037.
2021-02-28 05:30:00,35.33,,12.29,15.11,15.46,9.24,63.70,1037.
2021-02-28 05:45:00,35.96,,12.37,15.28,15.58,9.07,63.88,1037.
2021-02-28 06:00:00,37.15,,12.74,15.46,15.80,9.17,63.61,1037.
2021-02-28 06:15:00,37.96,,13.05,16.03,16.53,9.14,63.36,1037.
2021-02-28 06:30:00,38.39,,13.55,16.67,17.11,9.01,63.39,1037.
2021-02-28 06:45:00,39.95,,13.43,16.43,16.73,9.03,63.21,1037.
2021-02-28 07:00:00,40.18,,14.14,17.33,17.78,9.09,62.97,1037.
2021-02-28 07:15:00,41.12,,14.64,18.05,18.57,9.04,62.65,1037.
2021-02-28 07:30:00,42.18,,14.94,18.12,18.63,8.89,62.70,1037.
2021-02-28 07:45:00,42.96,,15.97,19.47,19.91,8.76,62.59,1037.
2021-02-28 08:00:00,42.79,,16.18,19.87,20.29,8.90,62.28,1037.
2021-02-28 08:15:00,42.62,,16.46,20.48,20.98,8.99,61.91,1037.
2021-02-28 08:30:00,42.51,,17.31,21.30,21.81,9.05,61.55,1037.
2021-02-28 08:45:00,42.47,,17.26,21.41,21.96,9.05,61.55,1037.
2021-02-28 09:00:00,42.08,,17.77,21.68,22.14,8.73,61.65,1037.
2021-02-28 09:15:00,41.11,,17.44,21.23,21.72,9.15,61.56,1037.
2021-02-28 09:30:00,41.87,,18.07,22.07,22.44,9.08,61.50,1037.
2021-02-28 09:45:00,42.15,,17.97,22.17,22.80,8.99,61.72,1037.
2021-02-28 10:00:00,37.20,,18.82,23.31,23.77,8.92,63.22,1037.
2021-02-28 10:15:00,34.35,,20.53,26.33,27.09,9.32,63.65,1037.
2021-02-28 10:30:00,36.57,,18.98,23.65,24.14,9.60,61.58,1037.
2021-02-28 10:45:00,36.38,,18.50,22.54,23.11,9.80,61.32,1037.
2021-02-28 11:00:00,36.74,,21.34,28.16,30.30,9.81,65.28,1037.
2021-02-28 11:15:00,50.01,,22.36,30.07,32.72,9.58,64.54,1037.
2021-02-28 11:30:00,30.88,,17.14,20.89,21.38,9.35,70.37,1037.
2021-02-28 11:45:00,17.41,,16.58,20.01,20.52,9.77,82.08,1037.
2021-02-28 12:00:00,23.14,,14.83,17.96,18.55,10.06,73.85,1037.
2021-02-28 12:15:00,26.60,,14.37,17.40,17.84,10.10,70.67,1037.
2021-02-28 12:30:00,28.64,,13.41,16.44,16.84,10.00,69.31,1036.
2021-02-28 12:45:00,24.04,,20.91,31.85,40.20,10.18,73.26,1036.
2021-02-28 13:00:00,27.79,,16.57,23.71,25.99,10.58,71.74,1036.
2021-02-28 13:15:00,34.79,,14.85,20.88,22.99,10.61,67.84,1036.
2021-02-28 13:30:00,38.10,,14.06,18.85,20.22,10.58,66.22,1035.
2021-02-28 13:45:00,40.33,,12.25,15.78,16.90,10.53,64.33,1035.
2021-02-28 14:00:00,41.37,,11.65,14.43,15.11,10.39,62.18,1035.
2021-02-28 14:15:00,42.55,,10.40,12.47,13.17,10.50,60.59,1035.
2021-02-28 14:30:00,42.61,,10.31,12.21,12.74,10.53,59.69,1035.
2021-02-28 14:45:00,42.50,,10.09,11.93,12.46,10.68,58.64,1035.
2021-02-28 15:00:00,40.25,,11.73,14.27,14.58,10.20,60.09,1034.
2021-02-28 15:15:00,18.04,,15.64,18.50,18.96,10.66,66.13,1034.
2021-02-28 15:30:00,0.00,,18.89,22.86,23.51,11.47,69.43,1034.
2021-02-28 15:45:00,0.00,,13.75,16.34,16.75,11.61,65.22,1033.
2021-02-28 16:00:00,0.00,,13.55,16.07,16.56,11.66,62.15,1033.
2021-02-28 16:15:00,9.04,,12.61,14.61,14.93,11.64,61.47,1033.
2021-02-28 16:30:00,14.94,,12.11,14.05,14.31,11.66,61.13,1034.
2021-02-28 16:45:00,17.89,,11.80,13.56,13.94,11.55,61.01,1033.
2021-02-28 17:00:00,19.26,,11.07,12.82,13.26,11.37,61.25,1033.
2021-02-28 17:15:00,21.27,,10.46,11.97,12.24,10.98,61.47,1033.
2021-02-28 17:30:00,22.67,,9.94,11.46,11.98,11.16,61.48,1033.
2021-02-28 17:45:00,24.42,,9.83,11.30,11.57,10.75,61.74,1033.
2021-02-28 18:00:00,27.11,,10.54,12.07,12.38,10.65,62.73,1033.
2021-02-28 18:15:00,19.96,,10.96,13.20,13.76,10.69,65.49,1033.
2021-02-28 18:30:00,19.88,,10.88,12.48,12.77,11.01,65.65,1033.
2021-02-28 18:45:00,24.83,,11.78,14.05,14.57,11.07,65.08,1033.
2021-02-28 19:00:00,29.36,,14.05,16.98,17.50,11.22,65.21,1033.
2021-02-28 19:15:00,31.19,,14.04,16.84,17.26,11.52,64.53,1033.
2021-02-28 19:30:00,35.79,,16.05,19.99,20.45,11.87,62.60,1033.
2021-02-28 19:45:00,33.79,,15.83,19.56,19.99,12.02,61.90,1033.
2021-02-28 20:00:00,31.33,,15.42,18.85,19.23,12.47,61.64,1033.
2021-02-28 20:15:00,30.64,,14.67,17.99,18.55,12.18,60.92,1033.
2021-02-28 20:30:00,29.65,,14.79,18.47,18.94,12.68,60.63,1033.
2021-02-28 20:45:00,28.54,,14.16,17.35,17.85,12.58,60.90,1033.
2021-02-28 21:00:00,26.80,,14.36,18.20,18.57,12.54,62.07,1033.
2021-02-28 21:15:00,17.76,,16.09,20.34,20.71,13.10,67.36,1033.
2021-02-28 21:30:00,18.72,,14.84,18.66,19.20,13.21,64.30,1033.
2021-02-28 21:45:00,18.56,,14.18,17.98,18.47,13.30,63.05,1033.
2021-02-28 22:00:00,18.67,,14.99,18.88,19.32,13.23,62.68,1033.
2021-02-28 22:15:00,17.31,,15.04,19.25,19.69,13.15,62.97,1033.
2021-02-28 22:30:00,16.66,,15.47,19.92,20.29,13.15,63.16,1033.
2021-02-28 22:45:00,16.55,,15.30,19.61,20.07,13.07,63.07,1033.
2021-02-28 23:00:00,16.82,,15.68,20.38,20.87,13.04,62.71,1033.
2021-02-28 23:15:00,17.41,,16.38,21.04,21.65,13.04,62.43,1033.
2021-02-28 23:30:00,17.14,,16.69,21.76,22.29,12.99,62.50,1033.
2021-02-28 23:45:00,17.91,,16.80,21.87,22.39,12.75,62.70,1033.
2021-03-01 00:00:00,18.89,,17.67,22.39,22.86,12.60,62.77,1033.
2021-03-01 00:15:00,18.42,,18.21,23.43,23.90,12.69,62.98,1033.
2021-03-01 00:30:00,19.63,,18.66,25.05,25.66,12.54,62.67,1033.
2021-03-01 00:45:00,24.21,,20.96,29.20,30.48,12.37,61.32,1033.
2021-03-01 01:00:00,26.78,,22.00,31.05,33.19,12.09,61.06,1033.
2021-03-01 01:15:00,28.45,,22.52,31.75,34.30,11.79,60.93,1033.
2021-03-01 01:30:00,30.42,,23.42,33.14,36.74,11.54,60.58,1033.
2021-03-01 01:45:00,32.83,,23.82,33.84,38.07,11.26,60.44,1033.
2021-03-01 02:00:00,33.34,,23.91,34.04,38.09,11.10,60.45,1032.
2021-03-01 02:15:00,33.75,,24.15,34.38,38.51,10.93,60.50,1033.
2021-03-01 02:30:00,33.49,,23.90,34.73,39.73,10.71,60.73,1032.
2021-03-01 02:45:00,34.26,,24.20,34.80,39.58,10.62,60.47,1032.
2021-03-01 03:00:00,34.02,,23.54,34.01,38.29,10.40,60.81,1032.
2021-03-01 03:15:00,34.84,,23.74,34.06,38.38,10.17,60.74,1032.
2021-03-01 03:30:00,36.04,,23.71,33.79,37.89,10.15,60.50,1032.
2021-03-01 03:45:00,37.81,,23.89,33.96,38.19,10.00,60.29,1032.
2021-03-01 04:00:00,38.94,,23.30,33.27,36.95,9.76,60.34,1032.
2021-03-01 04:15:00,39.80,,22.97,32.95,36.36,9.58,60.48,1032.
2021-03-01 04:30:00,40.43,,22.74,32.57,36.02,9.49,60.28,1032.
2021-03-01 04:45:00,41.18,,22.44,31.62,34.06,9.41,60.25,1032.
2021-03-01 05:00:00,42.30,,22.24,31.06,32.96,9.23,60.36,1032.
2021-03-01 05:15:00,42.96,,21.59,30.04,31.62,8.95,60.58,1032.
2021-03-01 05:30:00,42.95,,20.90,28.91,29.82,8.91,61.00,1032.
2021-03-01 05:45:00,43.79,,20.60,28.45,29.45,8.86,60.82,1032.
2021-03-01 06:00:00,44.98,,20.06,27.79,28.65,8.67,60.73,1031.
2021-03-01 06:15:00,46.13,,19.97,26.71,27.34,8.60,60.71,1031.
2021-03-01 06:30:00,47.99,,19.83,26.42,27.17,8.35,60.83,1031.
2021-03-01 06:45:00,50.43,,19.43,25.88,26.60,8.26,60.63,1031.
2021-03-01 07:00:00,52.77,,19.48,25.72,26.24,8.13,60.46,1031.
2021-03-01 07:15:00,54.18,,19.51,26.27,27.21,8.07,60.41,1031.
2021-03-01 07:30:00,56.51,,19.27,25.78,26.30,7.92,60.26,1031.
2021-03-01 07:45:00,56.35,,18.32,24.18,24.86,7.84,60.46,1031.
2021-03-01 08:00:00,55.28,,17.08,22.27,22.99,7.84,60.81,1031.
2021-03-01 08:15:00,56.15,,16.54,21.20,21.66,7.76,60.57,1031.
2021-03-01 08:30:00,57.94,,17.20,22.35,22.79,7.71,60.45,1031.
2021-03-01 08:45:00,59.07,,16.76,21.72,22.28,7.64,60.39,1031.
2021-03-01 09:00:00,57.12,,16.19,20.32,20.80,7.71,60.77,1032.
2021-03-01 09:15:00,54.81,,15.52,19.72,20.04,7.67,61.33,1031.
2021-03-01 09:30:00,42.54,,13.54,16.56,17.02,7.54,67.51,1031.
2021-03-01 09:45:00,40.37,,12.66,15.83,16.16,8.12,67.46,1032.
2021-03-01 10:00:00,39.00,,13.15,16.02,16.36,7.99,68.02,1031.
2021-03-01 10:15:00,29.63,,15.62,20.18,21.79,8.18,70.51,1031.
2021-03-01 10:30:00,8.18,,25.71,34.11,38.74,8.16,73.48,1031.
2021-03-01 10:45:00,23.41,,14.21,17.10,17.46,8.64,70.06,1031.
2021-03-01 11:00:00,25.12,,14.13,17.07,17.44,8.52,70.29,1031.
2021-03-01 11:15:00,24.97,,12.79,15.51,15.81,8.82,70.13,1031.
2021-03-01 11:30:00,25.88,,13.00,15.52,15.70,8.79,69.57,1031.
2021-03-01 11:45:00,26.36,,12.61,15.11,15.33,8.92,69.35,1031.
2021-03-01 12:00:00,27.15,,12.00,14.44,14.70,8.88,69.39,1031.
2021-03-01 12:15:00,27.23,,11.39,13.67,14.03,9.36,69.08,1031.
2021-03-01 12:30:00,24.81,,11.03,13.46,13.77,9.44,70.57,1031.
2021-03-01 12:45:00,18.82,,10.60,12.90,13.14,9.82,70.79,1031.
2021-03-01 13:00:00,16.72,,10.13,12.10,12.34,9.53,72.48,1030.
2021-03-01 13:15:00,16.47,,9.36,11.06,11.34,9.56,74.59,1030.
2021-03-01 13:30:00,15.21,,9.18,10.90,11.15,9.65,76.33,1030.
2021-03-01 13:45:00,14.07,,9.07,10.68,11.05,9.44,77.77,1029.
2021-03-01 14:00:00,10.17,,11.47,13.70,13.93,9.40,77.91,1029.
2021-03-01 14:15:00,0.00,,13.98,16.94,17.30,9.92,76.95,1029.
2021-03-01 14:30:00,79.62,,16.40,21.02,22.06,10.69,83.67,1029.
2021-03-01 14:45:00,17.83,,16.04,21.15,22.48,11.62,87.64,1029.
2021-03-01 15:00:00,0.69,,9.50,11.37,11.53,11.36,78.39,1029.
2021-03-01 15:15:00,0.68,,9.99,12.50,12.66,11.25,78.47,1029.
2021-03-01 15:30:00,0.00,,9.47,11.83,12.05,11.44,77.62,1029.
2021-03-01 15:45:00,0.00,,9.93,12.41,12.79,11.52,76.18,1029.
2021-03-01 16:00:00,0.00,,9.68,11.80,12.00,10.95,76.05,1028.
2021-03-01 16:15:00,0.00,,9.77,12.17,12.53,11.14,75.81,1029.
2021-03-01 16:30:00,0.02,,9.24,11.44,11.82,11.17,75.38,1029.
2021-03-01 16:45:00,1.10,,8.55,10.69,11.03,11.05,74.78,1029.
2021-03-01 17:00:00,2.49,,8.76,10.85,11.12,11.08,74.20,1029.
2021-03-01 17:15:00,0.84,,8.98,11.11,11.31,11.07,74.35,1029.
2021-03-01 17:30:00,3.20,,8.13,10.07,10.24,10.83,73.00,1029.
2021-03-01 17:45:00,5.38,,8.11,9.76,10.00,10.61,72.66,1029.
2021-03-01 18:00:00,6.76,,8.25,10.00,10.20,10.34,72.34,1029.
2021-03-01 18:15:00,8.27,,7.70,9.27,9.57,10.14,72.03,1029.
2021-03-01 18:30:00,10.18,,7.87,9.50,9.63,10.08,71.68,1029.
2021-03-01 18:45:00,11.98,,8.23,9.88,10.00,10.06,71.22,1029.
2021-03-01 19:00:00,13.90,,8.11,9.90,10.01,9.93,70.72,1029.
2021-03-01 19:15:00,15.16,,8.24,9.90,10.09,10.07,70.36,1029.
2021-03-01 19:30:00,16.49,,8.08,9.59,9.71,10.03,70.03,1029.
2021-03-01 19:45:00,17.52,,7.84,9.50,9.76,9.60,69.74,1029.
2021-03-01 20:00:00,29.87,,10.38,12.74,13.04,9.59,72.31,1029.
2021-03-01 20:15:00,73.62,,20.07,30.66,35.46,10.31,83.54,1029.
2021-03-01 20:30:00,39.03,,19.72,30.36,34.54,11.28,82.59,1029.
2021-03-01 20:45:00,20.16,,18.96,28.46,30.96,11.07,79.36,1028.
2021-03-01 21:00:00,12.14,,17.36,26.28,28.78,12.30,76.58,1029.
2021-03-01 21:15:00,9.83,,15.76,23.48,25.58,12.16,74.46,1029.
2021-03-01 21:30:00,9.10,,15.03,22.14,24.12,12.39,73.20,1029.
2021-03-01 21:45:00,4.70,,14.92,21.44,22.96,12.08,74.23,1029.
2021-03-01 22:00:00,0.00,,14.67,21.33,23.02,12.43,79.20,1029.
2021-03-01 22:15:00,0.75,,15.01,21.28,22.31,12.58,75.78,1029.
2021-03-01 22:30:00,1.76,,15.78,22.38,23.64,12.35,76.88,1029.
2021-03-01 22:45:00,5.09,,15.03,22.24,23.76,12.34,75.09,1029.
2021-03-01 23:00:00,7.81,,14.21,20.78,22.34,12.37,73.02,1029.
2021-03-01 23:15:00,10.24,,14.46,20.76,21.83,12.26,71.82,1029.
2021-03-01 23:30:00,11.64,,14.77,21.49,22.83,12.27,71.27,1030.
2021-03-01 23:45:00,12.90,,14.84,22.11,23.12,12.27,70.63,1029.
2021-03-02 00:00:00,14.68,,15.07,21.71,22.68,12.20,69.79,1029.
2021-03-02 00:15:00,16.19,,16.15,22.25,23.06,12.06,69.73,1029.
2021-03-02 00:30:00,16.12,,15.84,23.00,23.96,11.78,69.83,1029.
2021-03-02 00:45:00,18.41,,16.59,24.12,24.92,11.67,69.05,1029.
2021-03-02 01:00:00,20.09,,16.82,24.42,25.29,11.43,68.95,1029.
2021-03-02 01:15:00,22.45,,17.17,24.44,25.32,11.24,68.64,1029.
2021-03-02 01:30:00,24.41,,17.07,24.51,25.33,10.91,68.54,1029.
2021-03-02 01:45:00,26.07,,17.27,24.92,25.64,11.01,67.99,1029.
2021-03-02 02:00:00,26.88,,16.95,24.11,24.74,10.83,68.20,1029.
2021-03-02 02:15:00,27.87,,17.22,24.83,25.66,10.62,68.59,1029.
2021-03-02 02:30:00,28.62,,17.14,25.23,25.99,10.49,68.82,1029.
2021-03-02 02:45:00,30.80,,17.98,26.31,27.00,10.31,68.31,1029.
2021-03-02 03:00:00,32.29,,17.58,26.00,26.73,10.28,67.84,1029.
2021-03-02 03:15:00,33.14,,17.84,25.91,26.57,10.13,67.91,1029.
2021-03-02 03:30:00,33.90,,17.51,26.12,27.02,10.01,67.88,1029.
2021-03-02 03:45:00,34.72,,17.05,25.07,25.70,9.85,68.04,1029.
2021-03-02 04:00:00,35.55,,16.25,24.28,25.03,9.75,67.98,1029.
2021-03-02 04:15:00,37.53,,16.21,24.39,25.27,9.60,67.50,1029.
2021-03-02 04:30:00,38.64,,15.91,23.94,24.65,9.52,67.23,1028.
2021-03-02 04:45:00,39.79,,15.11,22.76,23.37,9.34,67.34,1028.
2021-03-02 05:00:00,40.70,,14.51,20.81,21.34,9.26,67.13,1028.
2021-03-02 05:15:00,41.08,,13.97,20.10,20.56,8.99,67.75,1028.
2021-03-02 05:30:00,42.66,,13.59,19.47,19.83,8.99,67.29,1028.
2021-03-02 05:45:00,44.00,,13.45,19.51,19.82,8.93,66.94,1028.
2021-03-02 06:00:00,44.53,,12.90,17.92,18.15,8.84,67.15,1028.
2021-03-02 06:15:00,45.70,,12.40,17.41,17.83,8.59,67.20,1028.
2021-03-02 06:30:00,46.38,,12.09,16.67,16.97,8.69,66.84,1028.
2021-03-02 06:45:00,47.86,,11.51,15.58,15.88,8.60,66.17,1028.
2021-03-02 07:00:00,48.18,,10.89,15.02,15.33,8.57,66.09,1028.
2021-03-02 07:15:00,48.47,,10.15,13.88,14.10,8.46,66.65,1029.
2021-03-02 07:30:00,48.57,,9.23,12.52,12.73,8.24,66.99,1029.
2021-03-02 07:45:00,48.91,,8.93,11.80,12.00,8.20,67.18,1029.
2021-03-02 08:00:00,49.74,,8.66,11.11,11.26,8.15,66.98,1029.
2021-03-02 08:15:00,51.01,,8.23,10.81,11.00,8.08,66.73,1029.
2021-03-02 08:30:00,51.63,,7.86,10.40,10.67,8.02,66.71,1029.
2021-03-02 08:45:00,51.13,,8.22,10.62,10.93,8.02,66.91,1029.
2021-03-02 09:00:00,53.50,,8.99,11.79,11.97,8.00,65.99,1029.
2021-03-02 09:15:00,42.24,,9.00,12.08,12.44,7.97,70.67,1029.
2021-03-02 09:30:00,27.92,,9.29,12.28,12.50,8.29,74.16,1029.
2021-03-02 09:45:00,30.94,,8.96,11.52,11.71,9.10,71.35,1029.
2021-03-02 10:00:00,33.14,,8.62,11.17,11.33,9.58,69.00,1029.
2021-03-02 10:15:00,32.35,,8.95,11.88,12.14,10.06,68.43,1029.
2021-03-02 10:30:00,31.64,,8.44,11.37,11.47,10.25,67.77,1029.
2021-03-02 10:45:00,31.80,,8.34,10.98,11.17,10.48,67.18,1029.
2021-03-02 11:00:00,32.42,,8.86,11.51,11.69,10.63,66.60,1029.
2021-03-02 11:15:00,28.50,,8.98,12.02,12.28,10.75,68.07,1029.
2021-03-02 11:30:00,29.90,,8.64,11.73,11.88,10.95,67.19,1029.
2021-03-02 11:45:00,30.71,,8.66,11.59,11.89,11.10,66.43,1029.
2021-03-02 12:00:00,31.87,,9.03,11.88,12.01,11.15,65.84,1029.
2021-03-02 12:15:00,33.45,,9.34,12.29,12.51,11.03,65.55,1029.
2021-03-02 12:30:00,33.54,,8.99,11.94,12.14,11.11,65.78,1029.
2021-03-02 12:45:00,35.74,,9.52,12.80,13.14,11.05,65.12,1029.
2021-03-02 13:00:00,35.69,,9.73,12.80,12.91,10.84,65.79,1029.
2021-03-02 13:15:00,37.16,,9.86,13.12,13.36,10.65,66.06,1028.
2021-03-02 13:30:00,37.47,,10.33,13.25,13.46,10.54,66.24,1028.
2021-03-02 13:45:00,37.13,,10.08,13.02,13.24,10.60,66.93,1028.
2021-03-02 14:00:00,128.7,,11.26,14.69,14.96,10.70,71.18,1028.
2021-03-02 14:15:00,190.5,,17.23,25.76,29.59,10.99,81.65,1028.
2021-03-02 14:30:00,0.00,,21.55,34.05,40.52,11.50,85.62,1028.
2021-03-02 14:45:00,0.00,,16.85,25.90,27.78,11.61,79.94,1028.
2021-03-02 15:00:00,0.00,,13.10,18.65,19.50,11.50,74.30,1028.
2021-03-02 15:15:00,0.00,,11.21,14.73,15.07,11.21,72.32,1027.
2021-03-02 15:30:00,0.00,,11.54,15.40,16.01,11.20,77.89,1027.
2021-03-02 15:45:00,29.02,,23.38,38.69,45.85,9.48,65.56,1027.
2021-03-02 16:00:00,33.10,,23.14,37.90,44.33,8.77,68.47,1027.
2021-03-02 16:15:00,44.05,,25.21,41.47,49.59,8.35,67.70,1027.
2021-03-02 16:30:00,55.79,,26.25,43.56,52.80,7.27,67.90,1027.
2021-03-02 16:45:00,59.18,,26.10,43.02,51.68,7.02,68.57,1027.
2021-03-02 17:00:00,58.03,,25.15,40.39,48.42,6.94,69.02,1027.
2021-03-02 17:15:00,61.74,,25.45,40.83,48.65,6.32,68.27,1026.
2021-03-02 17:30:00,65.57,,25.76,40.86,48.62,6.19,68.35,1027.
2021-03-02 17:45:00,79.01,,26.49,43.04,51.57,5.29,68.65,1026.
2021-03-02 18:00:00,83.64,,26.51,43.29,52.09,4.58,70.18,1026.
2021-03-02 18:15:00,11.99,,21.64,34.21,38.11,5.57,75.08,1027.
2021-03-02 18:30:00,17.36,,20.01,31.24,33.31,6.95,73.53,1027.
2021-03-02 18:45:00,24.03,,19.20,30.77,32.41,7.61,70.70,1026.
2021-03-02 19:00:00,24.14,,20.66,32.65,35.88,8.36,68.72,1026.
2021-03-02 19:15:00,13.53,,21.68,33.80,37.86,9.22,69.09,1027.
2021-03-02 19:30:00,0.00,,22.83,36.44,42.74,10.64,75.34,1027.
2021-03-02 19:45:00,16.91,,23.43,37.09,43.38,11.10,76.45,1027.
2021-03-02 20:00:00,0.00,,23.59,38.00,45.14,11.31,73.24,1027.
2021-03-02 20:15:00,0.00,,25.36,40.74,49.08,11.52,75.74,1027.
2021-03-02 20:30:00,0.00,,25.85,41.57,50.46,11.66,70.33,1027.
2021-03-02 20:45:00,0.00,,25.66,41.03,49.33,11.67,68.06,1027.
2021-03-02 21:00:00,4.68,,26.01,41.38,49.59,11.76,65.00,1027.
2021-03-02 21:15:00,10.04,,26.66,42.06,50.66,11.78,63.23,1027.
2021-03-02 21:30:00,12.56,,26.82,42.39,50.91,11.78,62.48,1028.
2021-03-02 21:45:00,15.34,,27.13,42.91,51.47,11.67,61.90,1027.
2021-03-02 22:00:00,17.28,,27.86,44.34,53.59,11.48,61.48,1027.
2021-03-02 22:15:00,14.38,,28.41,45.81,55.99,10.89,65.73,1028.
2021-03-02 22:30:00,15.70,,26.65,42.23,50.49,10.91,65.36,1028.
2021-03-02 22:45:00,19.66,,26.38,41.48,49.57,10.85,64.07,1028.
2021-03-02 23:00:00,22.32,,26.51,41.52,50.07,10.73,63.38,1028.
2021-03-02 23:15:00,19.95,,27.61,43.72,52.70,10.73,67.75,1027.
2021-03-02 23:30:00,24.41,,29.47,46.47,56.71,10.62,66.95,1027.
2021-03-02 23:45:00,29.61,,30.21,47.59,58.41,10.36,64.94,1027.
2021-03-03 00:00:00,32.24,,30.82,48.57,59.83,10.07,64.63,1027.
2021-03-03 00:15:00,33.10,,31.45,49.55,61.08,9.86,64.79,1027.
2021-03-03 00:30:00,34.56,,31.98,50.59,62.69,9.73,64.55,1027.
2021-03-03 00:45:00,36.41,,32.29,51.09,63.43,9.60,64.24,1027.
2021-03-03 01:00:00,38.18,,32.31,51.02,63.20,9.46,64.13,1027.
2021-03-03 01:15:00,38.15,,31.96,50.50,62.50,9.31,64.56,1027.
2021-03-03 01:30:00,38.23,,31.57,49.99,61.85,9.07,64.83,1027.
2021-03-03 01:45:00,39.08,,31.36,49.85,61.61,9.05,64.69,1027.
2021-03-03 02:00:00,40.72,,31.39,49.73,61.60,8.92,64.47,1027.
2021-03-03 02:15:00,41.54,,31.18,49.76,61.57,8.84,64.62,1027.
2021-03-03 02:30:00,42.77,,31.33,49.94,61.90,8.76,64.43,1027.
2021-03-03 02:45:00,43.75,,31.00,49.83,61.71,8.71,64.32,1027.
2021-03-03 03:00:00,44.88,,30.86,49.37,61.24,8.64,64.14,1027.
2021-03-03 03:15:00,45.58,,30.21,49.01,60.75,8.49,64.30,1026.
2021-03-03 03:30:00,46.28,,30.04,48.64,60.04,8.40,64.42,1026.
2021-03-03 03:45:00,47.56,,29.47,48.32,60.07,8.24,64.29,1026.
2021-03-03 04:00:00,48.05,,29.76,48.53,60.03,8.24,64.24,1026.
2021-03-03 04:15:00,48.67,,29.41,48.50,60.08,8.14,64.33,1026.
2021-03-03 04:30:00,50.29,,29.27,48.28,59.87,8.02,64.12,1026.
2021-03-03 04:45:00,51.29,,28.91,47.94,59.31,7.95,64.15,1026.
2021-03-03 05:00:00,51.51,,28.37,46.99,58.09,7.80,64.34,1026.
2021-03-03 05:15:00,51.79,,28.35,47.10,58.27,7.75,64.54,1026.
2021-03-03 05:30:00,51.68,,28.08,46.61,57.37,7.70,64.60,1026.
2021-03-03 05:45:00,54.51,,27.97,46.65,57.71,7.57,63.97,1026.
2021-03-03 06:00:00,56.74,,27.78,46.33,57.40,7.41,63.85,1026.
2021-03-03 06:15:00,57.27,,27.35,45.82,56.51,7.24,63.87,1026.
2021-03-03 06:30:00,58.29,,26.95,45.19,55.71,7.32,63.74,1026.
2021-03-03 06:45:00,60.23,,26.70,44.99,55.34,7.15,63.76,1026.
2021-03-03 07:00:00,61.86,,26.50,44.62,54.96,7.03,63.72,1026.
2021-03-03 07:15:00,62.38,,25.78,43.94,54.12,6.99,63.69,1026.
2021-03-03 07:30:00,61.70,,25.46,43.50,53.14,6.92,63.87,1026.
2021-03-03 07:45:00,62.85,,24.73,42.43,51.79,6.86,63.94,1026.
2021-03-03 08:00:00,63.50,,24.23,41.83,51.08,6.77,63.92,1026.
2021-03-03 08:15:00,64.57,,23.53,40.48,49.19,6.69,63.70,1026.
2021-03-03 08:30:00,65.85,,23.01,39.64,48.06,6.55,63.56,1026.
2021-03-03 08:45:00,65.86,,22.29,38.09,45.98,6.56,63.67,1026.
2021-03-03 09:00:00,51.07,,20.79,34.83,40.70,6.54,69.28,1026.
2021-03-03 09:15:00,39.36,,20.38,33.61,38.80,6.89,73.09,1026.
2021-03-03 09:30:00,36.64,,19.72,32.07,35.44,7.60,72.83,1026.
2021-03-03 09:45:00,37.24,,18.92,30.18,32.41,8.19,70.55,1026.
2021-03-03 10:00:00,36.63,,18.32,29.79,32.23,8.71,69.36,1026.
2021-03-03 10:15:00,35.42,,18.57,29.92,32.49,8.87,69.26,1026.
2021-03-03 10:30:00,24.32,,19.21,30.55,33.40,9.22,71.90,1026.
2021-03-03 10:45:00,33.13,,16.50,27.19,28.98,9.59,68.36,1026.
2021-03-03 11:00:00,33.37,,15.61,25.05,25.98,9.68,68.22,1026.
2021-03-03 11:15:00,33.04,,15.01,23.82,24.80,9.88,68.00,1026.
2021-03-03 11:30:00,31.65,,14.06,22.41,23.24,10.28,67.35,1026.
2021-03-03 11:45:00,30.13,,13.72,21.89,22.78,10.60,66.74,1026.
2021-03-03 12:00:00,30.48,,13.41,20.93,21.85,10.75,66.33,1026.
2021-03-03 12:15:00,30.03,,13.11,20.69,21.53,10.79,66.14,1026.
2021-03-03 12:30:00,30.39,,13.33,20.81,21.88,11.12,65.66,1026.
2021-03-03 12:45:00,30.10,,13.52,21.59,22.77,11.26,65.84,1026.
2021-03-03 13:00:00,29.90,,13.61,21.51,22.43,11.23,66.18,1026.
2021-03-03 13:15:00,31.30,,14.13,22.42,23.42,11.17,65.55,1025.
2021-03-03 13:30:00,29.59,,13.30,20.73,21.32,11.28,66.13,1026.
2021-03-03 13:45:00,28.60,,14.10,22.02,22.91,11.33,66.08,1026.
2021-03-03 14:00:00,30.09,,15.36,24.01,25.02,11.30,65.60,1025.
2021-03-03 14:15:00,45.91,,15.10,24.50,25.69,11.43,65.51,1025.
2021-03-03 14:30:00,64.03,,15.22,23.98,25.01,11.64,67.08,1025.
2021-03-03 14:45:00,35.10,,16.40,26.24,27.64,11.78,67.23,1025.
2021-03-03 15:00:00,31.08,,15.82,24.71,25.99,11.73,67.92,1025.
2021-03-03 15:15:00,33.74,,16.85,26.10,27.20,11.62,65.36,1025.
2021-03-03 15:30:00,35.13,,16.44,25.58,26.80,11.44,64.97,1025.
2021-03-03 15:45:00,36.68,,17.07,27.06,28.33,11.34,64.32,1025.
2021-03-03 16:00:00,37.77,,17.51,27.37,28.81,11.30,64.05,1025.
2021-03-03 16:15:00,37.84,,17.06,26.41,27.56,11.13,64.57,1025.
2021-03-03 16:30:00,37.57,,16.61,25.51,26.82,11.00,64.83,1024.
2021-03-03 16:45:00,37.86,,16.43,25.17,26.13,10.91,64.90,1024.
2021-03-03 17:00:00,39.90,,16.93,26.38,27.74,10.79,64.42,1024.
2021-03-03 17:15:00,40.90,,16.48,26.12,27.59,10.78,64.10,1024.
2021-03-03 17:30:00,42.75,,17.01,26.36,27.59,10.56,64.17,1024.
2021-03-03 17:45:00,41.23,,16.70,26.58,27.94,10.49,65.06,1024.
2021-03-03 18:00:00,34.42,,28.36,49.40,62.14,10.61,72.46,1025.
2021-03-03 18:15:00,29.78,,24.01,40.36,51.70,11.00,75.07,1025.
2021-03-03 18:30:00,33.14,,22.23,37.23,46.26,11.11,72.14,1025.
2021-03-03 18:45:00,37.20,,21.81,36.00,44.62,11.15,69.52,1025.
2021-03-03 19:00:00,37.46,,22.52,36.79,44.96,10.94,69.19,1025.
2021-03-03 19:15:00,22.05,,22.28,36.32,44.63,10.75,69.57,1025.
2021-03-03 19:30:00,8.43,,22.39,36.09,43.72,11.51,70.42,1025.
2021-03-03 19:45:00,19.65,,22.85,36.67,44.40,11.79,66.43,1025.
2021-03-03 20:00:00,22.89,,23.06,37.09,44.76,11.90,68.56,1025.
2021-03-03 20:15:00,25.21,,21.76,34.76,40.95,11.91,67.77,1024.
2021-03-03 20:30:00,31.31,,21.95,35.50,42.42,11.79,65.35,1024.
2021-03-03 20:45:00,37.23,,21.84,34.88,40.70,11.65,63.67,1025.
2021-03-03 21:00:00,42.71,,22.31,35.97,43.01,10.99,64.03,1025.
2021-03-03 21:15:00,45.93,,22.61,36.38,43.73,10.69,64.27,1025.
2021-03-03 21:30:00,48.22,,23.11,37.79,45.68,10.41,64.00,1024.
2021-03-03 21:45:00,51.31,,23.10,38.23,46.38,10.12,64.37,1024.
2021-03-03 22:00:00,51.59,,23.88,38.69,46.78,10.16,63.86,1025.
2021-03-03 22:15:00,53.53,,24.05,39.14,47.19,9.66,64.89,1025.
2021-03-03 22:30:00,47.00,,24.81,40.30,48.77,9.66,71.19,1025.
2021-03-03 22:45:00,45.13,,25.48,40.78,49.37,9.84,71.84,1025.
2021-03-03 23:00:00,46.34,,25.89,41.46,50.42,9.61,71.41,1025.
2021-03-03 23:15:00,49.81,,26.64,42.90,52.24,9.42,70.18,1025.
2021-03-03 23:30:00,54.02,,27.20,43.84,53.52,8.91,69.70,1025.
2021-03-03 23:45:00,55.24,,27.22,43.76,53.38,8.91,69.09,1025.
2021-03-04 00:00:00,54.55,,27.10,43.58,53.24,9.40,67.49,1025.
2021-03-04 00:15:00,55.29,,27.10,43.40,52.64,9.47,66.36,1025.
2021-03-04 00:30:00,59.29,,27.10,43.52,52.97,8.83,66.14,1025.
2021-03-04 00:45:00,60.98,,26.91,42.98,52.33,8.55,66.74,1025.
2021-03-04 01:00:00,60.95,,26.81,42.93,52.17,8.72,66.09,1025.
2021-03-04 01:15:00,62.51,,27.06,43.08,52.35,8.65,65.25,1025.
2021-03-04 01:30:00,64.94,,26.48,42.36,51.39,8.24,65.48,1025.
2021-03-04 01:45:00,65.60,,25.89,41.49,49.88,8.08,65.84,1025.
2021-03-04 02:00:00,66.10,,26.04,41.71,50.40,8.20,65.16,1025.
2021-03-04 02:15:00,65.53,,24.99,40.20,48.21,8.30,65.14,1024.
2021-03-04 02:30:00,65.35,,24.45,38.91,46.68,8.48,64.42,1024.
2021-03-04 02:45:00,65.81,,23.78,38.16,45.27,8.30,64.39,1024.
2021-03-04 03:00:00,65.50,,23.02,36.82,43.47,8.47,64.13,1024.
2021-03-04 03:15:00,66.53,,22.81,36.21,42.36,8.37,63.69,1024.
2021-03-04 03:30:00,65.62,,21.99,34.25,39.21,8.57,63.52,1024.
2021-03-04 03:45:00,66.77,,21.23,33.21,37.56,8.45,63.13,1024.
2021-03-04 04:00:00,68.22,,20.64,32.47,36.10,8.31,63.21,1024.
2021-03-04 04:15:00,69.53,,20.00,31.59,34.69,8.35,62.98,1024.
2021-03-04 04:30:00,70.90,,19.76,31.16,33.81,8.15,62.84,1024.
2021-03-04 04:45:00,70.22,,18.72,29.24,31.30,8.16,62.94,1024.
2021-03-04 05:00:00,69.78,,17.98,28.41,30.07,8.29,62.52,1024.
2021-03-04 05:15:00,70.13,,17.41,27.20,28.62,8.28,62.41,1024.
2021-03-04 05:30:00,71.15,,16.67,25.74,26.58,8.17,62.29,1024.
2021-03-04 05:45:00,72.79,,15.96,24.39,25.25,7.96,62.40,1024.
2021-03-04 06:00:00,73.46,,15.19,22.28,22.92,7.84,62.46,1024.
2021-03-04 06:15:00,72.90,,14.19,21.59,22.36,7.98,62.26,1024.
2021-03-04 06:30:00,72.66,,13.59,20.34,21.02,7.97,62.13,1024.
2021-03-04 06:45:00,73.60,,13.05,19.66,20.32,7.96,61.81,1024.
2021-03-04 07:00:00,75.37,,12.55,18.20,18.61,7.81,61.74,1024.
2021-03-04 07:15:00,76.56,,11.89,17.32,17.82,7.62,61.86,1024.
2021-03-04 07:30:00,74.77,,11.14,15.44,15.80,7.64,62.35,1024.
2021-03-04 07:45:00,76.06,,10.62,14.72,15.12,7.64,62.00,1025.
2021-03-04 08:00:00,77.01,,10.21,14.44,14.80,7.65,61.66,1025.
2021-03-04 08:15:00,78.04,,9.69,13.57,13.87,7.61,61.79,1025.
2021-03-04 08:30:00,79.14,,9.63,13.20,13.51,7.51,61.67,1025.
2021-03-04 08:45:00,78.80,,8.66,11.83,12.08,7.63,61.61,1025.
2021-03-04 09:00:00,78.89,,8.12,10.80,10.94,7.59,61.39,1025.
2021-03-04 09:15:00,71.37,,7.41,9.72,10.08,7.55,63.92,1025.
2021-03-04 09:30:00,64.31,,7.45,9.77,10.04,7.42,66.07,1025.
2021-03-04 09:45:00,64.14,,6.86,8.94,9.06,7.62,66.02,1025.
2021-03-04 10:00:00,64.26,,6.64,8.80,9.11,7.76,65.81,1025.
2021-03-04 10:15:00,53.40,,9.42,11.73,11.95,7.79,67.61,1025.
2021-03-04 10:30:00,42.22,,10.82,13.19,13.29,7.95,69.83,1025.
2021-03-04 10:45:00,53.69,,7.10,8.82,8.97,7.98,66.39,1025.
2021-03-04 11:00:00,56.74,,5.81,7.08,7.17,8.41,65.10,1026.
2021-03-04 11:15:00,54.17,,4.98,6.18,6.32,9.10,64.36,1025.
2021-03-04 11:30:00,52.82,,4.92,6.14,6.27,9.53,63.54,1025.
2021-03-04 11:45:00,54.66,,4.78,5.69,5.81,9.60,62.84,1026.
2021-03-04 12:00:00,53.20,,3.81,4.69,4.76,9.75,63.18,1026.
2021-03-04 12:15:00,54.56,,4.04,5.15,5.29,10.05,62.26,1026.
2021-03-04 12:30:00,54.42,,3.94,4.78,5.01,10.16,62.37,1026.
2021-03-04 12:45:00,52.88,,3.85,4.83,4.95,10.25,63.01,1025.
2021-03-04 13:00:00,50.19,,3.82,4.67,4.80,10.35,64.15,1025.
2021-03-04 13:15:00,48.24,,4.03,5.00,5.18,10.58,64.59,1025.
2021-03-04 13:30:00,105.8,,11.51,16.44,19.40,10.91,68.62,1025.
2021-03-04 13:45:00,129.7,,62.83,80.15,89.31,11.58,79.90,1025.
2021-03-04 14:00:00,50.18,,22.93,30.00,33.96,12.02,69.90,1025.
2021-03-04 14:15:00,37.85,,10.70,13.86,14.46,11.91,68.89,1025.
2021-03-04 14:30:00,34.39,,9.62,12.39,13.10,11.75,69.77,1025.
2021-03-04 14:45:00,32.43,,10.87,14.79,15.23,11.70,68.56,1025.
2021-03-04 15:00:00,37.02,,10.51,14.53,15.14,11.68,64.62,1025.
2021-03-04 15:15:00,40.48,,9.53,12.63,13.07,11.57,63.47,1025.
2021-03-04 15:30:00,43.45,,9.37,12.61,13.05,11.46,62.90,1025.
2021-03-04 15:45:00,45.98,,10.08,13.40,13.83,11.31,62.89,1025.
2021-03-04 16:00:00,46.97,,9.78,13.45,13.85,11.17,63.03,1025.
2021-03-04 16:15:00,48.63,,10.12,13.62,13.91,11.01,62.70,1025.
2021-03-04 16:30:00,49.49,,10.36,13.89,14.23,10.92,62.87,1025.
2021-03-04 16:45:00,52.49,,10.26,13.88,14.21,10.70,62.90,1025.
2021-03-04 17:00:00,53.49,,10.14,13.88,14.21,10.24,63.35,1026.
2021-03-04 17:15:00,61.90,,9.50,12.40,12.80,9.27,64.56,1026.
2021-03-04 17:30:00,68.66,,8.01,10.34,10.68,8.63,64.55,1026.
2021-03-04 17:45:00,72.64,,7.15,9.28,9.66,8.39,64.26,1026.
2021-03-04 18:00:00,74.30,,6.64,8.54,8.86,8.08,64.57,1026.
2021-03-04 18:15:00,74.60,,5.42,6.86,7.16,7.94,64.50,1026.
2021-03-04 18:30:00,263.2,,206.7,641.8,769.5,5.33,81.88,1027.
2021-03-04 18:45:00,176.9,,125.5,237.2,267.8,2.97,92.21,1027.
2021-03-04 19:00:00,0.00,,4.89,6.38,6.93,1.80,79.68,1027.
2021-03-04 19:15:00,16.47,,13.43,20.22,23.62,1.09,74.92,1027.
2021-03-04 19:30:00,39.99,,26.06,39.11,47.25,0.90,93.93,1027.
2021-03-04 19:45:00,37.32,,23.23,33.80,39.16,1.23,100.0,1027.
2021-03-04 20:00:00,29.39,,20.47,32.07,37.33,1.64,99.88,1027.
2021-03-04 20:15:00,36.00,,22.30,35.10,45.00,1.04,100.0,1027.
2021-03-04 20:30:00,44.72,,19.28,31.85,38.42,1.46,97.68,1027.
2021-03-04 20:45:00,45.75,,18.00,29.65,35.00,1.10,98.70,1027.
2021-03-04 21:00:00,45.10,,13.47,21.64,24.46,1.24,99.28,1028.
2021-03-04 21:15:00,45.90,,12.50,19.24,21.38,1.07,99.28,1028.
2021-03-04 21:30:00,45.31,,11.13,18.41,20.11,1.26,99.74,1028.
2021-03-04 21:45:00,44.16,,11.55,18.20,19.70,1.36,99.81,1028.
2021-03-04 22:00:00,40.77,,13.02,19.82,21.28,1.90,99.43,1028.
2021-03-04 22:15:00,37.74,,16.62,25.02,26.88,2.38,96.71,1028.
2021-03-04 22:30:00,35.85,,19.95,29.95,32.95,2.44,95.65,1028.
2021-03-04 22:45:00,38.01,,23.46,35.29,41.30,3.09,94.70,1029.
2021-03-04 23:00:00,38.30,,25.34,38.23,45.88,3.25,93.45,1029.
2021-03-04 23:15:00,42.41,,23.58,35.24,41.53,2.79,91.60,1029.
2021-03-04 23:30:00,46.96,,23.02,34.32,39.53,2.78,91.55,1029.
2021-03-04 23:45:00,48.53,,23.30,34.95,40.35,1.78,92.02,1029.
2021-03-05 00:00:00,49.04,,23.37,35.05,40.48,1.42,94.48,1029.
2021-03-05 00:15:00,41.06,,25.30,38.72,46.26,1.25,100.0,1029.
2021-03-05 00:30:00,48.58,,23.62,35.38,41.60,1.79,100.0,1030.
2021-03-05 00:45:00,50.99,,22.53,33.93,39.20,1.46,100.0,1029.
2021-03-05 01:00:00,54.36,,21.90,32.88,36.86,1.36,97.82,1029.
2021-03-05 01:15:00,59.47,,20.33,30.23,33.07,0.96,96.15,1029.
2021-03-05 01:30:00,60.03,,19.80,28.63,30.07,0.92,95.51,1030.
2021-03-05 01:45:00,60.72,,19.24,26.38,27.28,1.08,94.69,1030.
2021-03-05 02:00:00,62.56,,17.34,25.60,27.06,0.95,93.30,1030.
2021-03-05 02:15:00,63.90,,15.65,23.32,24.45,0.98,92.18,1030.
2021-03-05 02:30:00,67.16,,14.39,20.31,21.00,0.90,90.15,1030.
2021-03-05 02:45:00,69.16,,13.35,19.06,19.64,0.94,89.44,1030.
2021-03-05 03:00:00,69.31,,12.35,17.47,18.35,0.72,89.31,1030.
2021-03-05 03:15:00,69.93,,11.80,16.00,16.47,0.60,89.10,1030.
2021-03-05 03:30:00,71.57,,10.67,15.11,15.57,0.55,88.78,1030.
2021-03-05 03:45:00,71.52,,10.84,14.66,15.31,0.41,88.26,1030.
2021-03-05 04:00:00,73.03,,10.44,14.21,14.88,0.72,88.42,1030.
2021-03-05 04:15:00,72.65,,10.28,14.12,14.78,0.69,88.13,1030.
2021-03-05 04:30:00,73.81,,10.38,14.12,15.42,0.18,87.54,1029.
2021-03-05 04:45:00,75.82,,9.87,13.30,14.00,0.61,86.86,1030.
2021-03-05 05:00:00,77.97,,10.00,13.57,14.33,0.33,86.69,1030.
2021-03-05 05:15:00,79.48,,10.05,13.27,13.70,0.36,86.60,1030.
2021-03-05 05:30:00,80.76,,9.67,12.22,12.50,0.61,85.95,1031.
2021-03-05 05:45:00,82.44,,8.66,11.22,11.96,-0.02,85.35,1030.
2021-03-05 06:00:00,84.74,,8.60,11.42,11.86,0.10,85.28,1030.
2021-03-05 06:15:00,85.22,,7.93,10.50,11.20,-0.08,85.16,1030.
2021-03-05 06:30:00,85.81,,7.25,9.85,10.40,-0.02,84.21,1030.
2021-03-05 06:45:00,88.32,,6.69,8.96,9.29,0.37,83.96,1031.
2021-03-05 07:00:00,89.38,,7.07,9.50,9.67,0.20,83.60,1031.
2021-03-05 07:15:00,90.69,,6.40,8.04,8.36,-0.13,83.38,1031.
2021-03-05 07:30:00,92.61,,5.92,7.80,8.47,0.12,82.51,1031.
2021-03-05 07:45:00,92.46,,5.77,7.58,7.85,-0.03,82.28,1031.
2021-03-05 08:00:00,94.25,,4.86,6.24,6.56,0.56,81.19,1031.
2021-03-05 08:15:00,94.63,,4.74,6.12,6.28,0.54,80.03,1031.
2021-03-05 08:30:00,96.03,,4.30,5.15,5.23,0.67,79.00,1032.
2021-03-05 08:45:00,97.85,,3.94,5.18,5.41,0.98,78.32,1032.
2021-03-05 09:00:00,93.73,,3.73,5.09,5.30,0.89,79.41,1032.
2021-03-05 09:15:00,87.03,,3.59,4.69,4.92,1.15,81.66,1032.
2021-03-05 09:30:00,85.83,,3.87,4.80,4.99,1.28,80.96,1032.
2021-03-05 09:45:00,86.04,,3.46,4.50,4.70,1.60,79.96,1032.
2021-03-05 10:00:00,79.09,,3.40,4.41,4.73,1.70,81.83,1032.
2021-03-05 10:15:00,78.99,,4.12,5.22,5.45,1.91,80.31,1032.
2021-03-05 10:30:00,75.89,,3.54,4.49,4.74,1.82,81.56,1032.
2021-03-05 10:45:00,80.61,,2.94,3.89,4.14,2.35,77.91,1033.
2021-03-05 11:00:00,78.87,,2.50,3.32,3.57,2.88,75.89,1033.
2021-03-05 11:15:00,72.87,,2.50,3.22,3.47,3.27,78.13,1033.
2021-03-05 11:30:00,68.81,,2.83,3.54,3.72,3.29,81.99,1033.
2021-03-05 11:45:00,75.70,,2.25,3.01,3.33,3.35,77.93,1033.
2021-03-05 12:00:00,76.91,,2.48,3.39,3.59,3.40,77.89,1033.
2021-03-05 12:15:00,78.07,,2.72,3.49,3.64,3.51,76.89,1033.
2021-03-05 12:30:00,74.80,,2.99,3.86,4.10,3.73,77.73,1033.
2021-03-05 12:45:00,67.12,,3.38,4.62,4.82,3.73,80.18,1033.
2021-03-05 13:00:00,69.61,,3.71,4.90,5.17,4.04,77.15,1033.
2021-03-05 13:15:00,71.00,,3.46,4.58,4.81,4.68,73.93,1033.
2021-03-05 13:30:00,72.18,,3.72,4.80,4.99,4.73,73.35,1033.
2021-03-05 13:45:00,73.71,,4.25,5.45,5.59,4.49,73.71,1032.
2021-03-05 14:00:00,73.55,,4.41,5.66,5.84,4.48,74.79,1033.
2021-03-05 14:15:00,63.91,,4.40,5.62,6.06,4.26,75.36,1032.
2021-03-05 14:30:00,3.08,,6.01,7.70,7.92,4.71,74.47,1033.
2021-03-05 14:45:00,18.45,,6.85,8.45,8.70,5.39,73.29,1033.
2021-03-05 15:00:00,2.12,,6.80,8.38,8.55,5.37,72.30,1033.
2021-03-05 15:15:00,8.14,,7.74,9.82,10.13,4.72,74.90,1033.
2021-03-05 15:30:00,18.55,,8.46,10.37,10.50,4.36,81.09,1033.
2021-03-05 15:45:00,25.37,,9.10,11.21,11.61,4.28,88.60,1033.
2021-03-05 16:00:00,40.26,,8.52,10.67,10.88,4.07,79.52,1033.
2021-03-05 16:15:00,43.87,,8.15,10.38,10.72,3.76,79.77,1032.
2021-03-05 16:30:00,50.99,,7.95,10.21,10.36,3.56,79.38,1032.
2021-03-05 16:45:00,55.25,,8.04,10.09,10.42,3.26,78.85,1033.
2021-03-05 17:00:00,63.67,,7.47,9.15,9.43,2.87,77.98,1033.
2021-03-05 17:15:00,62.38,,7.73,9.76,9.94,2.55,80.41,1033.
2021-03-05 17:30:00,57.84,,7.74,9.59,9.81,2.45,80.79,1033.
2021-03-05 17:45:00,57.29,,9.17,11.69,12.08,2.21,83.57,1033.
2021-03-05 18:00:00,64.24,,8.93,11.30,11.54,2.11,82.07,1033.
2021-03-05 18:15:00,68.70,,9.39,11.73,11.85,2.06,80.89,1033.
2021-03-05 18:30:00,67.97,,10.26,13.36,13.71,2.11,81.31,1033.
2021-03-05 18:45:00,57.51,,11.26,14.56,15.04,2.79,81.12,1033.
2021-03-05 19:00:00,48.74,,11.77,15.13,15.48,3.98,79.74,1033.
2021-03-05 19:15:00,64.36,,59.52,106.4,126.5,4.68,85.73,1033.
2021-03-05 19:30:00,0.00,,272.2,445.1,514.4,5.24,99.84,1033.
2021-03-05 19:45:00,0.00,,171.5,250.5,278.5,4.53,94.29,1033.
2021-03-05 20:00:00,3.94,,105.3,154.3,170.9,4.31,95.51,1033.
2021-03-05 20:15:00,9.50,,82.74,121.0,134.1,4.34,96.85,1033.
2021-03-05 20:30:00,17.89,,70.43,104.0,114.2,4.20,94.14,1033.
2021-03-05 20:45:00,21.10,,61.33,91.12,99.97,3.94,94.98,1034.
2021-03-05 21:00:00,19.61,,54.82,82.07,89.69,3.73,96.89,1034.
2021-03-05 21:15:00,14.86,,47.03,70.83,78.64,3.82,100.0,1034.
2021-03-05 21:30:00,16.77,,48.20,73.29,80.90,3.95,100.0,1034.
2021-03-05 21:45:00,18.70,,45.59,69.21,77.92,4.12,99.50,1034.
2021-03-05 22:00:00,21.44,,42.68,64.58,74.87,4.09,97.29,1034.
2021-03-05 22:15:00,24.16,,40.85,62.50,73.80,3.82,96.78,1034.
2021-03-05 22:30:00,23.42,,40.23,61.45,73.01,3.67,98.30,1034.
2021-03-05 22:45:00,29.87,,38.23,59.16,71.20,3.35,95.80,1034.
2021-03-05 23:00:00,33.77,,37.39,57.48,69.98,3.24,95.81,1034.
2021-03-05 23:15:00,36.34,,34.70,53.52,66.52,3.10,96.88,1034.
2021-03-05 23:30:00,41.27,,33.73,51.25,64.00,2.81,93.63,1034.
2021-03-05 23:45:00,46.92,,33.25,50.60,63.07,2.48,92.04,1034.
2021-03-06 00:00:00,51.59,,32.90,49.71,61.85,2.37,90.70,1034.
2021-03-06 00:15:00,55.50,,31.60,47.99,59.39,2.21,89.83,1034.
2021-03-06 00:30:00,58.82,,31.12,47.22,58.30,1.91,89.86,1034.
2021-03-06 00:45:00,64.85,,30.34,46.36,56.89,1.66,88.76,1034.
2021-03-06 01:00:00,66.36,,30.38,46.15,56.62,1.51,88.51,1034.
2021-03-06 01:15:00,69.41,,30.52,46.60,57.06,1.27,88.68,1034.
2021-03-06 01:30:00,71.20,,30.92,47.67,58.61,1.10,88.29,1034.
2021-03-06 01:45:00,76.96,,30.95,47.93,59.03,1.02,86.97,1034.
2021-03-06 02:00:00,79.84,,30.77,47.73,58.71,0.80,87.26,1034.
2021-03-06 02:15:00,81.75,,30.03,46.57,57.20,0.50,86.68,1034.
2021-03-06 02:30:00,83.65,,29.74,46.12,56.27,0.66,86.18,1034.
2021-03-06 02:45:00,85.27,,28.99,44.92,54.61,0.66,85.78,1034.
2021-03-06 03:00:00,86.71,,28.76,44.39,53.59,0.63,85.19,1034.
2021-03-06 03:15:00,87.13,,27.65,43.06,51.69,0.64,84.51,1034.
2021-03-06 03:30:00,88.08,,27.10,41.67,49.70,0.70,83.92,1034.
2021-03-06 03:45:00,88.97,,26.34,40.41,48.04,0.72,83.44,1034.
2021-03-06 04:00:00,88.98,,25.60,39.29,46.48,0.70,83.12,1034.
2021-03-06 04:15:00,89.66,,25.04,38.53,45.48,0.69,82.90,1034.
2021-03-06 04:30:00,90.17,,24.57,37.46,43.69,0.46,83.18,1034.
2021-03-06 04:45:00,92.49,,23.87,36.65,42.72,0.57,82.78,1034.
2021-03-06 05:00:00,93.13,,23.32,35.69,41.31,0.61,82.59,1034.
2021-03-06 05:15:00,77.10,,22.77,34.19,38.83,0.70,86.00,1034.
2021-03-06 05:30:00,83.83,,21.99,32.75,36.14,0.83,83.99,1034.
2021-03-06 05:45:00,87.96,,21.79,32.27,35.17,0.77,83.37,1034.
2021-03-06 06:00:00,91.37,,21.37,31.60,34.19,0.83,82.56,1034.
2021-03-06 06:15:00,93.83,,21.21,30.92,33.42,0.77,82.31,1034.
2021-03-06 06:30:00,93.24,,20.48,29.99,31.69,0.80,82.17,1034.
2021-03-06 06:45:00,89.55,,20.25,29.64,30.93,0.82,82.95,1034.
2021-03-06 07:00:00,92.53,,19.75,28.74,30.24,0.83,82.15,1034.
2021-03-06 07:15:00,95.41,,19.14,27.66,28.68,0.84,81.25,1034.
2021-03-06 07:30:00,91.86,,19.29,27.65,28.49,0.87,83.25,1034.
2021-03-06 07:45:00,85.28,,18.71,26.79,27.39,0.87,83.80,1034.
2021-03-06 08:00:00,86.87,,17.98,25.23,25.87,0.91,82.74,1034.
2021-03-06 08:15:00,89.90,,18.09,25.03,25.67,0.94,81.58,1034.
2021-03-06 08:30:00,91.99,,17.26,23.76,24.43,1.05,80.71,1034.
2021-03-06 08:45:00,94.00,,17.12,23.49,23.98,1.18,79.77,1034.
2021-03-06 09:00:00,92.26,,16.27,22.02,22.60,1.35,79.99,1034.
2021-03-06 09:15:00,85.14,,15.98,21.34,21.69,1.56,81.68,1034.
2021-03-06 09:30:00,76.14,,15.90,24.13,27.22,1.73,82.73,1034.
2021-03-06 09:45:00,75.62,,15.03,22.89,27.35,2.15,81.39,1034.
2021-03-06 10:00:00,70.42,,14.10,21.60,24.70,2.55,82.56,1034.
2021-03-06 10:15:00,66.22,,17.76,26.67,29.37,2.77,78.42,1034.
2021-03-06 10:30:00,96.65,,19.37,27.92,29.50,2.84,68.42,1034.
2021-03-06 10:45:00,114.3,,19.86,29.01,30.63,3.09,62.43,1034.
2021-03-06 11:00:00,124.5,,17.79,25.36,26.34,3.21,54.61,1034.
2021-03-06 11:15:00,126.5,,17.32,24.10,24.80,3.24,50.91,1034.
2021-03-06 11:30:00,132.5,,16.49,22.68,23.38,3.57,48.85,1034.
2021-03-06 11:45:00,135.1,,16.99,22.70,23.18,3.98,46.39,1034.
2021-03-06 12:00:00,131.6,,20.33,28.47,29.71,3.74,47.28,1034.
2021-03-06 12:15:00,130.6,,20.38,28.01,28.70,2.84,50.25,1034.
2021-03-06 12:30:00,126.5,,20.04,27.15,27.84,2.61,53.58,1033.
2021-03-06 12:45:00,122.1,,19.49,26.28,26.96,2.60,56.26,1033.
2021-03-06 13:00:00,116.4,,19.35,25.95,26.57,2.59,58.42,1033.
2021-03-06 13:15:00,107.3,,19.26,26.23,26.88,2.75,61.07,1033.
2021-03-06 13:30:00,106.4,,18.72,25.45,25.93,2.76,61.57,1033.
2021-03-06 13:45:00,104.2,,18.29,24.64,25.20,2.81,63.19,1033.
2021-03-06 14:00:00,103.3,,18.58,25.05,25.71,2.55,64.99,1032.
2021-03-06 14:15:00,103.6,,17.77,23.14,23.53,2.46,66.05,1032.
2021-03-06 14:30:00,101.9,,17.38,22.98,23.53,2.50,67.05,1032.
2021-03-06 14:45:00,99.43,,17.06,22.88,23.33,2.58,68.15,1032.
2021-03-06 15:00:00,95.95,,17.50,23.37,23.84,2.59,70.66,1032.
2021-03-06 15:15:00,92.96,,16.64,23.36,23.78,2.43,71.89,1032.
2021-03-06 15:30:00,91.14,,16.64,22.45,23.04,2.43,73.12,1031.
2021-03-06 15:45:00,181.8,,207.0,368.6,396.5,2.71,95.43,1031.
2021-03-06 16:00:00,122.9,,262.8,407.6,429.4,3.73,100.0,1031.
2021-03-06 16:15:00,65.51,,106.2,146.8,150.0,3.60,97.53,1031.
2021-03-06 16:30:00,50.60,,72.26,100.1,103.2,3.41,100.0,1031.
2021-03-06 16:45:00,53.44,,55.06,76.97,81.15,3.39,96.65,1031.
2021-03-06 17:00:00,68.88,,43.97,61.01,70.61,3.22,87.10,1031.
2021-03-06 17:15:00,84.11,,34.88,50.02,61.26,2.91,77.70,1031.
2021-03-06 17:30:00,99.60,,29.60,42.41,50.71,2.58,71.91,1031.
2021-03-06 17:45:00,113.2,,25.90,36.85,42.48,2.28,68.67,1031.
2021-03-06 18:00:00,126.3,,22.72,31.88,34.69,1.77,66.15,1031.
2021-03-06 18:15:00,131.6,,20.71,28.26,29.16,1.23,65.44,1031.
2021-03-06 18:30:00,130.4,,20.17,27.10,27.77,0.59,68.35,1031.
2021-03-06 18:45:00,121.1,,20.17,27.35,28.60,0.35,76.26,1031.
2021-03-06 19:00:00,87.91,,30.78,53.20,71.82,0.10,95.15,1030.
2021-03-06 19:15:00,96.79,,27.45,45.22,60.62,0.29,88.14,1030.
2021-03-06 19:30:00,103.2,,24.65,40.15,51.78,0.38,83.84,1031.
2021-03-06 19:45:00,104.2,,24.37,38.54,48.16,0.55,81.79,1031.
2021-03-06 20:00:00,96.38,,23.58,36.67,45.12,1.75,78.76,1031.
2021-03-06 20:15:00,93.35,,23.11,35.17,42.09,2.54,76.00,1030.
2021-03-06 20:30:00,94.98,,23.21,34.88,41.01,2.55,75.64,1030.
2021-03-06 20:45:00,93.30,,22.82,34.28,39.80,1.97,79.17,1030.
2021-03-06 21:00:00,80.04,,22.53,34.04,39.35,2.04,84.89,1030.
2021-03-06 21:15:00,59.70,,29.33,42.90,52.15,2.37,87.14,1030.
2021-03-06 21:30:00,81.47,,22.84,33.88,39.21,2.49,83.32,1030.
2021-03-06 21:45:00,82.13,,22.06,33.01,37.78,2.70,82.84,1030.
2021-03-06 22:00:00,82.26,,22.20,32.65,36.75,2.89,81.93,1030.
2021-03-06 22:15:00,81.21,,21.90,32.30,36.59,3.14,81.59,1030.
2021-03-06 22:30:00,79.28,,22.25,32.99,37.20,3.37,81.16,1030.
2021-03-06 22:45:00,80.04,,22.34,33.16,37.66,3.42,80.82,1030.
2021-03-06 23:00:00,69.15,,23.84,35.66,41.58,3.23,89.29,1030.
2021-03-06 23:15:00,71.49,,24.21,36.67,43.12,3.04,87.20,1030.
2021-03-06 23:30:00,82.49,,24.20,36.42,42.53,2.43,84.48,1030.
2021-03-06 23:45:00,89.39,,25.29,38.03,45.19,2.05,84.61,1030.
2021-03-07 00:00:00,93.69,,25.83,39.10,46.66,1.64,84.77,1029.
2021-03-07 00:15:00,97.84,,27.91,42.91,51.39,1.44,84.95,1029.
2021-03-07 00:30:00,102.8,,28.93,44.57,54.26,1.25,83.79,1029.
2021-03-07 00:45:00,102.0,,28.93,44.32,53.59,0.97,84.38,1029.
2021-03-07 01:00:00,104.0,,28.88,44.09,53.25,0.90,84.29,1029.
2021-03-07 01:15:00,106.4,,28.60,43.69,52.64,0.70,84.49,1029.
2021-03-07 01:30:00,109.2,,28.40,43.15,51.74,0.69,83.77,1029.
2021-03-07 01:45:00,111.9,,28.56,43.11,51.82,0.75,82.73,1029.
2021-03-07 02:00:00,112.8,,28.56,43.24,51.63,0.72,82.55,1029.
2021-03-07 02:15:00,113.3,,28.11,42.31,50.54,0.60,83.00,1029.
2021-03-07 02:30:00,116.5,,28.38,42.85,51.40,0.54,82.19,1028.
2021-03-07 02:45:00,118.0,,28.16,42.61,51.00,0.68,81.14,1028.
2021-03-07 03:00:00,119.4,,28.08,42.26,50.54,0.77,80.42,1028.
2021-03-07 03:15:00,118.8,,27.71,41.91,50.12,0.71,80.49,1028.
2021-03-07 03:30:00,120.4,,27.35,40.52,47.89,0.64,80.06,1028.
2021-03-07 03:45:00,121.4,,26.79,39.69,46.86,0.70,79.40,1028.
2021-03-07 04:00:00,119.9,,26.19,38.82,45.89,0.73,78.77,1028.
2021-03-07 04:15:00,118.9,,25.71,37.61,44.19,0.73,78.66,1028.
2021-03-07 04:30:00,119.2,,25.19,36.94,43.20,0.46,78.93,1027.
2021-03-07 04:45:00,121.1,,24.44,36.14,41.84,0.69,78.12,1028.
2021-03-07 05:00:00,121.6,,24.06,34.91,39.88,0.76,77.55,1027.
2021-03-07 05:15:00,122.4,,23.46,34.07,38.43,0.55,78.04,1027.
2021-03-07 05:30:00,123.7,,22.84,33.53,37.26,0.30,78.87,1027.
2021-03-07 05:45:00,125.4,,22.24,32.28,35.41,0.35,78.09,1027.
2021-03-07 06:00:00,126.7,,21.75,31.06,33.10,0.35,78.00,1027.
2021-03-07 06:15:00,127.6,,21.34,30.32,31.90,0.39,77.63,1027.
2021-03-07 06:30:00,128.8,,20.41,28.84,30.14,0.34,77.75,1027.
2021-03-07 06:45:00,130.9,,20.01,28.31,29.45,0.13,78.34,1027.
2021-03-07 07:00:00,131.6,,19.87,27.92,28.76,0.35,77.66,1027.
2021-03-07 07:15:00,134.2,,20.14,27.62,28.54,0.46,77.24,1027.
2021-03-07 07:30:00,136.1,,19.93,27.66,28.40,0.53,76.75,1027.
2021-03-07 07:45:00,137.1,,19.33,26.50,27.19,0.60,76.57,1027.
2021-03-07 08:00:00,134.4,,18.55,24.82,25.41,0.52,76.80,1027.
2021-03-07 08:15:00,131.8,,18.14,24.15,24.75,0.70,76.23,1027.
2021-03-07 08:30:00,130.2,,17.05,21.85,22.21,0.72,75.96,1027.
2021-03-07 08:45:00,130.8,,16.55,21.24,21.68,0.87,75.15,1027.
2021-03-07 09:00:00,128.7,,15.54,19.88,20.17,1.04,74.69,1027.
2021-03-07 09:15:00,128.0,,15.11,19.33,19.79,1.11,74.68,1027.
2021-03-07 09:30:00,115.0,,13.77,17.27,17.64,1.36,76.38,1027.
2021-03-07 09:45:00,96.94,,12.68,15.68,16.08,1.57,79.48,1027.
2021-03-07 10:00:00,124.6,,12.78,15.52,15.79,1.54,84.15,1027.
2021-03-07 10:15:00,78.72,,24.03,32.45,35.83,2.37,96.62,1027.
2021-03-07 10:30:00,63.85,,21.87,29.24,31.16,2.28,90.41,1027.
2021-03-07 10:45:00,85.34,,17.13,21.96,22.56,2.18,81.96,1027.
2021-03-07 11:00:00,89.79,,16.06,20.50,21.00,2.06,82.72,1027.
2021-03-07 11:15:00,73.42,,15.69,19.73,20.14,2.26,93.22,1026.
2021-03-07 11:30:00,70.86,,14.82,18.75,18.96,2.56,93.02,1026.
2021-03-07 11:45:00,70.41,,13.10,16.29,16.73,3.24,88.17,1026.
2021-03-07 12:00:00,66.32,,12.89,15.93,16.15,4.04,86.73,1026.
2021-03-07 12:15:00,60.53,,12.57,15.64,15.93,4.64,88.47,1026.
2021-03-07 12:30:00,47.90,,12.61,15.63,15.89,5.04,96.81,1026.
2021-03-07 12:45:00,51.95,,13.02,16.53,17.01,5.27,91.62,1026.
2021-03-07 13:00:00,53.48,,12.29,15.40,15.81,5.30,91.06,1026.
2021-03-07 13:15:00,52.72,,12.49,15.43,15.84,5.47,90.61,1026.
2021-03-07 13:30:00,53.46,,11.86,14.78,15.18,5.99,88.11,1026.
2021-03-07 13:45:00,54.55,,12.32,15.09,15.35,5.98,86.76,1025.
2021-03-07 14:00:00,55.56,,11.92,14.35,14.99,5.64,86.50,1025.
2021-03-07 14:15:00,57.20,,11.79,14.62,15.00,5.69,84.91,1025.
2021-03-07 14:30:00,50.39,,11.58,14.12,14.42,5.56,87.03,1025.
2021-03-07 14:45:00,24.96,,11.92,14.51,14.75,5.39,87.12,1025.
2021-03-07 15:00:00,39.71,,11.14,13.76,14.09,5.26,86.65,1025.
2021-03-07 15:15:00,39.97,,11.56,14.54,14.91,5.18,91.30,1025.
2021-03-07 15:30:00,37.95,,12.57,15.76,16.04,5.04,97.29,1025.
2021-03-07 15:45:00,48.59,,12.52,15.68,16.13,4.75,91.30,1024.
2021-03-07 16:00:00,53.71,,14.01,17.69,18.20,4.40,89.13,1024.
2021-03-07 16:15:00,57.14,,14.40,17.85,18.32,4.03,89.05,1024.
2021-03-07 16:30:00,58.98,,14.38,17.98,18.42,3.82,89.22,1024.
2021-03-07 16:45:00,61.92,,14.83,19.00,19.52,3.55,89.37,1024.
2021-03-07 17:00:00,63.17,,15.86,21.13,21.71,3.47,89.13,1024.
2021-03-07 17:15:00,50.18,,16.68,22.23,22.98,3.50,91.03,1024.
2021-03-07 17:30:00,52.41,,15.77,21.30,22.36,3.44,90.81,1024.
2021-03-07 17:45:00,54.17,,14.89,19.11,19.57,3.58,90.48,1024.
2021-03-07 18:00:00,55.49,,14.56,18.63,19.07,3.83,89.47,1024.
2021-03-07 18:15:00,38.58,,22.57,36.54,47.52,4.09,95.54,1024.
2021-03-07 18:30:00,36.94,,19.66,31.22,37.30,4.27,95.71,1025.
2021-03-07 18:45:00,41.46,,19.05,29.15,33.00,4.16,94.55,1025.
2021-03-07 19:00:00,48.03,,18.73,28.76,32.50,4.09,93.55,1025.
2021-03-07 19:15:00,45.37,,18.08,27.56,30.52,4.04,94.78,1025.
2021-03-07 19:30:00,41.24,,18.04,27.08,30.21,4.01,97.78,1024.
2021-03-07 19:45:00,30.40,,17.66,26.45,29.04,5.57,92.71,1024.
2021-03-07 20:00:00,41.11,,16.67,24.88,26.49,6.06,86.89,1024.
2021-03-07 20:15:00,45.07,,15.90,23.04,24.61,6.42,84.95,1024.
2021-03-07 20:30:00,47.43,,15.15,22.44,24.15,6.35,84.34,1024.
2021-03-07 20:45:00,50.53,,14.73,21.09,22.66,6.27,84.13,1024.
2021-03-07 21:00:00,48.86,,15.35,21.91,23.72,6.01,84.81,1024.
2021-03-07 21:15:00,51.00,,15.98,23.31,25.12,6.16,84.13,1024.
2021-03-07 21:30:00,53.55,,16.01,22.81,24.25,6.10,83.69,1024.
2021-03-07 21:45:00,53.77,,16.11,22.50,23.56,5.86,84.43,1024.
2021-03-07 22:00:00,54.77,,16.63,23.79,25.10,5.66,84.64,1024.
2021-03-07 22:15:00,57.57,,16.69,23.42,24.34,5.33,85.03,1024.
2021-03-07 22:30:00,60.96,,16.94,23.57,24.59,5.11,85.28,1024.
2021-03-07 22:45:00,64.55,,17.13,24.20,25.12,4.99,85.01,1024.
2021-03-07 23:00:00,59.07,,17.76,25.44,26.74,5.04,85.07,1024.
2021-03-07 23:15:00,60.02,,18.62,26.38,27.68,4.92,84.92,1024.
2021-03-07 23:30:00,63.39,,19.04,27.69,28.98,4.74,84.30,1024.
2021-03-07 23:45:00,66.75,,19.77,29.08,30.74,4.65,83.45,1024.
2021-03-08 00:00:00,68.34,,19.93,29.69,31.34,4.61,83.42,1024.
2021-03-08 00:15:00,68.40,,20.73,30.64,33.33,4.50,87.51,1024.
2021-03-08 00:30:00,73.25,,21.44,31.38,33.99,4.58,85.92,1024.
2021-03-08 00:45:00,76.63,,22.39,32.46,36.01,4.61,84.47,1024.
2021-03-08 01:00:00,79.77,,22.12,32.83,37.28,4.54,83.35,1024.
2021-03-08 01:15:00,80.29,,22.48,33.08,37.17,4.43,83.02,1024.
2021-03-08 01:30:00,83.12,,22.44,33.01,36.96,4.38,81.99,1024.
2021-03-08 01:45:00,85.71,,22.89,33.58,37.66,4.21,81.46,1023.
2021-03-08 02:00:00,87.11,,23.80,34.92,39.81,4.08,81.22,1023.
2021-03-08 02:15:00,89.24,,23.78,35.55,41.53,4.06,80.73,1023.
2021-03-08 02:30:00,90.26,,23.58,35.16,40.27,4.09,80.02,1023.
2021-03-08 02:45:00,91.12,,23.57,35.14,40.65,4.10,79.44,1023.
2021-03-08 03:00:00,92.04,,23.15,34.61,39.54,4.08,78.77,1023.
2021-03-08 03:15:00,92.38,,23.05,34.14,38.88,4.10,78.38,1023.
2021-03-08 03:30:00,93.56,,22.71,33.32,37.10,4.09,78.00,1023.
2021-03-08 03:45:00,94.74,,22.61,33.24,37.56,4.00,77.89,1023.
2021-03-08 04:00:00,96.45,,22.46,32.90,36.59,3.97,77.60,1022.
2021-03-08 04:15:00,98.31,,22.41,32.57,35.79,3.82,77.53,1022.
2021-03-08 04:30:00,100.8,,22.22,32.24,35.61,3.75,77.39,1022.
2021-03-08 04:45:00,102.4,,21.99,31.76,34.80,3.66,77.19,1022.
2021-03-08 05:00:00,104.6,,21.76,31.36,34.03,3.64,77.03,1022.
2021-03-08 05:15:00,106.3,,21.21,30.25,31.93,3.61,76.80,1022.
2021-03-08 05:30:00,107.1,,20.30,28.77,29.80,3.49,76.86,1022.
2021-03-08 05:45:00,108.9,,20.12,28.34,29.46,3.50,76.77,1022.
2021-03-08 06:00:00,111.4,,19.68,27.77,28.99,3.49,76.45,1022.
2021-03-08 06:15:00,113.1,,19.60,27.25,28.20,3.47,76.38,1022.
2021-03-08 06:30:00,115.2,,19.70,27.45,28.50,3.43,76.12,1022.
2021-03-08 06:45:00,116.8,,19.59,26.96,28.02,3.39,75.90,1022.
2021-03-08 07:00:00,119.5,,19.92,27.21,27.82,3.38,75.93,1022.
2021-03-08 07:15:00,117.3,,19.10,24.99,25.56,3.39,76.29,1022.
2021-03-08 07:30:00,117.1,,18.69,24.66,25.31,3.36,76.22,1022.
2021-03-08 07:45:00,120.9,,18.72,24.65,25.54,3.40,75.41,1022.
2021-03-08 08:00:00,122.5,,18.60,24.52,25.12,3.54,74.86,1022.
2021-03-08 08:15:00,124.1,,17.74,22.61,23.12,3.67,74.35,1022.
2021-03-08 08:30:00,124.8,,17.49,22.63,23.18,3.83,73.85,1022.
2021-03-08 08:45:00,124.1,,16.86,21.58,22.17,3.97,73.42,1022.
2021-03-08 09:00:00,103.1,,15.20,19.05,19.63,4.11,76.88,1022.
2021-03-08 09:15:00,96.71,,15.55,19.32,19.65,4.15,77.63,1022.
2021-03-08 09:30:00,92.11,,15.31,18.97,19.33,4.30,78.22,1022.
2021-03-08 09:45:00,91.87,,15.20,19.51,19.99,4.52,77.14,1022.
2021-03-08 10:00:00,92.72,,14.72,18.39,18.76,4.68,76.19,1022.
2021-03-08 10:15:00,89.86,,14.51,17.69,17.92,4.80,76.16,1022.
2021-03-08 10:30:00,84.14,,13.72,17.02,17.24,5.20,75.96,1022.
2021-03-08 10:45:00,72.32,,14.23,17.26,17.77,5.60,77.83,1022.
2021-03-08 11:00:00,74.64,,13.50,16.32,16.87,5.86,75.55,1022.
2021-03-08 11:15:00,66.72,,20.26,24.68,26.57,6.12,77.01,1022.
2021-03-08 11:30:00,53.73,,31.34,41.55,49.00,6.42,77.66,1022.
2021-03-08 11:45:00,63.60,,19.89,24.99,25.67,6.85,75.99,1022.
2021-03-08 12:00:00,66.30,,17.79,21.62,21.94,6.85,76.17,1022.
2021-03-08 12:15:00,68.56,,16.13,19.33,19.68,6.72,76.97,1022.
2021-03-08 12:30:00,72.59,,14.76,17.48,17.82,6.51,77.37,1022.
2021-03-08 12:45:00,72.05,,14.30,17.48,18.02,6.38,78.11,1022.
2021-03-08 13:00:00,72.12,,14.64,18.31,18.84,6.70,78.06,1022.
2021-03-08 13:15:00,71.88,,13.84,17.29,17.94,7.05,77.21,1021.
2021-03-08 13:30:00,71.09,,12.81,15.94,16.61,7.20,78.31,1021.
2021-03-08 13:45:00,68.14,,11.43,14.11,14.59,7.40,79.83,1021.
2021-03-08 14:00:00,66.86,,13.07,16.05,16.53,8.25,79.02,1021.
2021-03-08 14:15:00,66.54,,18.34,24.65,26.23,8.82,87.15,1021.
2021-03-08 14:30:00,41.55,,21.61,30.12,32.46,9.13,88.47,1021.
2021-03-08 14:45:00,45.45,,19.43,28.33,29.93,9.17,84.86,1021.
2021-03-08 15:00:00,42.91,,20.02,28.95,30.88,8.99,90.60,1021.
2021-03-08 15:15:00,39.19,,19.57,28.67,30.49,8.91,87.42,1021.
2021-03-08 15:30:00,46.59,,17.67,24.94,26.01,8.64,84.09,1020.
2021-03-08 15:45:00,50.30,,16.07,22.44,23.18,8.43,83.23,1020.
2021-03-08 16:00:00,55.79,,14.33,18.73,19.48,8.06,82.88,1020.
2021-03-08 16:15:00,58.09,,13.42,17.66,18.18,7.46,84.78,1020.
2021-03-08 16:30:00,61.14,,12.91,17.32,17.99,7.02,86.06,1020.
2021-03-08 16:45:00,62.11,,12.64,16.64,17.34,6.84,86.84,1020.
2021-03-08 17:00:00,60.51,,13.41,17.82,18.27,6.65,88.25,1020.
2021-03-08 17:15:00,60.58,,13.87,18.38,18.84,6.50,88.68,1020.
2021-03-08 17:30:00,62.29,,14.05,18.79,19.47,6.29,87.92,1020.
2021-03-08 17:45:00,64.77,,14.13,19.01,19.53,6.27,86.67,1020.
2021-03-08 18:00:00,72.88,,13.17,17.67,18.16,6.05,84.75,1020.
2021-03-08 18:15:00,76.10,,12.76,16.96,17.43,5.82,84.49,1020.
2021-03-08 18:30:00,70.49,,11.93,15.04,15.35,5.57,85.66,1020.
2021-03-08 18:45:00,68.36,,11.92,15.59,16.01,5.59,85.86,1020.
2021-03-08 19:00:00,71.85,,11.68,15.21,15.71,5.46,85.34,1020.
2021-03-08 19:15:00,75.22,,11.80,15.18,15.56,5.25,85.18,1020.
2021-03-08 19:30:00,112.9,,16.50,21.30,22.39,5.29,87.18,1020.
2021-03-08 19:45:00,59.72,,14.79,18.72,19.27,6.39,85.35,1020.
2021-03-08 20:00:00,6.20,,16.83,23.34,25.38,7.90,88.96,1020.
2021-03-08 20:15:00,3.56,,19.40,30.60,36.62,8.61,90.24,1020.
2021-03-08 20:30:00,17.48,,19.67,31.18,37.81,8.53,86.07,1020.
2021-03-08 20:45:00,25.08,,19.20,30.34,35.66,8.37,87.76,1020.
2021-03-08 21:00:00,30.72,,18.13,28.67,32.67,8.18,89.42,1020.
2021-03-08 21:15:00,37.14,,17.64,27.50,30.70,8.07,87.13,1020.
2021-03-08 21:30:00,38.48,,18.81,29.12,32.80,7.95,87.24,1020.
2021-03-08 21:45:00,42.04,,20.05,30.56,34.95,7.78,86.21,1020.
2021-03-08 22:00:00,39.34,,21.58,32.71,37.71,7.70,89.17,1020.
2021-03-08 22:15:00,44.53,,21.34,32.21,37.30,7.48,86.97,1020.
2021-03-08 22:30:00,46.67,,20.42,30.96,34.93,7.29,86.91,1020.
2021-03-08 22:45:00,51.11,,18.62,28.12,30.77,7.11,85.26,1020.
2021-03-08 23:00:00,54.40,,17.64,26.73,29.04,6.98,84.21,1020.
2021-03-08 23:15:00,56.29,,16.65,24.75,26.27,6.77,84.52,1020.
2021-03-08 23:30:00,52.85,,16.57,25.14,27.24,6.78,85.00,1020.
2021-03-08 23:45:00,56.80,,17.41,26.19,28.10,6.66,84.94,1019.
2021-03-09 00:00:00,61.77,,18.83,29.53,32.39,6.42,84.44,1019.
2021-03-09 00:15:00,65.73,,21.04,32.62,36.82,6.23,83.88,1019.
2021-03-09 00:30:00,69.65,,21.91,33.83,38.59,6.08,82.85,1019.
2021-03-09 00:45:00,73.08,,22.11,34.51,40.02,6.02,82.17,1019.
2021-03-09 01:00:00,75.72,,22.00,34.31,40.05,5.98,81.64,1019.
2021-03-09 01:15:00,75.87,,21.43,33.23,37.87,5.85,81.39,1019.
2021-03-09 01:30:00,77.65,,21.34,33.12,37.63,5.77,80.81,1019.
2021-03-09 01:45:00,82.63,,21.48,33.99,39.25,5.66,79.74,1019.
2021-03-09 02:00:00,86.59,,21.43,33.20,37.69,5.60,79.22,1019.
2021-03-09 02:15:00,88.94,,21.20,33.02,37.40,5.49,79.15,1019.
2021-03-09 02:30:00,88.99,,20.81,32.46,36.14,5.40,78.96,1019.
2021-03-09 02:45:00,91.70,,20.92,32.06,35.26,5.40,78.29,1019.
2021-03-09 03:00:00,92.79,,20.45,32.01,35.61,5.28,77.95,1019.
2021-03-09 03:15:00,96.27,,20.04,30.67,33.26,5.21,77.90,1019.
2021-03-09 03:30:00,98.83,,19.25,28.79,30.38,5.19,77.53,1018.
2021-03-09 03:45:00,100.2,,18.18,27.11,28.40,5.21,77.22,1018.
2021-03-09 04:00:00,101.8,,16.91,24.56,25.67,5.12,77.11,1018.
2021-03-09 04:15:00,103.0,,16.29,23.24,24.12,5.04,76.99,1018.
2021-03-09 04:30:00,105.1,,15.40,21.81,22.68,5.05,76.73,1018.
2021-03-09 04:45:00,107.0,,14.31,19.89,20.63,5.04,76.39,1018.
2021-03-09 05:00:00,109.2,,13.59,18.44,19.00,4.94,76.43,1018.
2021-03-09 05:15:00,110.2,,13.14,18.07,18.90,4.75,76.42,1018.
2021-03-09 05:30:00,111.7,,12.56,16.95,17.50,4.89,75.97,1018.
2021-03-09 05:45:00,113.4,,11.88,15.68,15.99,4.91,75.75,1018.
2021-03-09 06:00:00,113.5,,11.23,14.52,14.81,4.83,75.94,1018.
2021-03-09 06:15:00,117.3,,11.03,14.14,14.42,4.66,75.93,1018.
2021-03-09 06:30:00,118.8,,10.40,13.30,13.64,4.51,75.89,1018.
2021-03-09 06:45:00,121.3,,10.33,13.12,13.40,4.56,75.76,1018.
2021-03-09 07:00:00,122.5,,9.94,12.47,13.00,4.53,75.56,1018.
2021-03-09 07:15:00,124.5,,10.10,12.52,12.84,4.57,75.38,1018.
2021-03-09 07:30:00,123.9,,9.50,11.56,11.80,4.61,75.43,1018.
2021-03-09 07:45:00,123.2,,9.21,11.35,11.53,4.59,75.51,1018.
2021-03-09 08:00:00,124.6,,8.93,10.91,11.15,4.63,75.37,1018.
2021-03-09 08:15:00,123.3,,8.90,10.81,11.02,4.68,75.39,1018.
2021-03-09 08:30:00,121.6,,8.18,9.89,10.28,4.84,75.33,1018.
2021-03-09 08:45:00,113.2,,7.81,9.45,9.81,4.97,76.86,1018.
2021-03-09 09:00:00,94.93,,7.82,9.65,9.91,5.04,79.92,1018.
2021-03-09 09:15:00,50.14,,13.24,15.70,16.07,5.52,86.03,1018.
2021-03-09 09:30:00,51.58,,11.88,13.97,14.19,6.17,82.57,1018.
2021-03-09 09:45:00,57.21,,10.61,12.39,12.62,6.56,79.37,1017.
2021-03-09 10:00:00,59.98,,9.87,11.74,12.02,6.88,79.45,1017.
2021-03-09 10:15:00,65.18,,8.51,10.07,10.32,7.16,77.08,1017.
2021-03-09 10:30:00,71.59,,7.73,8.96,9.16,7.13,75.94,1017.
2021-03-09 10:45:00,76.37,,6.61,7.72,7.95,7.08,75.41,1017.
2021-03-09 11:00:00,76.50,,6.47,7.74,7.86,7.26,75.14,1017.
2021-03-09 11:15:00,77.10,,5.83,6.72,6.90,7.63,73.83,1017.
2021-03-09 11:30:00,73.05,,5.74,6.69,6.82,7.82,75.06,1017.
2021-03-09 11:45:00,74.64,,5.26,5.98,6.09,7.78,74.79,1017.
2021-03-09 12:00:00,76.11,,5.20,6.04,6.17,7.99,73.71,1017.
2021-03-09 12:15:00,67.86,,4.79,5.69,5.80,8.17,72.95,1017.
2021-03-09 12:30:00,70.03,,5.06,5.75,5.91,8.30,72.45,1016.
2021-03-09 12:45:00,72.21,,4.82,5.69,5.92,8.47,71.91,1016.
2021-03-09 13:00:00,54.57,,5.63,7.04,7.27,8.56,71.75,1016.
2021-03-09 13:15:00,114.4,,6.20,7.48,7.66,8.53,80.89,1016.
2021-03-09 13:30:00,77.92,,7.24,9.19,9.53,8.97,89.08,1016.
2021-03-09 13:45:00,48.18,,6.97,9.15,9.78,9.05,82.93,1016.
2021-03-09 14:00:00,46.86,,7.01,8.67,8.96,8.83,80.75,1016.
2021-03-09 14:15:00,41.11,,9.17,11.88,12.32,8.91,85.18,1015.
2021-03-09 14:30:00,49.98,,7.87,10.08,10.42,8.76,79.48,1015.
2021-03-09 14:45:00,58.73,,8.50,11.08,11.61,8.40,77.28,1015.
2021-03-09 15:00:00,62.23,,8.90,11.61,11.83,8.07,77.57,1015.
2021-03-09 15:15:00,67.03,,8.75,11.34,11.58,7.99,76.67,1015.
2021-03-09 15:30:00,68.60,,10.04,13.76,14.29,7.83,76.21,1014.
2021-03-09 15:45:00,71.74,,11.85,16.86,17.46,7.92,74.81,1014.
2021-03-09 16:00:00,73.70,,13.77,20.00,20.81,7.98,73.99,1014.
2021-03-09 16:15:00,76.19,,15.06,22.75,23.60,7.92,73.44,1014.
2021-03-09 16:30:00,72.98,,12.80,18.76,19.23,7.83,74.02,1013.
2021-03-09 16:45:00,70.46,,11.50,16.39,16.85,7.71,75.41,1013.
2021-03-09 17:00:00,71.17,,10.84,15.53,15.96,7.50,76.04,1013.
2021-03-09 17:15:00,74.81,,10.31,14.67,14.96,7.23,76.38,1013.
2021-03-09 17:30:00,77.24,,9.49,12.85,13.33,6.99,76.99,1012.
2021-03-09 17:45:00,79.76,,9.38,12.81,13.04,6.79,77.38,1012.
2021-03-09 18:00:00,81.73,,8.93,12.24,12.52,6.59,77.73,1012.
2021-03-09 18:15:00,83.62,,8.64,11.64,11.90,6.45,78.20,1012.
2021-03-09 18:30:00,82.25,,8.92,12.68,13.03,6.30,78.64,1012.
2021-03-09 18:45:00,84.32,,8.56,11.81,12.19,6.24,78.47,1012.
2021-03-09 19:00:00,77.17,,8.61,11.72,12.05,6.38,78.72,1012.
2021-03-09 19:15:00,22.94,,8.50,11.42,11.99,7.20,78.88,1012.
2021-03-09 19:30:00,0.00,,159.3,272.5,297.1,8.42,84.94,1012.
2021-03-09 19:45:00,0.00,,161.5,239.1,252.5,8.87,86.73,1012.
2021-03-09 20:00:00,1.92,,96.86,133.8,139.2,9.25,80.56,1012.
2021-03-09 20:15:00,3.28,,74.26,102.4,106.7,9.35,82.61,1011.
2021-03-09 20:30:00,5.74,,54.67,75.72,80.19,9.36,85.46,1011.
2021-03-09 20:45:00,16.61,,41.84,58.45,69.22,9.26,81.28,1011.
2021-03-09 21:00:00,24.98,,34.08,49.04,60.52,9.10,78.12,1011.
2021-03-09 21:15:00,23.75,,31.45,45.47,55.40,8.94,77.28,1010.
2021-03-09 21:30:00,32.96,,30.40,43.95,52.86,8.86,77.03,1010.
2021-03-09 21:45:00,37.82,,29.89,42.92,51.46,8.81,76.99,1010.
2021-03-09 22:00:00,23.84,,34.51,49.80,61.49,8.64,89.93,1009.
2021-03-09 22:15:00,24.44,,36.53,51.38,63.53,8.74,86.99,1009.
2021-03-09 22:30:00,27.99,,34.74,49.86,61.40,8.70,83.38,1009.
2021-03-09 22:45:00,31.23,,33.08,47.43,58.02,8.68,81.89,1009.
2021-03-09 23:00:00,34.02,,31.90,45.86,55.96,8.64,81.43,1009.
2021-03-09 23:15:00,36.12,,30.59,43.96,52.93,8.64,80.86,1008.
2021-03-09 23:30:00,34.52,,29.64,42.75,51.14,8.58,81.81,1008.
2021-03-09 23:45:00,37.98,,28.34,40.74,48.42,8.48,81.26,1008.
2021-03-10 00:00:00,42.73,,27.33,39.24,46.59,8.32,80.49,1007.
2021-03-10 00:15:00,47.82,,26.35,37.49,44.20,8.08,79.91,1007.
2021-03-10 00:30:00,50.82,,25.77,35.99,41.88,7.90,79.46,1007.
2021-03-10 00:45:00,52.60,,23.85,34.42,39.11,7.70,79.01,1006.
2021-03-10 01:00:00,59.30,,22.36,31.83,34.42,7.46,78.03,1006.
2021-03-10 01:15:00,64.55,,21.44,29.91,31.65,7.22,77.60,1006.
2021-03-10 01:30:00,69.28,,19.97,27.43,28.42,7.00,76.95,1006.
2021-03-10 01:45:00,72.48,,18.51,24.62,25.63,6.88,76.60,1006.
2021-03-10 02:00:00,76.24,,16.65,22.08,22.53,6.77,76.17,1005.
2021-03-10 02:15:00,79.29,,15.37,20.05,20.75,6.64,75.85,1005.
2021-03-10 02:30:00,84.10,,13.39,17.59,18.21,6.42,75.84,1005.
2021-03-10 02:45:00,87.04,,12.19,15.72,16.19,6.26,75.85,1004.
2021-03-10 03:00:00,88.78,,10.83,13.50,13.73,6.19,75.74,1004.
2021-03-10 03:15:00,92.45,,9.94,12.25,12.49,6.10,75.60,1004.
2021-03-10 03:30:00,94.89,,9.02,10.89,11.20,6.04,75.51,1004.
2021-03-10 03:45:00,97.09,,8.49,10.26,10.52,5.99,75.53,1003.
2021-03-10 04:00:00,97.64,,7.88,9.56,9.71,5.96,75.42,1003.
2021-03-10 04:15:00,99.62,,7.44,8.76,8.91,5.96,75.16,1003.
2021-03-10 04:30:00,101.8,,6.92,8.18,8.33,5.86,75.21,1003.
2021-03-10 04:45:00,103.2,,6.56,7.70,7.96,5.82,75.16,1002.
2021-03-10 05:00:00,104.5,,5.78,6.76,6.97,5.81,75.15,1002.
2021-03-10 05:15:00,105.4,,5.41,6.20,6.39,5.82,74.94,1002.
2021-03-10 05:30:00,106.7,,4.76,5.45,5.60,5.80,74.77,1002.
2021-03-10 05:45:00,109.2,,4.22,4.87,4.91,5.76,74.71,1002.
2021-03-10 06:00:00,110.4,,3.34,3.79,3.98,5.72,74.60,1002.
2021-03-10 06:15:00,111.7,,3.03,3.29,3.41,5.67,74.49,1001.
2021-03-10 06:30:00,112.7,,2.78,3.15,3.16,5.71,74.34,1001.
2021-03-10 06:45:00,114.0,,2.47,2.74,2.87,5.70,74.29,1001.
2021-03-10 07:00:00,116.0,,2.11,2.51,2.55,5.65,74.23,1001.
2021-03-10 07:15:00,117.0,,1.90,2.10,2.17,5.62,74.18,1001.
2021-03-10 07:30:00,116.9,,1.80,2.09,2.23,5.61,74.19,1001.
2021-03-10 07:45:00,117.3,,1.39,1.53,1.59,5.67,74.04,1001.
2021-03-10 08:00:00,119.0,,1.16,1.35,1.41,5.67,73.87,1001.
2021-03-10 08:15:00,120.7,,1.04,1.21,1.26,5.67,73.76,1001.
2021-03-10 08:30:00,121.2,,0.93,1.06,1.11,5.68,73.68,1001.
2021-03-10 08:45:00,109.3,,1.30,1.48,1.55,5.60,75.26,1000.
2021-03-10 09:00:00,63.93,,2.29,2.56,2.67,5.81,80.61,1000.
2021-03-10 09:15:00,61.71,,2.12,2.38,2.52,5.89,80.24,1000.
2021-03-10 09:30:00,60.16,,1.83,2.15,2.32,6.01,80.70,1000.
2021-03-10 09:45:00,54.65,,1.78,2.04,2.19,6.36,80.99,1000.
2021-03-10 10:00:00,54.33,,1.59,1.84,1.89,6.54,81.00,999.9
2021-03-10 10:15:00,54.50,,0.97,1.12,1.30,6.93,79.27,999.5
2021-03-10 10:30:00,59.08,,0.95,1.04,1.14,7.00,78.14,999.0
2021-03-10 10:45:00,56.61,,1.43,1.66,1.88,6.97,82.58,998.8
2021-03-10 11:00:00,43.60,,0.86,1.16,1.48,6.98,91.85,998.5
2021-03-10 11:15:00,40.46,,2.50,3.01,3.27,7.01,91.65,998.2
2021-03-10 11:30:00,45.08,,4.61,5.24,5.62,7.17,87.70,997.9
2021-03-10 11:45:00,54.62,,5.06,6.47,7.02,7.09,85.98,997.8
2021-03-10 12:00:00,58.81,,4.16,5.09,5.31,7.05,86.59,997.6
2021-03-10 12:15:00,62.41,,1.55,1.87,2.12,6.97,86.54,997.3
2021-03-10 12:30:00,58.69,,1.20,1.51,1.63,7.23,87.47,996.7
2021-03-10 12:45:00,58.52,,0.79,1.01,1.15,7.53,86.73,996.2
2021-03-10 13:00:00,58.80,,1.24,1.54,1.60,7.80,85.82,995.9
2021-03-10 13:15:00,61.53,,1.91,2.32,2.45,7.93,85.00,995.7
2021-03-10 13:30:00,63.64,,2.30,2.82,3.15,7.98,84.78,995.0
2021-03-10 13:45:00,63.21,,3.62,4.47,4.73,8.08,85.42,994.7
2021-03-10 14:00:00,63.93,,3.82,4.78,4.96,8.06,86.46,994.4
2021-03-10 14:15:00,63.04,,3.46,4.33,4.48,8.07,88.02,993.8
2021-03-10 14:30:00,260.2,,4.71,5.79,6.09,8.24,97.71,993.6
2021-03-10 14:45:00,291.7,,68.29,81.91,87.72,8.81,100.0,993.7
2021-03-10 15:00:00,57.90,,57.73,73.58,80.11,9.58,100.0,993.2
2021-03-10 15:15:00,38.33,,16.26,22.91,24.64,9.35,100.0,992.4
2021-03-10 15:30:00,66.50,,14.78,22.66,23.65,8.76,95.20,992.2
2021-03-10 15:45:00,66.75,,20.51,32.20,35.83,8.74,96.42,991.7
2021-03-10 16:00:00,47.66,,24.78,39.64,47.61,9.02,97.70,991.3
2021-03-10 16:15:00,43.84,,15.30,24.57,27.41,9.10,95.30,990.6
2021-03-10 16:30:00,53.66,,8.80,12.71,13.60,8.76,91.56,990.4
2021-03-10 16:45:00,57.85,,8.71,12.30,12.85,8.51,90.38,990.3
2021-03-10 17:00:00,61.11,,9.04,12.93,13.30,8.43,89.45,989.9
2021-03-10 17:15:00,62.99,,9.55,13.84,14.47,8.38,88.86,989.6
2021-03-10 17:30:00,66.60,,9.27,13.14,13.61,8.28,88.18,989.8
2021-03-10 17:45:00,68.56,,8.19,11.62,12.06,8.29,87.25,989.5
2021-03-10 18:00:00,71.64,,7.07,10.27,10.72,8.23,86.31,989.3
2021-03-10 18:15:00,71.93,,7.23,9.83,10.18,8.17,85.95,988.7
2021-03-10 18:30:00,73.42,,6.53,9.09,9.44,8.10,85.75,988.5
2021-03-10 18:45:00,70.53,,6.17,8.49,8.82,8.00,85.94,988.0
2021-03-10 19:00:00,66.48,,4.84,6.77,7.04,8.02,86.52,987.8
2021-03-10 19:15:00,68.20,,4.98,6.99,7.40,7.94,85.99,987.7
2021-03-10 19:30:00,68.73,,4.77,6.97,7.67,7.81,85.76,987.4
2021-03-10 19:45:00,71.59,,4.47,6.69,7.06,7.73,85.33,987.2
2021-03-10 20:00:00,74.38,,4.34,6.20,6.53,7.62,85.06,987.0
2021-03-10 20:15:00,77.42,,4.19,6.25,6.89,7.53,84.76,986.9
2021-03-10 20:30:00,78.84,,4.66,7.10,7.77,7.51,84.69,986.5
2021-03-10 20:45:00,66.35,,5.40,7.75,8.30,8.08,85.06,986.3
2021-03-10 21:00:00,35.36,,5.01,7.39,7.90,8.88,88.72,985.8
2021-03-10 21:15:00,46.20,,5.28,7.56,8.15,8.99,84.38,985.4
2021-03-10 21:30:00,48.53,,5.20,7.74,8.26,9.02,83.19,985.3
2021-03-10 21:45:00,52.53,,5.22,7.92,8.60,9.20,82.13,985.3
2021-03-10 22:00:00,53.07,,5.58,8.50,9.31,9.16,81.83,984.9
2021-03-10 22:15:00,43.78,,5.81,8.82,9.66,9.18,82.08,984.7
2021-03-10 22:30:00,48.31,,5.98,8.91,9.61,9.09,81.82,984.3
2021-03-10 22:45:00,44.44,,4.99,7.91,8.68,9.05,84.74,984.1
2021-03-10 23:00:00,35.86,,4.28,6.97,7.68,9.07,92.11,983.6
2021-03-10 23:15:00,38.04,,4.88,7.74,8.51,8.81,90.80,983.4
2021-03-10 23:30:00,43.13,,5.21,8.30,9.35,8.72,89.71,983.3
2021-03-10 23:45:00,47.98,,5.99,9.36,10.26,8.45,88.38,983.0
2021-03-11 00:00:00,51.89,,6.01,9.72,10.77,8.29,87.04,982.5
2021-03-11 00:15:00,54.70,,5.36,8.89,9.76,8.25,86.11,982.3
2021-03-11 00:30:00,59.99,,5.33,8.76,9.77,8.17,84.58,981.8
2021-03-11 00:45:00,63.31,,5.06,8.63,9.56,8.10,83.69,981.6
2021-03-11 01:00:00,66.76,,4.38,7.19,7.98,7.92,82.92,981.2
2021-03-11 01:15:00,69.94,,3.82,6.52,7.30,7.88,81.96,980.9
2021-03-11 01:30:00,71.91,,3.09,5.29,5.89,7.75,81.31,980.7
2021-03-11 01:45:00,75.39,,2.98,5.27,6.37,7.64,80.53,980.4
2021-03-11 02:00:00,77.62,,3.00,5.18,5.97,7.51,79.93,979.8
2021-03-11 02:15:00,81.30,,2.57,4.51,5.19,7.45,79.31,979.5
2021-03-11 02:30:00,84.17,,2.45,4.35,4.98,7.31,79.37,979.0
2021-03-11 02:45:00,87.33,,2.24,4.00,4.56,7.14,79.20,978.6
2021-03-11 03:00:00,87.82,,2.11,3.67,4.50,7.06,78.84,978.2
2021-03-11 03:15:00,90.69,,1.76,3.18,3.89,7.06,78.90,978.0
2021-03-11 03:30:00,92.76,,1.53,2.85,3.33,6.99,78.84,977.6
2021-03-11 03:45:00,95.53,,1.40,2.39,2.75,6.91,78.45,977.2
2021-03-11 04:00:00,98.28,,1.25,2.03,2.38,6.64,78.71,976.8
2021-03-11 04:15:00,99.12,,1.23,2.02,2.37,6.51,79.06,976.6
2021-03-11 04:30:00,101.5,,1.02,1.93,2.41,6.44,79.34,976.4
2021-03-11 04:45:00,103.5,,1.06,1.94,2.40,6.40,79.49,976.5
2021-03-11 05:00:00,105.8,,1.20,1.93,2.23,6.33,79.43,976.7
2021-03-11 05:15:00,106.8,,1.19,2.10,2.54,6.10,79.74,977.1
2021-03-11 05:30:00,110.8,,0.74,1.36,1.69,5.94,79.79,977.7
2021-03-11 05:45:00,115.8,,0.80,1.45,1.81,5.73,80.19,978.6
2021-03-11 06:00:00,118.7,,0.63,1.23,1.48,5.41,80.81,979.5
2021-03-11 06:15:00,120.6,,0.50,0.97,1.20,5.20,81.40,980.7
2021-03-11 06:30:00,123.0,,0.41,0.94,1.45,5.10,81.63,981.9
2021-03-11 06:45:00,124.6,,0.45,0.90,1.34,5.06,81.39,982.7
2021-03-11 07:00:00,125.4,,0.37,0.79,1.09,5.09,81.08,983.6
2021-03-11 07:15:00,127.6,,0.48,0.88,1.39,4.82,81.57,984.4
2021-03-11 07:30:00,127.1,,0.41,0.85,1.27,4.71,82.09,985.1
2021-03-11 07:45:00,127.4,,0.41,0.95,1.32,4.77,81.90,986.0
2021-03-11 08:00:00,127.0,,0.33,0.88,1.25,4.90,81.00,986.5
2021-03-11 08:15:00,127.4,,0.39,0.76,1.10,5.10,80.15,987.1
2021-03-11 08:30:00,114.3,,0.41,0.97,1.44,5.21,81.49,987.6
2021-03-11 08:45:00,88.33,,0.31,0.79,1.19,5.50,83.29,988.0
2021-03-11 09:00:00,83.98,,0.77,1.30,1.64,5.93,81.74,988.5
2021-03-11 09:15:00,83.84,,0.52,0.97,1.28,6.06,79.62,988.6
2021-03-11 09:30:00,78.20,,0.36,0.65,1.10,6.66,79.20,988.9
2021-03-11 09:45:00,78.62,,0.25,0.53,1.06,7.14,77.07,989.2
2021-03-11 10:00:00,83.75,,0.18,0.44,0.68,7.12,75.86,989.5
2021-03-11 10:15:00,83.30,,0.07,0.28,0.72,6.97,75.82,989.7
2021-03-11 10:30:00,84.25,,0.62,0.88,1.21,7.13,75.58,990.0
2021-03-11 10:45:00,58.28,,14.56,16.46,17.00,7.35,78.07,990.1
2021-03-11 11:00:00,78.25,,5.16,5.96,6.36,7.28,75.28,990.4
2021-03-11 11:15:00,89.13,,1.81,2.24,2.69,7.33,73.54,990.7
2021-03-11 11:30:00,102.2,,0.55,0.83,1.09,7.26,70.10,990.8
2021-03-11 11:45:00,113.3,,0.25,0.45,0.93,7.28,67.32,991.1
2021-03-11 12:00:00,120.4,,0.21,0.38,0.72,7.01,66.92,991.3
2021-03-11 12:15:00,119.4,,0.16,0.38,0.61,6.94,68.80,991.5
2021-03-11 12:30:00,116.7,,0.10,0.26,0.66,7.23,69.22,991.8
2021-03-11 12:45:00,117.7,,0.00,0.16,0.49,7.41,68.61,991.9
2021-03-11 13:00:00,113.4,,0.10,0.24,0.50,7.46,70.18,991.8
2021-03-11 13:15:00,120.2,,0.21,0.58,0.76,7.21,69.76,991.9
2021-03-11 13:30:00,123.1,,0.44,0.75,1.05,7.01,69.59,992.0
2021-03-11 13:45:00,128.2,,0.35,0.66,0.91,6.89,68.27,992.0
2021-03-11 14:00:00,165.5,,51.33,77.84,84.50,7.16,76.07,992.0
2021-03-11 14:15:00,112.3,,155.6,218.0,230.8,7.77,88.29,992.2
2021-03-11 14:30:00,79.78,,14.75,22.04,25.64,7.71,72.85,992.3
2021-03-11 14:45:00,91.79,,4.56,6.68,6.99,7.23,69.62,992.3
2021-03-11 15:00:00,108.7,,4.04,6.68,7.12,6.87,68.66,992.7
2021-03-11 15:15:00,115.1,,2.58,3.91,4.22,6.83,69.61,992.8
2021-03-11 15:30:00,117.3,,0.95,1.66,1.94,6.64,69.99,992.9
2021-03-11 15:45:00,121.0,,0.78,1.25,1.48,6.43,71.02,993.4
2021-03-11 16:00:00,123.8,,0.87,1.30,1.47,5.97,73.42,993.7
2021-03-11 16:15:00,125.7,,0.68,1.07,1.23,5.97,73.00,993.8
2021-03-11 16:30:00,127.3,,0.69,1.04,1.23,5.93,73.26,993.9
2021-03-11 16:45:00,129.7,,0.71,1.03,1.23,6.09,72.23,993.9
2021-03-11 17:00:00,130.9,,0.74,0.91,0.95,6.01,72.55,994.1
2021-03-11 17:15:00,129.3,,0.72,1.06,1.12,5.82,74.13,994.5
2021-03-11 17:30:00,118.4,,0.44,0.60,0.74,6.14,78.18,994.8
2021-03-11 17:45:00,92.87,,0.83,1.11,1.30,6.91,89.54,995.2
2021-03-11 18:00:00,95.80,,1.13,1.56,1.66,7.00,87.05,995.7
2021-03-11 18:15:00,101.2,,0.90,1.31,1.59,6.65,85.21,995.9
2021-03-11 18:30:00,96.82,,1.26,1.60,1.73,6.78,84.76,996.2
2021-03-11 18:45:00,72.44,,1.54,1.91,2.10,8.11,79.78,996.5
2021-03-11 19:00:00,30.89,,4.29,6.56,8.16,8.73,84.23,997.0
2021-03-11 19:15:00,17.53,,3.90,5.82,6.77,9.17,85.88,997.9
2021-03-11 19:30:00,39.02,,2.65,3.56,4.16,8.04,79.39,998.2
2021-03-11 19:45:00,43.51,,2.70,3.68,4.13,7.49,83.21,998.0
2021-03-11 20:00:00,48.31,,1.72,2.42,2.83,7.54,83.17,998.3
2021-03-11 20:15:00,54.10,,1.24,1.61,1.87,7.37,81.93,998.4
2021-03-11 20:30:00,59.32,,0.92,1.27,1.53,7.36,81.18,998.5
2021-03-11 20:45:00,65.52,,0.83,1.06,1.29,7.20,80.65,998.7
2021-03-11 21:00:00,70.78,,0.62,0.90,1.19,7.11,80.10,998.8
2021-03-11 21:15:00,68.49,,0.50,0.84,1.14,7.11,81.48,999.0
2021-03-11 21:30:00,71.57,,0.53,0.82,1.02,7.27,80.82,999.1
2021-03-11 21:45:00,49.75,,27.91,54.12,80.03,7.55,93.78,999.2
2021-03-11 22:00:00,41.29,,22.02,40.72,58.30,8.30,95.49,999.4
2021-03-11 22:15:00,51.59,,15.38,29.79,39.65,8.26,90.72,999.5
2021-03-11 22:30:00,58.57,,12.66,25.37,32.43,7.98,88.76,999.4
2021-03-11 22:45:00,66.55,,11.88,22.49,27.42,7.71,87.44,999.3
2021-03-11 23:00:00,71.96,,10.40,19.84,24.19,7.39,86.67,999.3
2021-03-11 23:15:00,72.69,,9.45,17.55,20.99,7.15,86.33,999.3
2021-03-11 23:30:00,78.17,,9.31,16.62,19.39,6.93,85.89,999.3
2021-03-11 23:45:00,82.48,,9.13,15.76,18.04,6.78,85.62,999.3
2021-03-12 00:00:00,85.01,,8.33,14.38,16.96,6.60,85.00,999.2
2021-03-12 00:15:00,83.41,,8.06,13.83,15.66,6.35,84.65,999.0
2021-03-12 00:30:00,87.71,,8.01,13.52,15.41,6.31,84.17,999.1
2021-03-12 00:45:00,92.47,,7.49,12.48,13.80,6.19,83.76,999.0
2021-03-12 01:00:00,95.84,,6.87,11.20,12.42,6.12,83.38,999.0
2021-03-12 01:15:00,97.48,,6.03,10.11,11.34,6.07,82.82,998.8
2021-03-12 01:30:00,99.66,,6.13,9.70,10.38,5.83,82.30,998.6
2021-03-12 01:45:00,102.7,,5.44,8.62,9.25,5.86,81.70,998.6
2021-03-12 02:00:00,105.8,,5.08,7.66,8.41,5.80,81.25,998.4
2021-03-12 02:15:00,108.9,,4.36,6.50,6.94,5.69,80.98,998.2
2021-03-12 02:30:00,108.6,,3.98,6.04,6.44,5.55,80.50,997.8
2021-03-12 02:45:00,110.4,,4.31,6.70,7.24,5.65,80.01,997.7
2021-03-12 03:00:00,111.2,,4.80,7.37,7.84,5.62,79.54,997.5
2021-03-12 03:15:00,114.5,,5.26,8.40,8.91,5.68,78.75,997.5
2021-03-12 03:30:00,116.8,,5.50,8.74,9.21,5.58,78.46,997.4
2021-03-12 03:45:00,119.2,,5.77,8.96,9.25,5.57,77.75,997.1
2021-03-12 04:00:00,121.4,,5.91,9.66,10.36,5.61,76.94,997.0
2021-03-12 04:15:00,122.5,,6.07,9.49,10.01,5.57,77.14,996.7
2021-03-12 04:30:00,123.4,,5.20,8.24,8.74,5.51,77.18,996.6
2021-03-12 04:45:00,125.9,,4.89,7.51,7.97,5.50,76.89,996.5
2021-03-12 05:00:00,127.1,,4.10,6.08,6.47,5.39,76.50,996.1
2021-03-12 05:15:00,129.2,,3.78,5.51,5.85,5.34,76.33,995.9
2021-03-12 05:30:00,131.9,,3.59,5.32,5.69,5.18,76.49,995.8
2021-03-12 05:45:00,134.1,,3.38,5.08,5.57,5.08,75.88,995.7
2021-03-12 06:00:00,134.4,,2.64,3.93,4.27,5.14,75.62,995.8
2021-03-12 06:15:00,136.1,,2.69,3.95,4.25,5.19,75.06,995.7
2021-03-12 06:30:00,137.3,,2.16,3.52,3.80,5.23,74.97,995.6
2021-03-12 06:45:00,132.8,,2.25,3.23,3.47,5.15,75.80,995.6
2021-03-12 07:00:00,138.9,,1.91,2.65,2.81,5.00,75.68,995.5
2021-03-12 07:15:00,142.5,,1.62,2.30,2.52,4.94,75.36,995.4
2021-03-12 07:30:00,146.3,,1.08,1.64,1.82,4.89,75.15,995.6
2021-03-12 07:45:00,149.4,,0.95,1.35,1.53,4.65,75.31,995.5
2021-03-12 08:00:00,151.3,,0.67,1.07,1.19,4.58,75.26,995.6
2021-03-12 08:15:00,154.5,,0.58,0.82,0.98,4.32,75.55,995.6
2021-03-12 08:30:00,155.4,,0.42,0.59,0.80,4.31,75.41,995.7
2021-03-12 08:45:00,155.6,,0.11,0.26,0.45,4.57,74.26,995.9
2021-03-12 09:00:00,144.2,,0.11,0.22,0.38,4.97,76.14,996.1
2021-03-12 09:15:00,125.7,,0.13,0.22,0.34,5.22,79.40,996.1
2021-03-12 09:30:00,125.0,,0.02,0.09,0.16,5.44,77.20,996.1
2021-03-12 09:45:00,123.7,,0.02,0.04,0.19,5.47,76.71,996.3
2021-03-12 10:00:00,123.6,,0.03,0.08,0.19,5.51,75.74,996.2
2021-03-12 10:15:00,129.3,,0.02,0.02,0.14,5.79,74.28,996.6
2021-03-12 10:30:00,129.5,,0.00,0.02,0.05,5.77,73.93,996.4
2021-03-12 10:45:00,147.0,,18.55,25.58,27.77,6.04,77.04,996.5
2021-03-12 11:00:00,85.43,,54.64,72.75,80.33,7.14,79.03,996.6
2021-03-12 11:15:00,88.82,,34.94,48.84,59.56,7.49,73.38,996.5
2021-03-12 11:30:00,105.1,,28.05,39.27,46.59,7.65,70.29,996.6
2021-03-12 11:45:00,113.6,,25.80,35.60,41.04,7.41,70.45,996.6
2021-03-12 12:00:00,92.80,,22.29,30.62,33.29,7.54,82.59,996.6
2021-03-12 12:15:00,92.23,,19.30,25.32,26.61,7.61,76.95,996.8
2021-03-12 12:30:00,106.9,,16.43,20.82,21.40,7.39,72.87,996.7
2021-03-12 12:45:00,117.9,,11.75,14.41,15.04,7.28,69.27,996.7
2021-03-12 13:00:00,123.9,,9.21,10.92,11.30,7.31,67.51,996.7
2021-03-12 13:15:00,127.1,,7.18,8.67,9.05,7.21,66.43,996.6
2021-03-12 13:30:00,124.3,,5.03,6.10,6.37,7.19,66.61,996.5
2021-03-12 13:45:00,131.5,,3.81,4.57,4.96,6.93,65.71,996.3
2021-03-12 14:00:00,132.1,,3.27,3.98,4.36,7.07,65.90,996.2
2021-03-12 14:15:00,131.2,,2.54,3.06,3.55,7.38,64.90,996.0
2021-03-12 14:30:00,129.6,,1.36,1.91,2.04,7.39,69.08,995.8
2021-03-12 14:45:00,137.3,,1.14,1.67,1.90,7.20,69.21,995.8
2021-03-12 15:00:00,145.0,,0.98,1.52,1.83,7.17,66.28,995.7
2021-03-12 15:15:00,150.1,,0.93,1.44,1.72,7.16,65.16,995.6
2021-03-12 15:30:00,153.5,,0.50,0.81,1.22,6.84,64.62,995.5
2021-03-12 15:45:00,156.2,,0.54,0.83,1.29,6.63,63.94,995.4
2021-03-12 16:00:00,156.3,,0.83,1.36,1.59,6.63,64.07,995.2
2021-03-12 16:15:00,161.3,,0.74,1.23,1.50,6.25,64.89,995.0
2021-03-12 16:30:00,163.0,,0.72,1.26,1.62,6.02,65.94,994.8
2021-03-12 16:45:00,167.1,,0.35,0.58,0.75,5.78,64.31,994.3
2021-03-12 17:00:00,168.1,,0.83,1.30,1.47,5.62,64.98,994.1
2021-03-12 17:15:00,169.1,,0.83,1.41,1.54,5.52,65.98,993.8
2021-03-12 17:30:00,166.8,,0.63,1.19,1.51,5.52,66.83,993.5
2021-03-12 17:45:00,164.7,,1.32,2.09,2.34,5.48,67.53,993.3
2021-03-12 18:00:00,167.6,,1.01,1.44,1.69,5.37,67.41,993.1
2021-03-12 18:15:00,168.0,,0.53,0.84,1.11,5.34,67.68,993.0
2021-03-12 18:30:00,143.1,,0.94,1.40,1.62,5.77,69.08,993.0
2021-03-12 18:45:00,125.3,,1.45,2.09,2.34,6.71,67.81,992.9
2021-03-12 19:00:00,113.1,,2.28,3.26,3.54,7.71,67.89,992.8
2021-03-12 19:15:00,83.39,,4.29,6.57,7.34,8.12,70.96,992.3
2021-03-12 19:30:00,54.34,,14.45,27.52,36.05,8.59,79.83,992.0
2021-03-12 19:45:00,60.44,,15.47,26.30,31.00,8.51,78.16,991.5
2021-03-12 20:00:00,69.15,,20.15,31.41,36.59,11.63,71.43,313.6
2021-03-12 20:15:00,65.12,,25.20,38.07,46.55,11.59,71.56,241.4
2021-03-12 20:30:00,63.61,,28.05,42.60,52.07,11.49,74.31,193.1
2021-03-12 20:45:00,62.55,,31.16,46.85,58.19,8.35,76.98,989.4
2021-03-12 21:00:00,61.11,,33.44,50.18,62.79,8.35,77.43,988.9
2021-03-12 21:15:00,58.21,,37.63,55.74,68.04,8.25,79.25,988.6
2021-03-12 21:30:00,59.34,,40.29,59.34,70.75,8.11,80.24,988.1
2021-03-12 21:45:00,60.87,,41.20,61.19,71.75,8.04,81.22,987.9
2021-03-12 22:00:00,66.05,,36.10,54.06,66.87,8.00,80.51,987.3
2021-03-12 22:15:00,68.33,,34.68,52.12,65.20,8.00,80.71,986.9
2021-03-12 22:30:00,71.18,,33.62,50.51,62.88,8.01,80.30,986.1
2021-03-12 22:45:00,71.98,,32.31,48.25,59.46,8.06,79.80,986.0
2021-03-12 23:00:00,74.76,,30.51,45.68,56.01,8.00,79.66,985.0
2021-03-12 23:15:00,76.51,,28.69,43.32,52.51,8.08,79.93,984.8
2021-03-12 23:30:00,78.32,,27.86,41.63,50.05,8.06,80.08,984.1
2021-03-12 23:45:00,80.63,,26.38,39.04,46.44,7.96,80.75,983.7
