2021-02-28 00:00:00,32.73,,9.53,11.58,13.55,7.66,74.53,1039.
2021-02-28 00:15:00,32.64,,10.57,13.13,15.72,7.65,74.14,1039.
2021-02-28 00:30:00,32.65,,14.63,18.29,21.56,7.41,75.25,1039.
2021-02-28 00:45:00,32.94,,18.10,23.59,26.93,7.16,76.40,1039.
2021-02-28 01:00:00,33.23,,20.22,26.73,30.27,6.88,77.60,1039.
2021-02-28 01:15:00,33.78,,12.42,15.73,18.08,6.58,78.02,1039.
2021-02-28 01:30:00,32.95,,8.50,10.40,12.37,7.52,73.90,1039.
2021-02-28 01:45:00,33.09,,7.65,9.21,11.16,7.40,73.78,1039.
2021-02-28 02:00:00,32.71,,14.28,17.66,20.04,7.41,73.97,1039.
2021-02-28 02:15:00,34.03,,20.21,26.69,29.25,5.93,80.79,1039.
2021-02-28 02:30:00,34.60,,24.28,33.58,39.57,5.37,83.39,1038.
2021-02-28 02:45:00,33.74,,27.31,38.25,46.51,5.28,83.97,1038.
2021-02-28 03:00:00,33.30,,29.57,41.67,50.98,5.40,83.34,1038.
2021-02-28 03:15:00,33.12,,30.73,43.21,53.24,5.56,82.62,1038.
2021-02-28 03:30:00,33.30,,31.81,45.20,56.30,5.24,84.13,1038.
2021-02-28 03:45:00,33.55,,31.96,45.27,56.05,5.04,84.89,1038.
2021-02-28 04:00:00,33.64,,32.15,45.66,56.99,4.80,85.93,1038.
2021-02-28 04:15:00,33.83,,32.95,47.21,59.32,4.48,87.89,1038.
2021-02-28 04:30:00,33.53,,32.30,45.98,57.65,4.57,86.88,1038.
2021-02-28 04:45:00,33.53,,31.85,45.45,56.73,4.72,86.10,1038.
2021-02-28 05:00:00,33.18,,30.58,43.17,53.14,5.94,79.94,1038.
2021-02-28 05:15:00,33.20,,29.88,42.05,51.33,6.09,78.69,1038.
2021-02-28 05:30:00,33.10,,29.95,42.39,51.78,5.71,79.89,1037.
2021-02-28 05:45:00,33.38,,30.47,43.04,53.09,5.15,82.47,1037.
2021-02-28 06:00:00,33.20,,31.01,44.10,54.57,5.40,81.68,1037.
2021-02-28 06:15:00,32.99,,31.62,45.04,55.95,5.49,81.19,1037.
2021-02-28 06:30:00,32.87,,32.94,46.88,58.41,5.44,80.89,1037.
2021-02-28 06:45:00,32.96,,34.53,49.48,61.88,5.19,82.23,1037.
2021-02-28 07:00:00,32.89,,40.10,54.40,67.10,5.10,83.51,1037.
2021-02-28 07:15:00,32.84,,44.22,59.54,70.84,5.02,84.36,1037.
2021-02-28 07:30:00,32.75,,45.12,61.10,71.71,4.99,84.05,1037.
2021-02-28 07:45:00,32.64,,43.51,59.17,70.63,5.25,82.73,1037.
2021-02-28 08:00:00,32.51,,38.48,53.40,66.06,7.44,74.10,1037.
2021-02-28 08:15:00,32.18,,38.79,53.13,65.96,8.94,67.34,1038.
2021-02-28 08:30:00,32.01,,38.52,53.09,65.75,10.09,63.24,1038.
2021-02-28 08:45:00,31.74,,39.34,53.87,66.45,10.70,61.04,1038.
2021-02-28 09:00:00,31.64,,37.42,52.07,64.70,11.46,58.87,1038.
2021-02-28 09:15:00,31.42,,38.66,53.14,65.90,10.84,60.72,1038.
2021-02-28 09:30:00,31.39,,38.00,52.24,64.90,11.75,58.32,1038.
2021-02-28 09:45:00,31.45,,37.56,51.80,64.40,11.76,57.90,1038.
2021-02-28 10:00:00,31.44,,35.93,50.77,63.35,11.45,59.29,1038.
2021-02-28 10:15:00,31.28,,36.39,51.45,63.93,12.66,56.46,1038.
2021-02-28 10:30:00,31.34,,41.19,56.92,68.82,12.86,55.57,1037.
2021-02-28 10:45:00,31.56,,40.83,56.96,68.17,11.81,58.40,1037.
2021-02-28 11:00:00,31.31,,33.16,47.46,58.62,13.53,53.95,1037.
2021-02-28 11:15:00,31.20,,30.76,44.05,53.78,14.68,50.95,1037.
2021-02-28 11:30:00,31.09,,30.06,42.68,51.88,14.76,50.78,1037.
2021-02-28 11:45:00,31.02,,29.45,41.55,50.19,14.82,50.45,1037.
2021-02-28 12:00:00,31.02,,27.95,39.05,46.96,14.85,50.43,1037.
2021-02-28 12:15:00,31.28,,26.39,36.38,42.95,13.41,53.72,1037.
2021-02-28 12:30:00,31.21,,27.06,37.67,45.20,14.14,52.06,1037.
2021-02-28 12:45:00,31.29,,28.48,40.19,48.88,13.68,52.92,1036.
2021-02-28 13:00:00,31.72,,27.72,39.05,46.75,12.34,56.49,1036.
2021-02-28 13:15:00,31.85,,28.78,40.85,49.51,11.90,58.47,1036.
2021-02-28 13:30:00,31.97,,27.00,38.06,45.64,11.54,59.02,1036.
2021-02-28 13:45:00,31.99,,26.47,37.46,44.79,11.53,58.99,1036.
2021-02-28 14:00:00,31.77,,26.30,37.21,44.86,11.69,58.75,1035.
2021-02-28 14:15:00,31.71,,26.34,37.47,44.84,12.03,57.62,1035.
2021-02-28 14:30:00,31.71,,26.10,37.52,45.12,11.91,58.13,1035.
2021-02-28 14:45:00,31.62,,27.32,39.09,47.01,12.41,56.98,1035.
2021-02-28 15:00:00,31.69,,29.60,42.53,51.50,11.94,58.76,1035.
2021-02-28 15:15:00,31.70,,30.25,43.18,52.72,11.73,59.73,1034.
2021-02-28 15:30:00,31.64,,30.39,43.84,53.53,11.85,59.61,1034.
2021-02-28 15:45:00,31.53,,29.87,42.95,52.17,12.08,59.14,1034.
2021-02-28 16:00:00,31.71,,30.41,43.78,53.26,11.60,60.41,1034.
2021-02-28 16:15:00,31.79,,28.81,41.49,50.19,11.59,60.27,1034.
2021-02-28 16:30:00,31.97,,28.79,41.55,50.40,11.35,61.20,1034.
2021-02-28 16:45:00,32.02,,28.01,40.27,48.66,11.31,61.31,1034.
2021-02-28 17:00:00,31.75,,26.20,37.16,44.33,11.65,60.10,1034.
2021-02-28 17:15:00,31.63,,26.32,37.21,44.09,11.86,59.20,1034.
2021-02-28 17:30:00,31.56,,26.11,37.13,44.41,12.05,58.47,1034.
2021-02-28 17:45:00,33.01,,25.22,35.88,42.27,10.34,60.68,1034.
2021-02-28 18:00:00,33.20,,25.88,37.17,44.77,9.83,62.39,1034.
2021-02-28 18:15:00,33.04,,25.60,36.77,44.06,9.91,62.11,1034.
2021-02-28 18:30:00,32.55,,25.84,37.19,44.97,10.47,60.78,1034.
2021-02-28 18:45:00,32.24,,27.41,39.87,48.49,10.97,59.78,1034.
2021-02-28 19:00:00,32.29,,30.56,44.98,55.42,10.30,62.68,1034.
2021-02-28 19:15:00,32.52,,29.67,43.57,53.59,9.99,64.02,1034.
2021-02-28 19:30:00,34.98,,29.60,43.97,54.33,8.45,71.11,1034.
2021-02-28 19:45:00,34.91,,28.82,43.21,53.18,7.90,74.27,1034.
2021-02-28 20:00:00,35.39,,27.63,41.61,51.20,7.65,75.66,1034.
2021-02-28 20:15:00,36.01,,29.24,44.15,54.77,7.20,77.50,1034.
2021-02-28 20:30:00,37.01,,28.66,43.38,53.61,6.95,77.99,1034.
2021-02-28 20:45:00,37.35,,27.79,42.42,52.02,6.70,78.87,1034.
2021-02-28 21:00:00,42.05,,27.38,41.47,50.95,6.51,79.87,1034.
2021-02-28 21:15:00,37.26,,27.89,42.51,52.10,6.51,80.37,1034.
2021-02-28 21:30:00,36.37,,28.46,43.56,53.86,6.80,79.17,1034.
2021-02-28 21:45:00,35.28,,29.18,44.21,54.97,6.90,78.86,1034.
2021-02-28 22:00:00,36.10,,30.04,44.86,55.71,6.35,81.27,1034.
2021-02-28 22:15:00,35.49,,32.93,49.17,61.22,6.13,82.42,1034.
2021-02-28 22:30:00,34.35,,35.87,53.69,67.16,6.15,82.38,1034.
2021-02-28 22:45:00,33.56,,34.43,51.55,64.69,6.69,79.91,1034.
2021-02-28 23:00:00,33.33,,34.89,51.78,64.98,8.17,73.14,1034.
2021-02-28 23:15:00,33.21,,37.89,55.34,68.35,7.47,75.76,1034.
2021-02-28 23:30:00,33.44,,39.00,57.50,69.99,6.59,79.79,1033.
2021-02-28 23:45:00,33.22,,40.04,59.11,71.11,6.89,78.50,1033.
2021-03-01 00:00:00,32.98,,41.05,60.32,71.75,6.95,78.19,1033.
2021-03-01 00:15:00,33.07,,41.03,60.30,71.63,6.79,78.86,1033.
2021-03-01 00:30:00,33.31,,41.73,62.76,73.09,6.65,79.43,1034.
2021-03-01 00:45:00,33.55,,42.24,63.12,73.51,6.03,82.16,1033.
2021-03-01 01:00:00,33.46,,42.80,63.80,73.89,5.79,83.36,1033.
2021-03-01 01:15:00,33.34,,42.79,64.76,74.19,5.81,82.98,1033.
2021-03-01 01:30:00,34.13,,43.82,66.49,75.54,5.19,86.19,1033.
2021-03-01 01:45:00,34.06,,43.28,66.26,75.35,5.18,86.37,1033.
2021-03-01 02:00:00,34.29,,42.87,66.36,75.96,4.94,87.70,1033.
2021-03-01 02:15:00,34.21,,40.68,63.82,74.23,4.90,88.33,1033.
2021-03-01 02:30:00,33.67,,37.27,59.11,71.04,5.48,85.31,1033.
2021-03-01 02:45:00,33.60,,35.46,56.17,68.95,5.61,84.53,1033.
2021-03-01 03:00:00,33.71,,34.80,54.32,67.46,5.82,82.82,1033.
2021-03-01 03:15:00,33.78,,37.14,58.86,70.68,5.23,85.60,1032.
2021-03-01 03:30:00,34.16,,37.36,59.54,71.69,4.67,88.17,1032.
2021-03-01 03:45:00,34.05,,36.37,57.67,70.37,4.65,87.45,1032.
2021-03-01 04:00:00,34.84,,37.45,59.88,72.37,4.31,88.80,1032.
2021-03-01 04:15:00,34.32,,36.13,57.19,70.32,4.29,88.50,1032.
2021-03-01 04:30:00,34.69,,34.66,54.40,68.08,4.35,87.80,1032.
2021-03-01 04:45:00,33.94,,32.92,50.44,63.30,4.92,84.57,1032.
2021-03-01 05:00:00,33.89,,32.02,49.21,61.79,5.35,82.14,1032.
2021-03-01 05:15:00,33.90,,31.69,48.51,60.49,5.13,82.99,1032.
2021-03-01 05:30:00,34.67,,32.18,49.39,61.74,4.30,87.27,1032.
2021-03-01 05:45:00,35.12,,32.54,50.68,63.78,4.12,88.62,1032.
2021-03-01 06:00:00,34.08,,32.34,49.48,62.04,4.40,86.84,1032.
2021-03-01 06:15:00,34.29,,33.12,50.87,63.79,4.03,88.58,1032.
2021-03-01 06:30:00,34.66,,33.67,51.89,65.27,3.71,89.83,1032.
2021-03-01 06:45:00,35.13,,34.78,53.86,67.86,3.57,89.89,1032.
2021-03-01 07:00:00,35.59,,35.18,54.77,69.27,3.33,91.10,1032.
2021-03-01 07:15:00,34.99,,34.32,53.14,67.03,3.47,90.55,1032.
2021-03-01 07:30:00,35.03,,32.45,50.07,62.68,3.79,89.23,1032.
2021-03-01 07:45:00,35.31,,30.74,48.01,59.76,4.05,87.90,1032.
2021-03-01 08:00:00,35.07,,29.23,45.07,55.62,5.55,81.25,1032.
2021-03-01 08:15:00,34.15,,30.21,46.51,58.13,6.09,78.43,1032.
2021-03-01 08:30:00,34.15,,30.59,47.44,59.20,6.38,76.92,1032.
2021-03-01 08:45:00,34.02,,29.13,44.90,55.82,6.77,74.89,1032.
2021-03-01 09:00:00,33.81,,27.54,42.30,51.87,7.40,71.82,1032.
2021-03-01 09:15:00,33.80,,26.49,40.81,49.69,8.04,69.16,1032.
2021-03-01 09:30:00,33.61,,28.94,44.48,54.67,7.88,69.91,1032.
2021-03-01 09:45:00,34.23,,29.14,44.62,54.91,7.68,70.52,1032.
2021-03-01 10:00:00,34.91,,26.80,40.88,49.77,7.77,70.22,1032.
2021-03-01 10:15:00,35.95,,23.62,35.81,43.04,7.73,70.13,1032.
2021-03-01 10:30:00,35.32,,19.86,29.43,33.06,8.36,67.13,1032.
2021-03-01 10:45:00,35.25,,20.81,31.11,35.77,8.31,67.55,1032.
2021-03-01 11:00:00,33.81,,22.21,33.04,38.59,10.03,62.47,1032.
2021-03-01 11:15:00,33.10,,22.05,32.38,37.25,11.42,59.71,1032.
2021-03-01 11:30:00,32.74,,21.46,31.16,35.26,11.80,58.55,1032.
2021-03-01 11:45:00,32.51,,22.69,33.60,39.39,11.58,59.65,1032.
2021-03-01 12:00:00,32.46,,19.81,28.31,31.55,11.29,60.72,1032.
2021-03-01 12:15:00,32.84,,17.56,23.75,26.12,10.59,62.78,1031.
2021-03-01 12:30:00,33.17,,17.39,23.24,25.27,10.96,61.87,1031.
2021-03-01 12:45:00,32.62,,16.22,21.26,23.13,11.17,61.64,1031.
2021-03-01 13:00:00,34.01,,14.71,19.70,21.60,9.78,64.99,1031.
2021-03-01 13:15:00,35.80,,13.95,18.82,20.69,8.33,69.06,1031.
2021-03-01 13:30:00,35.98,,14.43,19.16,21.18,8.05,70.69,1031.
2021-03-01 13:45:00,34.69,,12.87,17.41,19.07,8.71,68.91,1030.
2021-03-01 14:00:00,34.02,,11.89,15.57,16.82,9.32,68.38,1030.
2021-03-01 14:15:00,33.49,,11.67,15.26,16.89,10.12,66.51,1030.
2021-03-01 14:30:00,33.30,,11.13,14.07,15.35,10.09,66.35,1030.
2021-03-01 14:45:00,33.35,,11.47,14.93,16.01,10.06,66.69,1030.
2021-03-01 15:00:00,33.28,,12.91,16.52,17.99,10.22,65.93,1030.
2021-03-01 15:15:00,33.26,,12.47,15.84,16.95,10.20,66.05,1029.
2021-03-01 15:30:00,33.90,,13.23,16.99,18.16,9.76,67.75,1029.
2021-03-01 15:45:00,34.24,,13.11,17.04,18.26,9.44,68.79,1029.
2021-03-01 16:00:00,34.60,,14.33,18.53,19.75,9.05,70.65,1029.
2021-03-01 16:15:00,34.10,,14.64,18.46,19.65,8.83,72.84,1029.
2021-03-01 16:30:00,34.90,,15.98,20.22,21.59,8.28,75.67,1029.
2021-03-01 16:45:00,34.62,,18.93,26.32,28.19,8.03,76.26,1029.
2021-03-01 17:00:00,35.01,,19.74,26.78,28.83,7.64,77.71,1029.
2021-03-01 17:15:00,34.91,,21.07,29.84,32.48,7.37,78.64,1029.
2021-03-01 17:30:00,35.04,,21.67,31.25,34.74,6.75,81.17,1029.
2021-03-01 17:45:00,35.15,,22.18,32.22,36.62,6.46,81.49,1029.
2021-03-01 18:00:00,35.77,,21.36,30.80,34.01,6.14,81.21,1030.
2021-03-01 18:15:00,35.82,,22.33,32.89,38.23,5.72,82.88,1030.
2021-03-01 18:30:00,35.49,,22.66,33.34,38.66,5.54,83.15,1030.
2021-03-01 18:45:00,36.18,,22.98,33.97,39.28,5.06,84.75,1030.
2021-03-01 19:00:00,36.50,,23.31,34.86,40.89,4.79,85.73,1030.
2021-03-01 19:15:00,37.04,,23.35,34.60,40.67,4.59,86.03,1030.
2021-03-01 19:30:00,36.89,,23.71,34.92,40.61,4.38,86.51,1030.
2021-03-01 19:45:00,38.21,,24.16,35.00,41.10,4.17,87.46,1030.
2021-03-01 20:00:00,37.33,,24.23,35.69,41.92,4.06,87.92,1030.
2021-03-01 20:15:00,36.52,,25.07,36.69,43.19,4.15,87.02,1030.
2021-03-01 20:30:00,36.14,,26.82,39.61,47.49,4.05,87.51,1030.
2021-03-01 20:45:00,36.22,,27.04,40.59,49.01,3.97,88.01,1030.
2021-03-01 21:00:00,36.38,,27.93,42.80,51.92,3.94,88.54,1030.
2021-03-01 21:15:00,36.56,,28.29,44.01,53.39,3.92,88.97,1030.
2021-03-01 21:30:00,36.47,,28.28,43.69,53.03,4.24,87.51,1030.
2021-03-01 21:45:00,36.44,,27.90,43.33,52.64,4.31,87.14,1030.
2021-03-01 22:00:00,38.04,,27.85,43.59,53.17,4.05,87.94,1030.
2021-03-01 22:15:00,42.80,,27.74,44.70,54.76,3.66,89.87,1030.
2021-03-01 22:30:00,38.57,,28.18,45.53,56.08,3.86,88.93,1030.
2021-03-01 22:45:00,38.05,,27.88,45.41,55.99,4.05,87.95,1030.
2021-03-01 23:00:00,37.68,,27.83,45.64,56.29,3.90,89.13,1030.
2021-03-01 23:15:00,37.10,,27.54,45.98,57.45,3.91,89.23,1030.
2021-03-01 23:30:00,37.27,,27.98,47.30,59.29,3.84,89.56,1030.
2021-03-01 23:45:00,37.43,,27.64,46.54,57.92,3.89,89.22,1030.
2021-03-02 00:00:00,39.20,,27.22,45.49,55.98,4.14,87.45,1030.
2021-03-02 00:15:00,44.22,,25.48,42.35,51.71,4.02,87.73,1030.
2021-03-02 00:30:00,39.96,,25.42,42.22,51.21,4.16,87.70,1030.
2021-03-02 00:45:00,41.41,,24.56,41.06,49.83,4.35,86.97,1030.
2021-03-02 01:00:00,47.86,,23.70,39.84,48.06,3.85,89.29,1030.
2021-03-02 01:15:00,47.49,,24.09,40.40,49.16,3.83,89.38,1030.
2021-03-02 01:30:00,48.95,,24.03,40.64,49.08,3.66,90.56,1030.
2021-03-02 01:45:00,50.19,,24.02,40.95,49.56,3.63,90.29,1030.
2021-03-02 02:00:00,45.27,,25.07,42.59,51.59,4.01,88.87,1030.
2021-03-02 02:15:00,39.86,,25.97,43.53,53.52,4.56,85.88,1030.
2021-03-02 02:30:00,41.54,,26.04,44.14,54.33,4.61,84.30,1030.
2021-03-02 02:45:00,44.03,,27.05,46.07,57.19,4.12,86.00,1030.
2021-03-02 03:00:00,44.53,,27.23,47.04,59.38,3.82,88.25,1029.
2021-03-02 03:15:00,41.15,,28.00,49.44,63.59,4.00,86.74,1029.
2021-03-02 03:30:00,44.82,,25.67,45.79,59.21,3.77,87.09,1029.
2021-03-02 03:45:00,46.45,,25.35,46.00,59.74,3.65,86.86,1029.
2021-03-02 04:00:00,45.64,,26.17,47.22,61.22,3.62,86.55,1029.
2021-03-02 04:15:00,47.34,,25.70,46.09,58.83,3.38,87.96,1029.
2021-03-02 04:30:00,51.84,,22.49,39.92,49.08,3.13,87.80,1029.
2021-03-02 04:45:00,51.29,,22.97,39.19,48.36,3.13,87.36,1029.
2021-03-02 05:00:00,50.33,,22.57,38.23,47.25,3.14,87.31,1029.
2021-03-02 05:15:00,48.47,,22.42,38.26,46.77,3.39,86.20,1029.
2021-03-02 05:30:00,55.27,,20.22,34.67,42.75,2.76,89.13,1029.
2021-03-02 05:45:00,51.05,,19.89,34.32,42.04,3.09,87.68,1029.
2021-03-02 06:00:00,50.97,,20.17,34.41,41.97,3.03,87.95,1029.
2021-03-02 06:15:00,55.49,,19.29,34.06,40.92,2.66,90.17,1029.
2021-03-02 06:30:00,53.05,,19.62,33.69,40.97,2.95,88.16,1029.
2021-03-02 06:45:00,60.29,,20.42,35.36,43.28,2.31,91.26,1029.
2021-03-02 07:00:00,56.63,,19.37,34.11,40.99,2.38,91.09,1029.
2021-03-02 07:15:00,54.77,,19.54,33.84,40.72,2.41,90.73,1029.
2021-03-02 07:30:00,57.32,,21.30,36.57,45.23,2.09,92.51,1029.
2021-03-02 07:45:00,51.05,,17.56,30.92,35.92,2.89,88.24,1029.
2021-03-02 08:00:00,49.35,,17.66,30.69,35.56,2.87,87.81,1029.
2021-03-02 08:15:00,45.24,,19.37,32.06,37.16,3.24,85.84,1029.
2021-03-02 08:30:00,47.09,,19.40,33.57,39.54,3.35,84.81,1029.
2021-03-02 08:45:00,48.29,,23.62,39.88,49.21,3.02,85.78,1030.
2021-03-02 09:00:00,50.63,,28.29,48.01,60.43,2.51,88.03,1030.
2021-03-02 09:15:00,50.83,,24.03,40.11,48.89,2.77,87.03,1030.
2021-03-02 09:30:00,52.07,,22.40,37.85,45.73,2.62,88.16,1030.
2021-03-02 09:45:00,50.03,,23.11,39.34,48.29,3.05,86.54,1030.
2021-03-02 10:00:00,50.67,,25.20,44.07,54.61,2.89,87.20,1030.
2021-03-02 10:15:00,50.62,,25.90,44.14,54.88,2.83,87.85,1030.
2021-03-02 10:30:00,51.94,,24.09,41.46,51.40,2.79,88.24,1030.
2021-03-02 10:45:00,51.13,,22.60,39.99,49.70,2.92,87.78,1030.
2021-03-02 11:00:00,50.58,,28.11,48.13,60.53,2.94,87.57,1030.
2021-03-02 11:15:00,50.59,,22.58,38.60,47.41,3.38,85.77,1030.
2021-03-02 11:30:00,54.73,,22.65,37.91,46.40,2.84,88.35,1030.
2021-03-02 11:45:00,51.94,,23.96,40.31,49.48,3.39,85.89,1030.
2021-03-02 12:00:00,50.76,,25.77,42.86,53.29,3.87,83.46,1030.
2021-03-02 12:15:00,51.44,,25.05,42.28,52.47,4.11,81.57,1029.
2021-03-02 12:30:00,49.25,,24.97,41.29,51.22,4.71,78.87,1029.
2021-03-02 12:45:00,50.21,,24.01,40.11,49.27,4.75,78.26,1029.
2021-03-02 13:00:00,52.34,,22.51,38.70,47.83,4.01,82.39,1029.
2021-03-02 13:15:00,48.77,,23.35,39.96,49.59,4.52,80.19,1029.
2021-03-02 13:30:00,51.60,,23.09,38.95,48.25,4.20,82.31,1029.
2021-03-02 13:45:00,49.10,,23.36,39.90,49.42,4.61,81.04,1028.
2021-03-02 14:00:00,49.23,,24.19,41.31,51.35,4.71,80.99,1028.
2021-03-02 14:15:00,47.22,,24.55,41.56,51.46,5.19,79.21,1028.
2021-03-02 14:30:00,49.43,,24.93,42.20,52.23,4.95,80.64,1028.
2021-03-02 14:45:00,48.51,,25.18,42.66,52.64,5.11,80.53,1028.
2021-03-02 15:00:00,46.22,,26.58,45.12,56.74,5.37,80.21,1028.
2021-03-02 15:15:00,43.52,,28.64,49.84,63.44,5.46,80.23,1028.
2021-03-02 15:30:00,42.20,,29.31,51.54,65.42,5.32,81.36,1028.
2021-03-02 15:45:00,39.67,,30.46,54.03,68.13,5.86,78.84,1028.
2021-03-02 16:00:00,37.21,,31.72,59.06,71.88,5.74,79.82,1028.
2021-03-02 16:15:00,35.98,,31.55,58.89,71.60,6.21,77.94,1028.
2021-03-02 16:30:00,36.22,,32.31,60.69,72.97,6.00,78.86,1028.
2021-03-02 16:45:00,35.90,,31.61,57.80,71.16,5.95,79.71,1027.
2021-03-02 17:00:00,36.39,,30.71,53.88,68.08,5.73,81.04,1027.
2021-03-02 17:15:00,35.63,,30.00,51.14,65.15,5.97,80.19,1027.
2021-03-02 17:30:00,35.50,,29.90,51.14,65.23,5.86,80.89,1027.
2021-03-02 17:45:00,35.14,,29.98,50.73,65.17,5.79,81.58,1027.
2021-03-02 18:00:00,35.29,,30.19,51.18,65.41,5.66,82.44,1028.
2021-03-02 18:15:00,35.23,,30.33,51.64,66.19,5.49,83.63,1028.
2021-03-02 18:30:00,34.58,,30.27,50.78,65.25,5.55,83.96,1028.
2021-03-02 18:45:00,34.22,,30.18,50.42,64.68,5.72,82.94,1028.
2021-03-02 19:00:00,34.30,,29.56,48.97,62.35,5.62,82.43,1028.
2021-03-02 19:15:00,34.33,,30.23,49.67,63.50,5.25,83.65,1028.
2021-03-02 19:30:00,34.35,,30.68,50.99,65.27,5.09,85.20,1028.
2021-03-02 19:45:00,34.48,,32.31,55.41,70.42,4.87,87.06,1028.
2021-03-02 20:00:00,33.99,,33.69,60.02,73.29,4.96,86.73,1028.
2021-03-02 20:15:00,33.91,,34.90,65.10,76.93,4.78,87.59,1028.
2021-03-02 20:30:00,34.14,,36.32,70.12,80.55,4.40,89.50,1028.
2021-03-02 20:45:00,34.44,,36.87,71.78,82.28,4.06,90.99,1028.
2021-03-02 21:00:00,34.15,,37.07,70.87,81.08,4.11,90.55,1028.
2021-03-02 21:15:00,33.63,,37.70,72.32,81.72,4.08,90.31,1028.
2021-03-02 21:30:00,33.63,,36.98,71.25,81.56,4.03,90.19,1028.
2021-03-02 21:45:00,33.75,,36.71,69.84,79.96,3.71,91.41,1028.
2021-03-02 22:00:00,34.29,,35.39,67.40,78.61,3.30,93.26,1028.
2021-03-02 22:15:00,34.01,,34.90,65.24,77.06,3.47,91.94,1028.
2021-03-02 22:30:00,34.07,,34.61,64.40,76.55,3.26,92.75,1028.
2021-03-02 22:45:00,34.34,,34.27,62.88,75.47,3.28,92.49,1028.
2021-03-02 23:00:00,34.65,,33.92,61.88,74.61,3.42,91.33,1028.
2021-03-02 23:15:00,34.60,,34.02,61.45,74.35,3.28,91.80,1028.
2021-03-02 23:30:00,34.36,,33.82,61.00,74.61,3.09,92.67,1028.
2021-03-02 23:45:00,34.74,,34.02,60.56,73.94,2.85,94.09,1028.
2021-03-03 00:00:00,35.41,,34.01,60.98,74.87,2.73,95.06,1028.
2021-03-03 00:15:00,35.58,,34.12,61.86,75.83,2.80,95.56,1028.
2021-03-03 00:30:00,35.52,,34.51,64.58,77.60,2.99,95.23,1028.
2021-03-03 00:45:00,35.41,,35.06,67.17,79.95,3.14,95.01,1028.
2021-03-03 01:00:00,35.42,,35.72,68.86,81.32,3.04,96.54,1028.
2021-03-03 01:15:00,35.41,,36.30,70.73,84.39,3.13,96.59,1028.
2021-03-03 01:30:00,35.46,,36.96,72.51,86.14,3.18,96.68,1028.
2021-03-03 01:45:00,35.33,,36.89,73.71,88.37,3.54,94.79,1027.
2021-03-03 02:00:00,35.12,,36.97,73.86,88.78,3.66,94.21,1027.
2021-03-03 02:15:00,35.40,,37.92,75.60,90.56,3.42,95.73,1027.
2021-03-03 02:30:00,34.91,,38.36,78.29,95.89,3.63,94.67,1027.
2021-03-03 02:45:00,34.99,,37.21,77.40,95.62,3.48,95.40,1027.
2021-03-03 03:00:00,34.81,,38.66,81.59,99.44,3.73,94.20,1027.
2021-03-03 03:15:00,34.82,,38.03,79.40,96.72,4.06,91.99,1027.
2021-03-03 03:30:00,35.37,,38.40,79.10,96.97,3.50,94.81,1027.
2021-03-03 03:45:00,35.36,,41.64,87.32,107.0,3.33,95.94,1027.
2021-03-03 04:00:00,35.49,,41.76,87.56,107.3,3.22,96.62,1027.
2021-03-03 04:15:00,35.12,,41.10,85.59,104.1,3.49,94.86,1027.
2021-03-03 04:30:00,35.43,,41.42,87.19,106.7,3.24,96.12,1027.
2021-03-03 04:45:00,35.30,,39.94,85.47,105.8,3.43,94.83,1027.
2021-03-03 05:00:00,35.29,,38.07,81.81,102.0,3.58,93.60,1027.
2021-03-03 05:15:00,35.80,,38.27,81.03,103.2,3.07,96.08,1027.
2021-03-03 05:30:00,35.93,,36.64,77.74,98.17,3.12,95.70,1027.
2021-03-03 05:45:00,36.62,,37.10,77.17,95.66,3.13,94.56,1027.
2021-03-03 06:00:00,37.79,,37.97,79.96,100.3,2.63,97.47,1027.
2021-03-03 06:15:00,38.50,,36.70,75.48,93.11,2.62,97.57,1027.
2021-03-03 06:30:00,37.39,,37.14,78.06,96.26,2.81,96.14,1027.
2021-03-03 06:45:00,37.22,,36.17,76.07,94.09,3.05,94.57,1027.
2021-03-03 07:00:00,36.95,,34.77,71.14,89.47,3.15,93.83,1027.
2021-03-03 07:15:00,39.50,,34.82,70.55,89.42,2.94,94.68,1027.
2021-03-03 07:30:00,43.11,,34.62,70.85,91.68,2.41,97.74,1027.
2021-03-03 07:45:00,38.58,,35.20,74.12,96.08,2.68,96.28,1027.
2021-03-03 08:00:00,41.88,,33.38,65.09,84.32,2.50,97.16,1027.
2021-03-03 08:15:00,47.29,,30.76,55.47,73.60,2.33,98.38,1027.
2021-03-03 08:30:00,38.27,,31.36,57.37,74.87,2.98,95.14,1027.
2021-03-03 08:45:00,37.56,,30.65,54.69,71.98,3.15,94.02,1027.
2021-03-03 09:00:00,37.24,,30.34,54.08,71.64,3.10,94.39,1027.
2021-03-03 09:15:00,38.45,,30.64,55.30,73.41,2.82,96.17,1027.
2021-03-03 09:30:00,37.57,,31.30,57.85,75.51,2.91,95.95,1027.
2021-03-03 09:45:00,36.95,,32.27,61.81,79.20,3.18,93.91,1027.
2021-03-03 10:00:00,38.04,,28.66,50.63,67.93,3.03,94.84,1027.
2021-03-03 10:15:00,37.26,,27.80,49.41,66.82,3.45,92.39,1027.
2021-03-03 10:30:00,36.85,,28.43,50.10,67.32,3.46,92.34,1027.
2021-03-03 10:45:00,37.02,,26.68,47.54,64.11,3.50,91.94,1027.
2021-03-03 11:00:00,38.24,,26.85,47.63,64.28,3.41,92.82,1027.
2021-03-03 11:15:00,43.09,,27.68,49.34,67.32,2.84,96.68,1027.
2021-03-03 11:30:00,41.01,,27.92,49.75,67.99,2.88,97.20,1027.
2021-03-03 11:45:00,37.01,,27.40,48.83,66.77,4.02,90.83,1027.
2021-03-03 12:00:00,36.55,,27.20,48.53,65.07,4.70,86.86,1027.
2021-03-03 12:15:00,35.94,,28.95,52.70,71.46,5.18,84.45,1027.
2021-03-03 12:30:00,35.56,,30.81,56.92,76.02,5.39,83.43,1027.
2021-03-03 12:45:00,35.52,,31.87,61.57,79.69,5.30,84.11,1027.
2021-03-03 13:00:00,36.01,,31.18,58.57,76.73,4.80,87.37,1026.
2021-03-03 13:15:00,35.55,,31.78,59.05,77.73,4.94,86.77,1026.
2021-03-03 13:30:00,35.35,,31.50,57.18,75.23,4.92,87.00,1026.
2021-03-03 13:45:00,34.83,,33.09,63.76,81.81,5.20,85.80,1026.
2021-03-03 14:00:00,35.41,,33.30,64.50,81.99,4.60,89.25,1026.
2021-03-03 14:15:00,35.55,,33.12,63.13,81.47,4.42,90.31,1026.
2021-03-03 14:30:00,36.44,,30.81,54.76,73.66,3.87,93.44,1026.
2021-03-03 14:45:00,35.31,,30.12,52.61,70.72,4.27,91.26,1026.
2021-03-03 15:00:00,34.94,,28.25,48.72,65.65,4.40,90.18,1025.
2021-03-03 15:15:00,34.41,,28.16,48.03,64.04,4.96,86.98,1025.
2021-03-03 15:30:00,34.21,,29.06,50.53,67.33,4.97,87.03,1025.
2021-03-03 15:45:00,34.19,,30.18,51.74,69.16,4.96,87.04,1025.
2021-03-03 16:00:00,34.13,,30.23,52.28,69.88,5.23,85.89,1025.
2021-03-03 16:15:00,34.13,,30.69,53.68,71.78,5.03,87.09,1025.
2021-03-03 16:30:00,33.97,,30.77,54.44,72.52,5.05,87.30,1025.
2021-03-03 16:45:00,33.85,,31.34,55.72,73.06,5.39,85.77,1025.
2021-03-03 17:00:00,34.00,,31.94,57.99,75.04,5.04,87.33,1025.
2021-03-03 17:15:00,33.95,,32.20,59.09,76.92,4.76,88.71,1025.
2021-03-03 17:30:00,33.90,,31.33,57.10,74.76,4.88,88.01,1025.
2021-03-03 17:45:00,33.45,,31.08,55.34,73.02,5.95,82.96,1025.
2021-03-03 18:00:00,33.21,,30.99,55.21,72.98,6.64,79.62,1025.
2021-03-03 18:15:00,33.04,,31.53,56.04,73.70,6.56,80.21,1025.
2021-03-03 18:30:00,32.99,,31.89,57.34,75.22,6.51,80.71,1025.
2021-03-03 18:45:00,32.94,,32.32,57.77,74.58,6.31,81.72,1025.
2021-03-03 19:00:00,32.98,,32.00,56.74,73.51,6.16,82.47,1025.
2021-03-03 19:15:00,32.91,,31.15,54.58,71.95,6.51,80.95,1025.
2021-03-03 19:30:00,32.88,,31.87,55.65,73.12,6.51,80.62,1025.
2021-03-03 19:45:00,32.91,,32.03,56.33,73.69,6.33,81.44,1025.
2021-03-03 20:00:00,32.95,,32.35,57.02,73.56,6.12,82.58,1025.
2021-03-03 20:15:00,33.06,,32.13,56.08,73.26,5.87,83.86,1025.
2021-03-03 20:30:00,33.06,,32.13,56.63,73.23,5.88,83.41,1025.
2021-03-03 20:45:00,33.31,,32.31,57.66,75.68,5.34,85.40,1025.
2021-03-03 21:00:00,33.65,,31.91,56.97,75.46,4.56,88.26,1025.
2021-03-03 21:15:00,33.66,,31.60,55.95,75.00,4.35,88.70,1025.
2021-03-03 21:30:00,33.84,,31.00,54.59,73.38,4.05,90.09,1025.
2021-03-03 21:45:00,34.18,,30.71,53.73,72.49,3.61,92.43,1025.
2021-03-03 22:00:00,34.21,,30.39,52.60,71.29,3.49,92.99,1025.
2021-03-03 22:15:00,34.29,,30.43,52.40,71.01,3.48,92.56,1025.
2021-03-03 22:30:00,34.25,,30.42,52.25,70.25,3.54,92.01,1025.
2021-03-03 22:45:00,34.80,,30.29,51.97,69.72,3.28,92.52,1025.
2021-03-03 23:00:00,35.03,,30.31,51.87,69.93,3.24,92.57,1025.
2021-03-03 23:15:00,34.76,,29.90,51.30,69.56,3.43,91.64,1025.
2021-03-03 23:30:00,34.46,,30.28,51.60,69.26,3.84,89.46,1025.
2021-03-03 23:45:00,34.45,,30.05,51.36,69.30,4.09,88.06,1025.
2021-03-04 00:00:00,35.34,,30.16,51.47,68.63,3.82,88.84,1025.
2021-03-04 00:15:00,40.45,,29.86,50.86,67.91,3.24,91.00,1025.
2021-03-04 00:30:00,37.18,,30.12,51.09,68.16,3.14,91.63,1025.
2021-03-04 00:45:00,37.37,,29.89,50.70,67.39,3.00,92.15,1025.
2021-03-04 01:00:00,36.26,,30.27,51.27,67.79,3.04,92.15,1025.
2021-03-04 01:15:00,37.03,,30.25,51.31,68.21,3.09,91.63,1025.
2021-03-04 01:30:00,41.09,,30.67,52.47,70.00,2.84,93.21,1025.
2021-03-04 01:45:00,47.92,,30.60,52.74,70.62,2.57,95.02,1025.
2021-03-04 02:00:00,49.83,,30.51,52.21,70.21,2.52,95.57,1025.
2021-03-04 02:15:00,49.69,,29.78,51.03,68.06,2.76,94.35,1025.
2021-03-04 02:30:00,50.52,,28.91,49.56,65.85,2.90,93.57,1025.
2021-03-04 02:45:00,51.32,,27.87,47.82,63.04,3.09,92.18,1025.
2021-03-04 03:00:00,53.96,,27.42,47.11,62.15,2.91,93.24,1025.
2021-03-04 03:15:00,53.85,,27.01,46.82,62.20,3.02,92.77,1025.
2021-03-04 03:30:00,55.72,,25.68,44.43,58.73,3.11,92.02,1025.
2021-03-04 03:45:00,49.00,,25.31,44.48,58.44,3.73,88.87,1025.
2021-03-04 04:00:00,40.74,,24.60,42.85,56.08,4.40,85.21,1025.
2021-03-04 04:15:00,53.72,,23.33,41.44,54.04,3.90,87.29,1025.
2021-03-04 04:30:00,54.38,,22.77,40.55,52.14,3.89,87.68,1025.
2021-03-04 04:45:00,54.92,,22.29,39.66,51.63,3.89,87.44,1025.
2021-03-04 05:00:00,54.42,,21.68,38.48,49.40,4.07,86.24,1025.
2021-03-04 05:15:00,60.43,,21.11,37.07,47.59,3.70,87.51,1025.
2021-03-04 05:30:00,57.88,,20.39,35.74,45.94,4.04,85.66,1025.
2021-03-04 05:45:00,60.99,,19.82,34.71,43.68,4.06,85.14,1025.
2021-03-04 06:00:00,65.69,,19.07,33.77,42.53,4.02,84.60,1025.
2021-03-04 06:15:00,63.81,,18.96,33.19,41.54,4.13,83.74,1025.
2021-03-04 06:30:00,62.88,,18.18,31.62,38.70,4.32,82.07,1025.
2021-03-04 06:45:00,64.65,,16.68,29.66,35.02,4.48,80.18,1025.
2021-03-04 07:00:00,63.27,,17.03,29.81,35.54,4.44,80.70,1025.
2021-03-04 07:15:00,63.86,,16.35,28.51,33.48,4.14,82.16,1025.
2021-03-04 07:30:00,62.18,,14.25,24.82,28.22,4.56,79.76,1025.
2021-03-04 07:45:00,63.22,,14.61,24.84,28.50,4.72,79.14,1025.
2021-03-04 08:00:00,58.22,,14.33,24.48,28.25,4.76,79.23,1025.
2021-03-04 08:15:00,49.61,,14.09,23.23,26.21,5.72,75.20,1026.
2021-03-04 08:30:00,48.42,,13.49,21.33,23.49,6.06,73.98,1026.
2021-03-04 08:45:00,47.17,,12.88,21.01,23.62,6.65,71.99,1026.
2021-03-04 09:00:00,47.12,,14.52,23.27,25.58,6.39,72.69,1026.
2021-03-04 09:15:00,49.10,,14.41,23.86,26.69,5.65,76.77,1026.
2021-03-04 09:30:00,50.45,,15.60,26.31,29.59,5.35,78.62,1026.
2021-03-04 09:45:00,53.43,,15.72,26.53,29.42,4.90,80.64,1026.
2021-03-04 10:00:00,49.04,,14.69,24.23,26.79,5.94,76.30,1026.
2021-03-04 10:15:00,57.60,,12.76,20.86,22.76,5.37,78.36,1026.
2021-03-04 10:30:00,58.25,,10.30,15.99,17.55,5.64,76.64,1026.
2021-03-04 10:45:00,60.21,,11.02,17.15,19.17,5.40,77.36,1026.
2021-03-04 11:00:00,57.88,,10.68,16.82,18.32,5.60,75.99,1026.
2021-03-04 11:15:00,59.89,,9.97,15.00,16.41,5.56,76.07,1026.
2021-03-04 11:30:00,69.18,,8.65,12.60,13.79,5.15,77.23,1026.
2021-03-04 11:45:00,64.34,,8.58,11.99,13.42,5.27,76.89,1026.
2021-03-04 12:00:00,60.60,,7.38,10.09,10.88,5.76,74.63,1026.
2021-03-04 12:15:00,54.18,,9.42,13.50,14.74,6.24,74.27,1026.
2021-03-04 12:30:00,53.70,,9.56,12.97,14.47,6.57,73.92,1026.
2021-03-04 12:45:00,55.28,,8.89,11.81,12.51,6.76,72.88,1026.
2021-03-04 13:00:00,59.42,,9.09,11.63,12.88,5.96,76.56,1026.
2021-03-04 13:15:00,53.76,,8.54,10.98,12.14,6.66,73.21,1026.
2021-03-04 13:30:00,54.63,,7.75,9.62,10.31,6.77,72.10,1026.
2021-03-04 13:45:00,54.44,,7.73,9.73,10.47,6.99,70.71,1026.
2021-03-04 14:00:00,50.46,,8.16,10.33,10.91,7.40,69.36,1026.
2021-03-04 14:15:00,51.26,,8.86,10.96,11.99,7.59,68.60,1026.
2021-03-04 14:30:00,53.89,,7.54,8.99,9.76,7.13,69.90,1026.
2021-03-04 14:45:00,50.78,,6.85,8.25,8.91,7.83,66.91,1026.
2021-03-04 15:00:00,51.15,,7.51,9.07,9.86,8.12,65.80,1026.
2021-03-04 15:15:00,44.60,,9.07,10.56,11.43,8.63,64.58,1026.
2021-03-04 15:30:00,40.83,,8.02,9.65,10.27,9.12,63.37,1026.
2021-03-04 15:45:00,36.71,,7.83,9.67,10.65,8.65,68.84,1026.
2021-03-04 16:00:00,42.58,,7.33,8.94,9.80,8.30,70.25,1026.
2021-03-04 16:15:00,50.21,,6.63,8.09,8.82,7.91,71.60,1026.
2021-03-04 16:30:00,39.47,,10.93,13.90,15.40,8.13,72.07,1026.
2021-03-04 16:45:00,36.33,,7.26,8.74,10.00,8.39,73.86,1026.
2021-03-04 17:00:00,60.99,,4.52,5.29,6.03,5.96,85.20,1026.
2021-03-04 17:15:00,85.05,,1.43,1.65,2.15,4.37,92.60,1026.
2021-03-04 17:30:00,78.64,,3.09,3.55,4.74,4.22,94.63,1027.
2021-03-04 17:45:00,97.21,,3.75,4.48,6.25,3.82,94.50,1027.
2021-03-04 18:00:00,92.33,,4.39,5.80,8.89,3.86,92.84,1027.
2021-03-04 18:15:00,109.2,,3.55,4.55,7.73,3.73,88.71,1027.
2021-03-04 18:30:00,142.7,,2.61,3.21,6.09,3.50,86.39,1027.
2021-03-04 18:45:00,135.7,,2.29,3.00,6.05,3.60,84.46,1028.
2021-03-04 19:00:00,159.7,,2.31,2.95,5.28,3.44,82.50,1028.
2021-03-04 19:15:00,165.4,,2.02,2.56,4.93,3.38,82.01,1028.
2021-03-04 19:30:00,167.7,,2.08,2.60,4.83,3.32,80.75,1028.
2021-03-04 19:45:00,169.3,,1.91,2.46,3.76,3.22,80.66,1028.
2021-03-04 20:00:00,227.8,,1.58,2.04,4.10,2.92,81.79,1028.
2021-03-04 20:15:00,154.2,,1.64,1.91,3.24,3.20,81.31,1028.
2021-03-04 20:30:00,167.8,,1.94,2.38,3.91,2.97,82.51,1028.
2021-03-04 20:45:00,173.1,,1.64,2.03,3.06,2.72,83.40,1028.
2021-03-04 21:00:00,171.2,,1.67,2.07,3.66,2.61,84.47,1029.
2021-03-04 21:15:00,146.9,,1.75,2.01,3.47,2.80,83.36,1029.
2021-03-04 21:30:00,129.2,,2.08,2.46,3.57,2.97,81.51,1029.
2021-03-04 21:45:00,106.9,,2.27,2.70,4.26,3.22,80.00,1029.
2021-03-04 22:00:00,95.03,,2.54,3.11,3.96,3.56,77.89,1029.
2021-03-04 22:15:00,99.60,,2.61,3.19,4.98,3.44,77.97,1030.
2021-03-04 22:30:00,90.76,,3.24,4.01,5.48,3.55,77.36,1030.
2021-03-04 22:45:00,86.91,,5.21,6.64,8.93,3.72,76.57,1030.
2021-03-04 23:00:00,100.5,,3.57,4.50,6.48,3.36,77.98,1030.
2021-03-04 23:15:00,114.4,,2.51,3.19,4.86,3.12,79.42,1030.
2021-03-04 23:30:00,124.6,,2.14,2.58,4.38,2.86,79.88,1030.
2021-03-04 23:45:00,113.5,,2.57,3.37,5.12,2.91,78.88,1030.
2021-03-05 00:00:00,103.8,,2.91,3.76,6.01,2.81,79.06,1030.
2021-03-05 00:15:00,95.53,,3.08,3.88,5.92,2.84,78.22,1030.
2021-03-05 00:30:00,96.85,,3.16,3.89,5.59,3.04,76.98,1030.
2021-03-05 00:45:00,103.8,,3.79,4.62,6.32,2.73,78.01,1030.
2021-03-05 01:00:00,104.1,,2.41,3.05,4.65,2.87,75.85,1030.
2021-03-05 01:15:00,99.57,,2.29,2.89,4.53,3.26,74.77,1030.
2021-03-05 01:30:00,94.06,,2.65,3.38,4.69,3.15,76.80,1031.
2021-03-05 01:45:00,91.27,,3.48,4.20,6.22,3.17,78.27,1031.
2021-03-05 02:00:00,87.81,,3.39,4.49,6.29,3.20,78.58,1031.
2021-03-05 02:15:00,129.6,,1.88,2.42,4.15,3.23,73.68,1031.
2021-03-05 02:30:00,168.6,,0.91,1.25,2.38,3.03,71.20,1031.
2021-03-05 02:45:00,167.1,,0.58,0.86,2.20,3.24,70.17,1031.
2021-03-05 03:00:00,125.3,,0.39,0.57,1.82,3.73,68.62,1031.
2021-03-05 03:15:00,111.5,,0.54,0.79,1.79,4.22,67.16,1031.
2021-03-05 03:30:00,86.75,,0.80,1.08,2.29,5.02,66.54,1031.
2021-03-05 03:45:00,73.49,,2.44,3.17,4.91,5.23,68.48,1031.
2021-03-05 04:00:00,74.77,,4.10,5.07,6.92,4.93,71.42,1031.
2021-03-05 04:15:00,83.50,,4.66,6.00,8.02,3.93,76.24,1031.
2021-03-05 04:30:00,104.5,,3.79,4.91,6.56,3.57,77.00,1031.
2021-03-05 04:45:00,85.13,,4.92,6.25,7.95,3.62,79.17,1031.
2021-03-05 05:00:00,84.42,,5.05,6.36,8.62,3.66,78.50,1031.
2021-03-05 05:15:00,83.80,,3.71,4.94,6.70,3.63,78.30,1031.
2021-03-05 05:30:00,75.01,,3.51,4.39,5.90,3.93,76.88,1031.
2021-03-05 05:45:00,75.03,,2.48,3.01,4.22,4.20,73.99,1031.
2021-03-05 06:00:00,84.92,,1.52,1.88,2.83,4.07,73.40,1031.
2021-03-05 06:15:00,91.90,,1.20,1.54,2.60,4.01,73.09,1031.
2021-03-05 06:30:00,96.45,,1.58,1.93,2.85,3.65,75.17,1031.
2021-03-05 06:45:00,100.0,,1.11,1.40,2.51,3.49,74.39,1031.
2021-03-05 07:00:00,98.83,,0.71,0.87,1.62,3.73,72.34,1032.
2021-03-05 07:15:00,95.99,,0.49,0.64,1.36,3.69,70.76,1032.
2021-03-05 07:30:00,89.42,,0.10,0.22,1.15,3.93,68.73,1032.
2021-03-05 07:45:00,89.40,,0.03,0.09,0.67,4.12,67.31,1032.
2021-03-05 08:00:00,72.72,,0.31,0.41,1.06,4.50,66.07,1032.
2021-03-05 08:15:00,81.82,,0.23,0.33,1.32,4.31,66.69,1032.
2021-03-05 08:30:00,88.30,,0.14,0.23,1.04,4.20,68.23,1032.
2021-03-05 08:45:00,82.80,,0.46,0.62,1.75,4.18,69.41,1032.
2021-03-05 09:00:00,79.93,,3.70,4.92,6.73,4.49,67.98,1033.
2021-03-05 09:15:00,89.97,,2.67,3.76,5.27,4.22,68.65,1033.
2021-03-05 09:30:00,109.5,,1.29,1.57,2.72,4.06,67.88,1033.
2021-03-05 09:45:00,103.0,,2.40,3.03,4.19,4.21,67.49,1033.
2021-03-05 10:00:00,98.62,,0.97,1.30,2.00,4.67,65.07,1033.
2021-03-05 10:15:00,157.3,,0.10,0.16,0.91,4.34,64.54,1033.
2021-03-05 10:30:00,201.0,,0.02,0.07,0.73,3.75,67.12,1033.
2021-03-05 10:45:00,235.2,,0.01,0.02,0.18,3.63,67.43,1033.
2021-03-05 11:00:00,213.1,,0.00,0.04,0.31,3.84,66.23,1033.
2021-03-05 11:15:00,185.6,,0.04,0.06,0.59,3.98,66.26,1033.
2021-03-05 11:30:00,152.6,,0.25,0.30,0.77,4.18,66.08,1033.
2021-03-05 11:45:00,141.3,,0.31,0.40,1.07,4.06,66.97,1034.
2021-03-05 12:00:00,132.6,,0.74,0.94,1.98,3.99,68.35,1034.
2021-03-05 12:15:00,135.5,,0.90,1.10,2.03,3.99,68.06,1034.
2021-03-05 12:30:00,129.6,,0.89,0.99,1.86,4.44,65.65,1034.
2021-03-05 12:45:00,108.6,,0.81,0.93,1.50,4.97,64.43,1034.
2021-03-05 13:00:00,102.9,,1.97,2.20,2.91,5.05,64.27,1033.
2021-03-05 13:15:00,103.0,,5.41,6.30,7.28,5.36,62.27,1033.
2021-03-05 13:30:00,122.8,,3.53,3.70,4.50,5.11,62.00,1033.
2021-03-05 13:45:00,145.9,,4.21,4.44,4.85,4.68,63.31,1033.
2021-03-05 14:00:00,120.6,,4.45,4.67,5.46,5.14,61.89,1033.
2021-03-05 14:15:00,112.2,,4.56,4.87,5.49,5.40,61.25,1033.
2021-03-05 14:30:00,88.33,,3.72,3.99,4.47,6.13,59.17,1033.
2021-03-05 14:45:00,107.0,,5.39,5.64,6.21,5.46,61.06,1033.
2021-03-05 15:00:00,124.7,,6.46,6.89,7.47,5.16,61.88,1033.
2021-03-05 15:15:00,113.6,,6.84,7.36,8.11,5.23,61.88,1033.
2021-03-05 15:30:00,130.2,,7.06,7.49,8.30,5.10,61.48,1033.
2021-03-05 15:45:00,103.1,,5.34,5.82,6.39,5.70,59.61,1033.
2021-03-05 16:00:00,77.00,,4.60,5.00,5.56,6.91,56.18,1033.
2021-03-05 16:15:00,72.97,,4.61,5.13,6.03,6.87,56.46,1033.
2021-03-05 16:30:00,69.47,,4.17,4.61,5.24,6.74,57.08,1033.
2021-03-05 16:45:00,95.03,,5.76,6.37,6.92,5.68,59.70,1033.
2021-03-05 17:00:00,97.27,,5.43,5.95,6.78,5.35,61.14,1033.
2021-03-05 17:15:00,81.57,,6.22,6.69,7.46,5.95,59.47,1033.
2021-03-05 17:30:00,81.76,,6.21,6.70,7.92,5.61,60.81,1033.
2021-03-05 17:45:00,83.90,,6.99,7.74,8.44,5.65,59.79,1033.
2021-03-05 18:00:00,82.41,,7.91,8.76,9.88,5.78,58.73,1033.
2021-03-05 18:15:00,80.80,,9.92,11.15,12.06,5.85,58.32,1033.
2021-03-05 18:30:00,75.71,,9.47,10.59,11.16,5.88,58.42,1034.
2021-03-05 18:45:00,67.71,,9.18,10.21,10.97,6.16,57.97,1034.
2021-03-05 19:00:00,58.34,,12.18,14.15,15.03,6.20,57.89,1034.
2021-03-05 19:15:00,68.68,,13.87,16.30,17.47,5.63,59.85,1034.
2021-03-05 19:30:00,78.60,,17.60,22.16,23.25,5.04,61.74,1034.
2021-03-05 19:45:00,89.72,,20.47,27.53,29.23,4.95,60.77,1034.
2021-03-05 20:00:00,77.21,,21.28,29.72,31.83,5.04,60.84,1034.
2021-03-05 20:15:00,70.26,,23.55,33.71,37.22,5.22,60.51,1034.
2021-03-05 20:30:00,65.99,,31.04,44.53,52.48,4.98,61.51,1034.
2021-03-05 20:45:00,85.30,,23.02,34.41,40.33,4.75,61.38,1034.
2021-03-05 21:00:00,89.22,,23.61,36.63,43.60,4.62,61.96,1034.
2021-03-05 21:15:00,74.84,,24.14,37.35,44.50,5.01,60.86,1034.
2021-03-05 21:30:00,52.75,,24.65,38.09,45.75,6.42,57.17,1034.
2021-03-05 21:45:00,49.75,,25.61,39.33,47.63,6.68,56.09,1034.
2021-03-05 22:00:00,51.14,,27.04,41.53,50.29,5.92,58.21,1034.
2021-03-05 22:15:00,56.19,,26.76,41.36,50.25,5.40,59.72,1034.
2021-03-05 22:30:00,57.62,,25.36,39.21,47.44,5.23,60.04,1034.
2021-03-05 22:45:00,56.47,,25.16,39.35,47.36,5.44,59.33,1034.
2021-03-05 23:00:00,49.49,,25.96,40.59,49.10,6.33,56.88,1034.
2021-03-05 23:15:00,45.93,,26.28,41.46,50.41,6.57,56.19,1034.
2021-03-05 23:30:00,49.74,,25.86,40.82,49.43,6.42,56.70,1034.
2021-03-05 23:45:00,46.70,,26.58,41.88,50.84,6.29,57.73,1034.
2021-03-06 00:00:00,43.59,,25.44,40.06,48.59,6.52,57.79,1034.
2021-03-06 00:15:00,47.38,,24.23,37.78,45.23,5.73,59.97,1034.
2021-03-06 00:30:00,47.44,,22.31,34.54,41.10,5.66,60.08,1034.
2021-03-06 00:45:00,46.89,,21.54,33.25,38.55,5.92,59.30,1034.
2021-03-06 01:00:00,47.59,,21.14,32.79,38.25,5.41,60.64,1034.
2021-03-06 01:15:00,48.88,,19.46,30.94,34.81,5.87,59.15,1034.
2021-03-06 01:30:00,47.86,,19.94,31.80,36.82,6.23,58.70,1034.
2021-03-06 01:45:00,43.50,,20.13,32.10,37.13,6.42,58.38,1034.
2021-03-06 02:00:00,44.53,,19.78,31.84,36.29,5.95,59.27,1034.
2021-03-06 02:15:00,40.95,,19.95,31.65,36.80,6.45,57.80,1034.
2021-03-06 02:30:00,40.22,,19.16,31.17,35.67,6.55,57.25,1034.
2021-03-06 02:45:00,42.71,,19.43,31.61,35.79,6.37,57.89,1034.
2021-03-06 03:00:00,40.83,,19.15,31.39,35.56,6.70,57.24,1034.
2021-03-06 03:15:00,37.66,,19.77,32.18,36.88,7.13,56.39,1034.
2021-03-06 03:30:00,37.80,,20.07,32.20,37.47,6.94,56.83,1034.
2021-03-06 03:45:00,36.92,,20.36,32.58,37.62,6.87,57.14,1034.
2021-03-06 04:00:00,36.76,,20.35,32.32,37.74,7.22,56.10,1034.
2021-03-06 04:15:00,36.61,,20.66,32.70,37.77,7.27,56.30,1034.
2021-03-06 04:30:00,35.65,,20.53,32.82,38.01,7.47,56.86,1034.
2021-03-06 04:45:00,34.77,,20.70,33.21,38.95,7.70,56.83,1034.
2021-03-06 05:00:00,35.29,,21.18,34.85,41.72,7.67,56.23,1034.
2021-03-06 05:15:00,35.15,,21.43,34.21,40.33,7.79,54.81,1034.
2021-03-06 05:30:00,35.95,,20.52,32.46,37.56,7.69,54.20,1034.
2021-03-06 05:45:00,36.53,,20.08,30.95,34.78,7.80,53.60,1034.
2021-03-06 06:00:00,37.25,,20.74,32.28,36.53,7.76,53.45,1034.
2021-03-06 06:15:00,38.01,,21.30,33.02,38.31,7.57,53.81,1034.
2021-03-06 06:30:00,37.28,,22.03,34.72,41.29,6.80,56.48,1034.
2021-03-06 06:45:00,38.38,,21.41,33.83,39.26,6.86,56.44,1034.
2021-03-06 07:00:00,37.15,,22.13,34.65,40.50,7.17,55.25,1034.
2021-03-06 07:15:00,36.84,,21.91,34.81,40.94,7.23,55.18,1034.
2021-03-06 07:30:00,36.77,,21.80,34.32,40.06,7.21,55.40,1034.
2021-03-06 07:45:00,37.51,,21.52,34.01,39.80,7.04,55.95,1034.
2021-03-06 08:00:00,38.54,,21.18,33.30,38.39,6.84,56.73,1034.
2021-03-06 08:15:00,36.96,,21.17,32.53,37.07,7.17,56.38,1034.
2021-03-06 08:30:00,37.98,,21.30,33.55,38.42,6.87,57.77,1035.
2021-03-06 08:45:00,37.44,,20.78,32.67,37.73,6.99,58.00,1034.
2021-03-06 09:00:00,37.11,,21.67,33.90,39.53,6.98,58.43,1034.
2021-03-06 09:15:00,37.10,,21.67,33.77,39.47,6.73,59.87,1034.
2021-03-06 09:30:00,37.04,,22.50,35.75,42.09,6.91,59.52,1035.
2021-03-06 09:45:00,39.67,,22.55,36.32,43.29,7.18,56.77,1034.
2021-03-06 10:00:00,37.18,,23.82,38.71,46.48,7.68,55.53,1035.
2021-03-06 10:15:00,37.05,,22.98,37.02,44.22,7.82,54.65,1034.
2021-03-06 10:30:00,39.31,,21.31,33.30,38.24,8.47,51.82,1034.
2021-03-06 10:45:00,45.35,,19.53,29.37,32.24,8.89,48.95,1034.
2021-03-06 11:00:00,49.82,,18.49,27.75,29.98,9.10,46.89,1034.
2021-03-06 11:15:00,54.85,,19.28,28.92,31.39,8.91,46.17,1034.
2021-03-06 11:30:00,52.61,,18.23,26.73,28.37,9.32,45.57,1034.
2021-03-06 11:45:00,60.89,,21.23,31.78,35.30,8.39,47.35,1034.
2021-03-06 12:00:00,65.49,,22.57,33.12,37.42,7.92,48.56,1034.
2021-03-06 12:15:00,63.67,,16.26,21.25,22.05,8.04,48.70,1034.
2021-03-06 12:30:00,67.41,,17.23,22.09,23.07,8.36,48.71,1034.
2021-03-06 12:45:00,57.09,,17.55,22.40,23.64,9.84,44.98,1034.
2021-03-06 13:00:00,64.72,,16.90,21.36,22.74,8.75,47.21,1033.
2021-03-06 13:15:00,71.02,,15.96,19.89,20.90,7.82,49.72,1033.
2021-03-06 13:30:00,69.40,,15.19,18.82,19.81,7.98,49.09,1033.
2021-03-06 13:45:00,70.81,,12.18,14.78,15.74,7.92,49.35,1033.
2021-03-06 14:00:00,63.24,,11.28,13.43,14.16,8.32,49.12,1033.
2021-03-06 14:15:00,65.46,,11.77,13.89,14.58,8.36,48.84,1032.
2021-03-06 14:30:00,64.32,,11.30,13.41,14.13,8.37,49.08,1032.
2021-03-06 14:45:00,64.15,,11.05,13.61,14.43,7.95,50.17,1032.
2021-03-06 15:00:00,63.19,,11.01,13.14,13.90,8.27,49.22,1032.
2021-03-06 15:15:00,64.77,,10.58,12.69,13.91,8.03,49.87,1032.
2021-03-06 15:30:00,64.52,,10.56,12.48,13.15,8.40,49.08,1032.
2021-03-06 15:45:00,74.02,,9.98,11.97,13.19,7.39,51.09,1032.
2021-03-06 16:00:00,76.33,,9.63,11.47,12.32,7.22,51.60,1031.
2021-03-06 16:15:00,58.91,,8.47,9.82,10.63,8.63,48.76,1031.
2021-03-06 16:30:00,62.23,,10.10,11.83,12.85,8.67,48.42,1031.
2021-03-06 16:45:00,59.17,,9.56,11.32,12.11,8.50,48.97,1031.
2021-03-06 17:00:00,63.21,,10.33,12.05,13.32,8.06,49.93,1031.
2021-03-06 17:15:00,58.53,,9.31,11.09,11.96,8.41,49.11,1031.
2021-03-06 17:30:00,60.27,,10.70,13.00,14.01,8.09,49.83,1031.
2021-03-06 17:45:00,54.13,,17.46,22.91,24.35,8.19,51.33,1031.
2021-03-06 18:00:00,74.88,,20.11,28.44,30.28,6.90,54.62,1031.
2021-03-06 18:15:00,120.4,,20.74,29.64,31.84,5.19,59.66,1031.
2021-03-06 18:30:00,100.5,,21.64,31.56,35.01,4.91,61.44,1031.
2021-03-06 18:45:00,94.19,,22.39,33.39,38.27,5.05,60.85,1031.
2021-03-06 19:00:00,94.50,,22.42,33.36,38.58,4.83,61.50,1031.
2021-03-06 19:15:00,95.15,,22.24,33.72,38.72,4.77,61.56,1031.
2021-03-06 19:30:00,83.15,,22.27,33.70,38.89,5.22,60.14,1031.
2021-03-06 19:45:00,69.38,,22.92,35.04,41.63,6.04,57.79,1031.
2021-03-06 20:00:00,84.11,,22.99,35.16,41.45,5.30,59.62,1031.
2021-03-06 20:15:00,94.15,,23.66,37.03,44.31,4.75,61.13,1031.
2021-03-06 20:30:00,102.7,,23.53,36.29,43.37,4.60,61.20,1031.
2021-03-06 20:45:00,98.07,,23.66,36.90,44.14,4.59,61.41,1031.
2021-03-06 21:00:00,69.11,,27.13,42.14,51.76,5.52,59.06,1031.
2021-03-06 21:15:00,75.12,,26.17,40.85,50.29,5.89,57.52,1031.
2021-03-06 21:30:00,90.42,,22.09,34.46,40.16,5.88,57.22,1031.
2021-03-06 21:45:00,87.69,,21.65,33.84,39.35,5.92,57.28,1031.
2021-03-06 22:00:00,82.82,,22.73,35.38,41.41,6.20,56.42,1030.
2021-03-06 22:15:00,68.47,,25.35,40.05,48.25,5.70,58.40,1030.
2021-03-06 22:30:00,65.30,,27.44,43.03,52.46,5.35,59.36,1030.
2021-03-06 22:45:00,56.77,,28.59,44.98,55.51,5.23,60.28,1030.
2021-03-06 23:00:00,51.66,,27.88,44.53,54.67,5.63,59.29,1030.
2021-03-06 23:15:00,53.36,,27.41,43.89,53.96,5.74,58.75,1030.
2021-03-06 23:30:00,37.81,,27.06,43.02,52.78,6.83,56.19,1030.
2021-03-06 23:45:00,40.05,,26.60,42.64,52.12,7.47,54.09,1030.
2021-03-07 00:00:00,38.39,,27.87,44.17,54.19,7.28,54.49,1030.
2021-03-07 00:15:00,36.91,,30.36,48.04,59.80,6.47,56.82,1030.
2021-03-07 00:30:00,35.10,,32.05,50.14,62.61,6.02,59.00,1030.
2021-03-07 00:45:00,34.57,,32.19,49.99,62.85,6.47,58.34,1029.
2021-03-07 01:00:00,34.31,,33.19,51.11,63.96,6.23,60.94,1029.
2021-03-07 01:15:00,33.95,,33.64,51.55,64.47,6.46,61.95,1029.
2021-03-07 01:30:00,33.91,,34.07,52.20,65.37,6.33,62.64,1029.
2021-03-07 01:45:00,33.85,,32.38,49.93,62.48,6.80,60.86,1029.
2021-03-07 02:00:00,34.16,,31.28,48.17,60.14,6.81,60.43,1029.
2021-03-07 02:15:00,35.00,,28.24,43.98,54.22,7.08,58.64,1029.
2021-03-07 02:30:00,35.68,,27.96,43.35,53.07,7.27,57.97,1028.
2021-03-07 02:45:00,36.01,,27.16,42.36,51.40,7.25,57.79,1028.
2021-03-07 03:00:00,36.07,,27.46,42.30,51.54,7.49,56.73,1028.
2021-03-07 03:15:00,36.15,,27.30,42.28,51.37,7.40,56.97,1028.
2021-03-07 03:30:00,36.46,,27.36,42.56,52.06,7.19,57.52,1028.
2021-03-07 03:45:00,36.64,,27.01,41.41,50.15,7.29,57.01,1028.
2021-03-07 04:00:00,38.15,,25.96,39.50,47.35,7.39,56.58,1028.
2021-03-07 04:15:00,42.71,,24.46,37.38,44.76,7.43,56.03,1028.
2021-03-07 04:30:00,44.67,,23.86,36.96,44.00,7.68,54.70,1028.
2021-03-07 04:45:00,43.21,,24.39,37.54,45.14,7.72,54.41,1028.
2021-03-07 05:00:00,37.06,,25.01,38.67,46.75,7.91,54.21,1028.
2021-03-07 05:15:00,40.81,,24.49,38.08,45.79,7.88,54.01,1028.
2021-03-07 05:30:00,40.79,,22.82,34.99,41.26,7.77,53.90,1027.
2021-03-07 05:45:00,41.85,,21.80,33.16,37.73,7.89,54.15,1027.
2021-03-07 06:00:00,40.01,,22.07,33.98,39.47,7.74,55.23,1027.
2021-03-07 06:15:00,36.92,,22.08,33.49,38.33,7.99,55.58,1027.
2021-03-07 06:30:00,36.80,,21.86,33.20,38.43,8.29,55.25,1027.
2021-03-07 06:45:00,36.01,,21.40,32.31,36.56,8.11,55.37,1027.
2021-03-07 07:00:00,39.13,,21.07,31.82,35.59,8.11,55.26,1027.
2021-03-07 07:15:00,38.89,,21.38,31.64,35.75,7.95,56.13,1027.
2021-03-07 07:30:00,37.07,,22.02,33.04,37.67,8.04,56.50,1027.
2021-03-07 07:45:00,37.71,,22.42,34.08,39.78,8.17,56.60,1027.
2021-03-07 08:00:00,41.34,,21.39,32.43,36.72,8.14,56.85,1027.
2021-03-07 08:15:00,42.65,,20.91,31.45,35.19,8.18,56.96,1027.
2021-03-07 08:30:00,47.76,,20.71,31.27,35.15,8.14,57.32,1027.
2021-03-07 08:45:00,47.00,,20.05,30.43,33.49,8.26,57.59,1027.
2021-03-07 09:00:00,48.14,,19.35,29.05,31.88,8.21,58.24,1027.
2021-03-07 09:15:00,49.08,,18.82,27.94,30.41,8.16,58.76,1027.
2021-03-07 09:30:00,46.66,,19.10,28.58,30.98,8.54,58.33,1027.
2021-03-07 09:45:00,48.10,,18.69,27.85,30.36,8.78,58.12,1027.
2021-03-07 10:00:00,42.18,,18.58,27.64,29.92,9.83,55.59,1027.
2021-03-07 10:15:00,46.80,,18.46,27.10,28.66,10.14,55.04,1027.
2021-03-07 10:30:00,46.59,,18.27,27.13,29.49,10.56,54.32,1027.
2021-03-07 10:45:00,43.36,,18.08,26.39,28.13,11.21,52.89,1027.
2021-03-07 11:00:00,42.87,,18.32,26.49,28.42,11.82,51.89,1027.
2021-03-07 11:15:00,46.75,,18.96,27.66,29.80,12.10,51.33,1027.
2021-03-07 11:30:00,46.68,,18.42,26.76,28.75,12.71,49.94,1026.
2021-03-07 11:45:00,45.71,,18.71,27.31,29.80,12.75,49.76,1026.
2021-03-07 12:00:00,41.48,,18.69,26.63,28.66,12.87,49.74,1026.
2021-03-07 12:15:00,50.41,,19.02,27.37,29.40,11.68,52.90,1026.
2021-03-07 12:30:00,52.83,,19.32,27.69,30.34,11.28,54.03,1026.
2021-03-07 12:45:00,49.42,,19.38,27.97,30.47,11.37,53.80,1026.
2021-03-07 13:00:00,55.04,,20.32,29.29,32.05,10.68,55.16,1026.
2021-03-07 13:15:00,55.44,,20.17,29.72,32.73,10.47,56.55,1026.
2021-03-07 13:30:00,59.30,,20.77,30.41,33.84,9.98,58.77,1026.
2021-03-07 13:45:00,58.64,,20.77,30.10,33.41,9.54,61.56,1026.
2021-03-07 14:00:00,53.93,,20.82,29.78,32.61,9.84,61.14,1025.
2021-03-07 14:15:00,58.77,,20.95,30.21,33.25,9.38,62.08,1025.
2021-03-07 14:30:00,60.71,,21.46,31.50,36.03,9.22,63.05,1025.
2021-03-07 14:45:00,59.95,,21.38,30.71,34.19,9.00,63.88,1025.
2021-03-07 15:00:00,70.62,,20.84,30.17,33.39,8.32,65.03,1025.
2021-03-07 15:15:00,68.53,,20.19,28.94,31.81,8.18,65.90,1025.
2021-03-07 15:30:00,70.24,,20.85,30.30,33.36,8.19,65.65,1025.
2021-03-07 15:45:00,72.94,,20.80,29.79,32.63,8.07,66.01,1025.
2021-03-07 16:00:00,69.64,,20.44,28.89,31.52,8.11,65.94,1024.
2021-03-07 16:15:00,65.96,,20.29,28.95,31.69,8.29,65.98,1024.
2021-03-07 16:30:00,65.09,,20.36,29.02,31.86,8.18,66.63,1024.
2021-03-07 16:45:00,64.34,,20.31,29.18,31.50,8.19,66.55,1024.
2021-03-07 17:00:00,64.24,,20.19,28.95,32.24,8.07,67.32,1024.
2021-03-07 17:15:00,60.98,,19.98,28.17,30.89,8.22,67.00,1024.
2021-03-07 17:30:00,62.94,,19.34,27.12,29.35,8.28,66.60,1024.
2021-03-07 17:45:00,62.56,,19.59,27.44,29.98,8.19,66.42,1024.
2021-03-07 18:00:00,59.80,,19.28,27.01,28.98,8.20,66.20,1024.
2021-03-07 18:15:00,63.23,,18.84,26.66,29.15,8.02,67.04,1024.
2021-03-07 18:30:00,60.07,,18.39,25.03,27.26,8.18,67.21,1025.
2021-03-07 18:45:00,60.44,,18.22,24.65,26.59,8.33,66.98,1025.
2021-03-07 19:00:00,62.77,,18.08,24.45,26.45,8.08,68.12,1025.
2021-03-07 19:15:00,63.51,,17.83,23.98,26.18,7.98,68.84,1025.
2021-03-07 19:30:00,60.79,,18.59,24.84,26.97,7.99,69.19,1024.
2021-03-07 19:45:00,61.95,,18.91,25.39,27.30,7.81,70.10,1024.
2021-03-07 20:00:00,59.43,,18.37,23.93,26.15,7.86,70.29,1024.
2021-03-07 20:15:00,59.01,,16.99,22.08,24.04,7.87,70.53,1024.
2021-03-07 20:30:00,63.13,,15.99,20.49,22.72,7.63,71.50,1024.
2021-03-07 20:45:00,62.83,,15.03,18.68,20.73,7.62,71.01,1024.
2021-03-07 21:00:00,63.35,,15.33,19.53,21.67,7.54,71.13,1024.
2021-03-07 21:15:00,61.85,,15.12,19.10,21.90,7.71,70.60,1024.
2021-03-07 21:30:00,58.79,,15.38,19.49,22.03,7.88,70.03,1024.
2021-03-07 21:45:00,53.49,,16.61,21.59,23.67,8.31,68.32,1024.
2021-03-07 22:00:00,52.23,,17.15,22.38,24.65,8.36,68.19,1024.
2021-03-07 22:15:00,54.78,,19.22,26.13,29.08,8.01,69.53,1024.
2021-03-07 22:30:00,53.56,,19.87,27.58,30.32,7.74,70.45,1024.
2021-03-07 22:45:00,52.10,,20.63,29.03,31.73,7.75,70.94,1024.
2021-03-07 23:00:00,50.37,,21.33,30.33,33.78,7.86,70.86,1024.
2021-03-07 23:15:00,51.01,,21.70,30.61,34.26,7.99,69.66,1024.
2021-03-07 23:30:00,52.59,,22.41,32.09,36.87,7.71,69.25,1024.
2021-03-07 23:45:00,57.01,,22.76,32.66,37.20,7.54,68.35,1024.
2021-03-08 00:00:00,52.95,,23.07,33.44,38.98,7.61,68.50,1024.
2021-03-08 00:15:00,50.07,,22.92,33.29,38.42,7.72,68.73,1024.
2021-03-08 00:30:00,43.42,,22.99,33.32,38.76,8.03,67.66,1024.
2021-03-08 00:45:00,37.67,,24.06,34.81,40.85,7.99,67.69,1024.
2021-03-08 01:00:00,37.24,,25.34,36.87,44.33,7.44,69.87,1024.
2021-03-08 01:15:00,36.68,,25.67,37.21,44.67,7.21,70.61,1024.
2021-03-08 01:30:00,36.91,,25.82,38.02,45.77,7.07,70.92,1024.
2021-03-08 01:45:00,36.76,,27.33,40.38,49.16,6.72,72.03,1024.
2021-03-08 02:00:00,35.69,,29.49,43.66,53.91,6.70,72.62,1023.
2021-03-08 02:15:00,35.31,,31.98,47.37,58.99,6.65,73.11,1023.
2021-03-08 02:30:00,35.49,,30.16,44.84,55.06,6.59,72.92,1023.
2021-03-08 02:45:00,35.45,,28.95,42.94,52.18,6.55,72.42,1023.
2021-03-08 03:00:00,34.62,,28.51,42.28,51.40,7.07,69.96,1023.
2021-03-08 03:15:00,34.75,,27.99,41.71,50.59,7.26,69.27,1023.
2021-03-08 03:30:00,34.58,,27.88,41.64,50.66,7.87,67.23,1023.
2021-03-08 03:45:00,34.71,,28.02,41.83,51.02,7.78,67.46,1023.
2021-03-08 04:00:00,34.58,,27.83,41.71,50.49,7.78,67.42,1022.
2021-03-08 04:15:00,34.14,,27.52,40.96,49.78,7.89,67.14,1022.
2021-03-08 04:30:00,34.11,,25.90,38.17,46.10,8.29,64.92,1022.
2021-03-08 04:45:00,34.24,,25.00,36.39,43.29,8.38,63.91,1022.
2021-03-08 05:00:00,34.63,,23.39,34.42,40.28,8.38,63.05,1022.
2021-03-08 05:15:00,35.41,,20.81,29.40,32.19,8.64,60.86,1022.
2021-03-08 05:30:00,35.28,,21.02,29.90,33.17,8.62,60.91,1022.
2021-03-08 05:45:00,35.52,,19.64,27.30,29.32,8.73,60.49,1022.
2021-03-08 06:00:00,37.64,,18.87,25.35,27.34,8.51,60.63,1022.
2021-03-08 06:15:00,36.41,,19.71,27.64,29.55,8.43,61.24,1022.
2021-03-08 06:30:00,35.72,,20.00,28.16,30.04,8.71,60.59,1022.
2021-03-08 06:45:00,33.72,,25.55,37.39,44.90,8.55,62.94,1022.
2021-03-08 07:00:00,33.20,,25.99,38.42,46.08,8.55,64.13,1022.
2021-03-08 07:15:00,33.18,,24.95,36.52,43.42,8.71,63.79,1022.
2021-03-08 07:30:00,33.31,,24.44,35.64,42.48,8.64,63.91,1022.
2021-03-08 07:45:00,33.34,,23.67,34.35,39.49,8.76,63.97,1022.
2021-03-08 08:00:00,33.82,,21.34,29.87,32.70,9.17,60.58,1022.
2021-03-08 08:15:00,33.96,,20.23,27.17,29.19,9.33,58.82,1022.
2021-03-08 08:30:00,33.88,,20.70,28.43,30.91,9.37,59.15,1022.
2021-03-08 08:45:00,33.85,,22.26,31.36,35.22,9.02,62.16,1022.
2021-03-08 09:00:00,33.59,,22.66,32.13,36.10,9.33,61.61,1022.
2021-03-08 09:15:00,33.93,,21.83,30.91,34.40,9.41,60.13,1022.
2021-03-08 09:30:00,33.64,,25.02,35.57,41.68,8.76,64.37,1022.
2021-03-08 09:45:00,33.57,,25.57,36.56,43.48,8.55,65.33,1022.
2021-03-08 10:00:00,33.45,,25.64,36.74,44.14,8.92,64.99,1022.
2021-03-08 10:15:00,33.56,,23.35,33.20,38.45,9.39,63.22,1022.
2021-03-08 10:30:00,33.62,,20.59,27.92,30.30,10.78,58.76,1022.
2021-03-08 10:45:00,33.72,,18.94,25.09,26.92,11.45,56.80,1022.
2021-03-08 11:00:00,33.79,,19.02,24.56,26.46,12.38,54.59,1022.
2021-03-08 11:15:00,34.02,,18.03,23.29,24.76,12.52,53.91,1022.
2021-03-08 11:30:00,34.77,,15.70,20.31,22.25,12.80,52.41,1022.
2021-03-08 11:45:00,44.30,,9.30,11.21,12.23,11.87,51.56,1022.
2021-03-08 12:00:00,48.96,,8.96,10.72,12.01,11.03,53.77,1022.
2021-03-08 12:15:00,48.25,,9.16,11.08,12.25,10.85,54.92,1022.
2021-03-08 12:30:00,48.55,,8.70,10.56,11.54,10.97,54.74,1022.
2021-03-08 12:45:00,53.07,,8.08,9.81,11.44,10.47,56.00,1022.
2021-03-08 13:00:00,56.77,,5.15,6.06,7.41,10.11,56.18,1022.
2021-03-08 13:15:00,59.89,,3.90,4.46,5.51,9.84,56.47,1021.
2021-03-08 13:30:00,60.22,,3.03,3.58,4.28,10.13,55.38,1021.
2021-03-08 13:45:00,58.27,,2.83,3.33,4.41,10.53,55.17,1021.
2021-03-08 14:00:00,58.84,,2.78,3.27,3.94,10.58,54.42,1021.
2021-03-08 14:15:00,59.41,,3.51,3.95,4.85,10.33,55.00,1021.
2021-03-08 14:30:00,60.42,,4.51,5.22,6.17,10.14,56.17,1021.
2021-03-08 14:45:00,61.37,,3.94,4.59,5.59,10.16,55.18,1021.
2021-03-08 15:00:00,64.43,,2.57,3.06,3.77,10.16,53.29,1021.
2021-03-08 15:15:00,65.53,,2.51,2.85,3.76,9.81,54.52,1021.
2021-03-08 15:30:00,62.66,,2.87,3.37,4.22,9.98,55.14,1020.
2021-03-08 15:45:00,62.31,,2.09,2.42,3.54,9.93,54.72,1020.
2021-03-08 16:00:00,56.23,,2.93,3.37,4.57,10.50,55.30,1020.
2021-03-08 16:15:00,56.48,,3.40,3.99,4.91,10.41,57.52,1020.
2021-03-08 16:30:00,56.61,,4.79,5.90,7.34,10.09,60.89,1020.
2021-03-08 16:45:00,53.36,,5.41,6.36,7.66,10.16,62.22,1020.
2021-03-08 17:00:00,50.27,,5.60,6.67,7.98,10.25,62.16,1020.
2021-03-08 17:15:00,48.40,,6.87,7.93,9.21,10.14,61.78,1020.
2021-03-08 17:30:00,51.77,,6.35,7.30,8.40,9.86,62.62,1020.
2021-03-08 17:45:00,48.51,,7.05,8.08,9.52,9.85,63.58,1020.
2021-03-08 18:00:00,46.67,,6.56,7.56,8.91,10.13,62.01,1020.
2021-03-08 18:15:00,45.84,,6.32,7.31,8.62,9.90,62.61,1020.
2021-03-08 18:30:00,42.50,,8.75,10.42,12.42,9.71,62.93,1020.
2021-03-08 18:45:00,37.57,,11.62,13.96,15.88,9.73,62.55,1020.
2021-03-08 19:00:00,36.97,,10.71,12.81,14.44,9.52,63.13,1020.
2021-03-08 19:15:00,37.41,,10.36,11.88,13.18,9.43,63.46,1020.
2021-03-08 19:30:00,37.47,,11.32,13.46,15.80,9.32,63.71,1020.
2021-03-08 19:45:00,40.85,,10.66,13.04,15.08,9.18,63.77,1020.
2021-03-08 20:00:00,50.04,,8.59,10.28,11.80,8.86,64.24,1020.
2021-03-08 20:15:00,49.22,,8.78,10.52,12.00,8.91,63.98,1020.
2021-03-08 20:30:00,47.00,,8.40,9.99,11.57,9.08,63.33,1020.
2021-03-08 20:45:00,47.34,,8.20,9.42,10.55,9.17,62.51,1020.
2021-03-08 21:00:00,46.78,,9.06,10.68,12.00,9.04,62.76,1020.
2021-03-08 21:15:00,43.17,,8.39,9.91,11.04,9.28,61.92,1020.
2021-03-08 21:30:00,36.65,,8.83,10.31,11.33,9.33,61.53,1020.
2021-03-08 21:45:00,36.43,,10.08,11.75,12.96,9.21,61.67,1020.
2021-03-08 22:00:00,36.98,,12.38,14.57,15.76,8.83,62.91,1020.
2021-03-08 22:15:00,36.30,,12.68,15.08,16.48,8.86,62.88,1020.
2021-03-08 22:30:00,35.93,,10.38,12.17,13.49,9.19,62.06,1020.
2021-03-08 22:45:00,36.20,,8.21,9.50,10.80,9.46,61.68,1020.
2021-03-08 23:00:00,35.58,,8.20,9.67,10.93,9.61,61.74,1020.
2021-03-08 23:15:00,36.16,,8.42,9.74,11.18,9.42,62.45,1020.
2021-03-08 23:30:00,35.88,,8.32,9.89,10.71,9.41,62.65,1020.
2021-03-08 23:45:00,37.80,,9.37,10.66,11.82,9.13,63.69,1019.
2021-03-09 00:00:00,41.51,,7.90,9.04,10.35,8.61,65.52,1019.
2021-03-09 00:15:00,42.44,,6.80,7.88,9.14,8.74,64.91,1019.
2021-03-09 00:30:00,43.88,,8.27,9.92,11.09,8.60,65.38,1019.
2021-03-09 00:45:00,37.61,,6.63,7.69,8.97,8.95,64.42,1019.
2021-03-09 01:00:00,42.34,,4.10,4.68,5.66,9.17,63.66,1019.
2021-03-09 01:15:00,46.88,,4.30,4.94,6.14,8.95,64.43,1019.
2021-03-09 01:30:00,47.03,,4.11,4.87,6.01,8.92,64.72,1019.
2021-03-09 01:45:00,47.23,,4.22,4.97,5.73,8.74,65.33,1019.
2021-03-09 02:00:00,47.19,,7.24,8.57,9.82,8.39,66.65,1019.
2021-03-09 02:15:00,48.85,,7.92,9.26,10.41,7.80,68.88,1019.
2021-03-09 02:30:00,47.06,,8.32,9.94,11.72,8.07,68.04,1019.
2021-03-09 02:45:00,40.97,,9.87,11.55,12.90,8.09,67.59,1019.
2021-03-09 03:00:00,38.44,,9.68,11.65,13.08,7.91,68.40,1019.
2021-03-09 03:15:00,38.48,,9.09,10.70,12.04,7.93,68.85,1019.
2021-03-09 03:30:00,37.54,,9.58,11.51,13.20,7.72,69.41,1018.
2021-03-09 03:45:00,37.20,,8.61,10.04,10.89,8.08,68.61,1018.
2021-03-09 04:00:00,36.61,,8.93,10.44,11.57,8.05,68.57,1018.
2021-03-09 04:15:00,36.62,,9.79,11.31,13.29,7.85,69.70,1018.
2021-03-09 04:30:00,36.23,,9.64,11.28,12.56,7.81,69.87,1018.
2021-03-09 04:45:00,36.05,,9.53,11.46,12.99,7.72,70.23,1018.
2021-03-09 05:00:00,35.59,,9.31,11.09,12.78,7.80,70.16,1018.
2021-03-09 05:15:00,35.43,,9.43,11.11,12.82,7.92,69.72,1018.
2021-03-09 05:30:00,35.17,,9.14,11.03,12.04,8.14,68.92,1018.
2021-03-09 05:45:00,34.99,,9.16,10.63,11.90,8.73,66.58,1018.
2021-03-09 06:00:00,35.48,,10.65,12.86,14.19,7.95,69.08,1018.
2021-03-09 06:15:00,36.23,,12.45,15.07,16.86,6.96,73.27,1018.
2021-03-09 06:30:00,36.74,,14.43,17.78,19.42,5.91,78.29,1018.
2021-03-09 06:45:00,36.35,,16.71,21.09,22.70,5.72,79.22,1018.
2021-03-09 07:00:00,36.13,,17.42,21.98,24.34,5.74,79.15,1018.
2021-03-09 07:15:00,35.29,,18.98,24.75,27.04,5.66,79.81,1018.
2021-03-09 07:30:00,34.66,,18.39,23.89,26.01,6.33,77.22,1018.
2021-03-09 07:45:00,34.87,,16.22,19.89,21.21,7.02,75.18,1018.
2021-03-09 08:00:00,35.94,,14.98,18.98,20.85,6.31,80.12,1018.
2021-03-09 08:15:00,36.06,,14.25,17.25,19.19,6.38,81.16,1018.
2021-03-09 08:30:00,35.24,,12.79,15.53,17.02,7.36,78.13,1018.
2021-03-09 08:45:00,34.96,,11.47,13.66,15.01,7.99,76.17,1018.
2021-03-09 09:00:00,34.65,,11.48,13.38,14.94,8.25,75.81,1018.
2021-03-09 09:15:00,34.48,,11.93,13.82,15.32,8.53,75.40,1018.
2021-03-09 09:30:00,34.30,,8.97,10.70,11.47,9.58,71.92,1018.
2021-03-09 09:45:00,37.04,,2.46,2.73,3.26,11.41,65.02,1017.
2021-03-09 10:00:00,36.03,,4.32,4.82,5.56,12.07,63.03,1017.
2021-03-09 10:15:00,36.05,,3.54,4.03,4.70,11.98,63.12,1017.
2021-03-09 10:30:00,42.44,,1.14,1.31,1.89,12.93,59.65,1017.
2021-03-09 10:45:00,50.56,,0.42,0.56,1.34,12.74,59.39,1017.
2021-03-09 11:00:00,55.50,,0.66,0.90,2.20,11.76,62.31,1017.
2021-03-09 11:15:00,50.82,,0.92,1.09,1.66,11.76,62.62,1017.
2021-03-09 11:30:00,52.07,,1.29,1.55,2.34,11.68,62.81,1017.
2021-03-09 11:45:00,57.44,,1.70,1.97,3.19,10.86,65.56,1017.
2021-03-09 12:00:00,55.36,,1.41,1.74,2.62,11.10,65.11,1017.
2021-03-09 12:15:00,58.16,,1.76,2.04,3.08,10.78,66.36,1017.
2021-03-09 12:30:00,59.53,,1.71,1.93,2.98,10.77,66.20,1016.
2021-03-09 12:45:00,63.54,,1.50,1.74,2.60,10.61,66.62,1016.
2021-03-09 13:00:00,69.56,,1.88,2.20,3.44,10.22,68.27,1016.
2021-03-09 13:15:00,65.54,,2.30,2.57,3.18,10.30,68.26,1016.
2021-03-09 13:30:00,67.09,,2.78,3.21,4.44,10.07,69.63,1016.
2021-03-09 13:45:00,64.94,,3.22,3.62,4.72,10.12,69.79,1016.
2021-03-09 14:00:00,63.60,,3.47,3.92,4.74,10.15,69.91,1016.
2021-03-09 14:15:00,67.37,,3.17,3.64,4.61,9.94,70.53,1015.
2021-03-09 14:30:00,68.54,,3.06,3.57,4.41,9.74,70.94,1015.
2021-03-09 14:45:00,66.44,,2.51,2.93,4.00,9.78,70.63,1015.
2021-03-09 15:00:00,67.35,,1.75,2.11,3.04,9.62,70.41,1015.
2021-03-09 15:15:00,66.91,,1.48,1.70,2.51,9.68,69.92,1014.
2021-03-09 15:30:00,60.00,,1.92,2.11,3.07,9.65,70.58,1014.
2021-03-09 15:45:00,57.93,,1.93,2.24,3.08,10.16,68.31,1014.
2021-03-09 16:00:00,56.26,,2.68,3.05,3.78,10.18,68.15,1014.
2021-03-09 16:15:00,62.35,,3.49,3.96,4.93,9.78,68.68,1014.
2021-03-09 16:30:00,59.32,,3.67,4.21,4.89,9.79,68.25,1013.
2021-03-09 16:45:00,61.38,,3.58,4.04,4.89,9.66,68.39,1013.
2021-03-09 17:00:00,70.71,,2.77,3.21,3.87,8.96,68.23,1013.
2021-03-09 17:15:00,79.27,,2.73,3.26,4.39,8.62,66.58,1013.
2021-03-09 17:30:00,73.78,,2.99,3.44,4.41,8.58,67.42,1013.
2021-03-09 17:45:00,78.81,,3.43,4.02,4.88,8.29,68.20,1012.
2021-03-09 18:00:00,73.67,,5.14,5.99,7.20,8.05,69.71,1012.
2021-03-09 18:15:00,72.01,,6.00,6.87,8.31,7.93,69.62,1012.
2021-03-09 18:30:00,81.14,,6.85,8.32,9.52,7.69,69.55,1012.
2021-03-09 18:45:00,77.71,,7.64,9.20,10.52,7.67,69.84,1012.
2021-03-09 19:00:00,76.84,,8.30,9.93,11.45,7.56,70.87,1012.
2021-03-09 19:15:00,74.51,,9.39,11.58,12.96,7.55,71.56,1012.
2021-03-09 19:30:00,81.87,,9.69,11.68,12.94,7.29,72.88,1012.
2021-03-09 19:45:00,70.85,,11.49,14.60,16.44,7.44,72.52,1012.
2021-03-09 20:00:00,74.15,,12.39,16.62,19.07,7.68,70.43,1012.
2021-03-09 20:15:00,70.07,,11.30,13.78,15.17,7.84,69.33,1011.
2021-03-09 20:30:00,70.15,,12.71,15.86,17.63,7.72,70.05,1011.
2021-03-09 20:45:00,74.08,,11.25,13.59,15.07,7.66,69.65,1011.
2021-03-09 21:00:00,77.61,,13.27,16.86,18.29,7.48,70.18,1011.
2021-03-09 21:15:00,90.85,,15.45,20.82,22.65,7.12,71.37,1010.
2021-03-09 21:30:00,96.60,,15.38,20.73,22.74,6.76,73.55,1010.
2021-03-09 21:45:00,91.61,,18.24,25.22,26.89,6.82,74.61,1010.
2021-03-09 22:00:00,96.12,,19.56,27.64,30.15,6.60,76.52,1009.
2021-03-09 22:15:00,94.69,,20.16,29.11,31.52,6.71,76.88,1009.
2021-03-09 22:30:00,101.1,,20.51,29.38,32.02,6.31,78.67,1009.
2021-03-09 22:45:00,101.5,,20.23,28.98,31.59,6.33,78.25,1009.
2021-03-09 23:00:00,97.57,,20.57,29.76,32.39,6.43,78.38,1009.
2021-03-09 23:15:00,110.0,,20.18,29.01,31.67,6.13,81.17,1008.
2021-03-09 23:30:00,119.4,,19.83,28.77,31.20,6.00,81.85,1008.
2021-03-09 23:45:00,131.8,,18.65,26.90,29.15,5.89,82.05,1008.
2021-03-10 00:00:00,124.1,,17.46,23.88,26.11,5.95,82.43,1007.
2021-03-10 00:15:00,140.4,,16.24,22.41,24.29,5.65,84.17,1007.
2021-03-10 00:30:00,149.0,,16.06,22.00,23.88,5.46,86.68,1007.
2021-03-10 00:45:00,151.8,,15.09,20.06,22.01,5.34,89.40,1006.
2021-03-10 01:00:00,164.5,,13.64,17.82,19.64,5.14,91.42,1006.
2021-03-10 01:15:00,155.9,,11.89,15.27,17.08,5.05,93.48,1006.
2021-03-10 01:30:00,165.1,,10.44,12.99,14.59,4.93,95.18,1006.
2021-03-10 01:45:00,152.6,,10.12,12.61,14.01,4.87,97.03,1005.
2021-03-10 02:00:00,149.0,,9.38,11.26,12.76,4.78,98.92,1005.
2021-03-10 02:15:00,144.8,,10.93,13.52,14.82,4.62,100.0,1005.
2021-03-10 02:30:00,140.8,,11.41,13.99,15.12,4.59,100.0,1005.
2021-03-10 02:45:00,154.5,,9.94,12.34,13.46,4.36,100.0,1004.
2021-03-10 03:00:00,142.1,,8.42,10.67,11.86,4.55,100.0,1004.
2021-03-10 03:15:00,133.3,,9.81,12.63,13.61,4.59,100.0,1004.
2021-03-10 03:30:00,124.5,,11.83,15.63,17.07,4.50,100.0,1004.
2021-03-10 03:45:00,120.3,,10.11,13.35,14.41,4.65,100.0,1003.
2021-03-10 04:00:00,119.7,,8.99,11.49,12.33,4.61,100.0,1003.
2021-03-10 04:15:00,118.8,,8.77,10.96,11.79,4.74,100.0,1003.
2021-03-10 04:30:00,114.4,,7.58,9.21,10.17,4.93,100.0,1003.
2021-03-10 04:45:00,121.0,,6.38,7.81,8.60,4.95,100.0,1002.
2021-03-10 05:00:00,112.3,,4.18,4.91,5.54,5.06,100.0,1002.
2021-03-10 05:15:00,117.6,,3.19,3.77,4.37,5.12,100.0,1002.
2021-03-10 05:30:00,110.5,,2.03,2.39,2.84,5.13,100.0,1002.
2021-03-10 05:45:00,107.9,,1.34,1.59,1.95,5.30,100.0,1002.
2021-03-10 06:00:00,104.3,,1.17,1.38,2.00,5.45,100.0,1002.
2021-03-10 06:15:00,111.9,,1.05,1.21,1.57,5.32,100.0,1001.
2021-03-10 06:30:00,106.8,,1.69,2.00,2.36,5.34,100.0,1001.
2021-03-10 06:45:00,103.9,,2.77,3.10,3.49,5.46,100.0,1001.
2021-03-10 07:00:00,103.5,,2.70,3.01,3.43,5.52,100.0,1001.
2021-03-10 07:15:00,101.3,,2.37,2.69,3.21,5.59,100.0,1001.
2021-03-10 07:30:00,102.3,,2.03,2.33,2.74,5.49,100.0,1001.
2021-03-10 07:45:00,99.97,,1.77,1.97,2.37,5.38,100.0,1001.
2021-03-10 08:00:00,91.49,,1.35,1.56,2.21,5.44,100.0,1001.
2021-03-10 08:15:00,84.33,,1.39,1.66,1.92,5.66,100.0,1001.
2021-03-10 08:30:00,75.91,,1.19,1.46,1.80,5.71,100.0,1001.
2021-03-10 08:45:00,72.51,,1.32,1.52,2.00,5.64,100.0,1000.
2021-03-10 09:00:00,73.65,,1.27,1.54,2.12,5.91,100.0,1000.
2021-03-10 09:15:00,75.11,,1.07,1.24,1.61,5.92,100.0,1000.
2021-03-10 09:30:00,73.47,,0.99,1.06,1.36,5.93,100.0,1000.
2021-03-10 09:45:00,76.25,,0.60,0.66,0.79,6.21,100.0,1000.
2021-03-10 10:00:00,72.34,,0.66,0.73,1.12,6.49,100.0,999.9
2021-03-10 10:15:00,76.05,,0.72,0.82,1.11,6.77,100.0,999.4
2021-03-10 10:30:00,77.64,,0.80,0.85,1.14,6.73,100.0,999.0
2021-03-10 10:45:00,73.87,,0.92,1.08,1.35,6.92,100.0,998.8
2021-03-10 11:00:00,71.91,,0.84,0.94,1.26,7.03,100.0,998.4
2021-03-10 11:15:00,67.90,,0.67,0.72,0.97,7.33,100.0,998.1
2021-03-10 11:30:00,69.48,,0.29,0.34,0.54,7.57,99.24,997.9
2021-03-10 11:45:00,68.49,,0.31,0.35,0.65,7.61,99.83,997.8
2021-03-10 12:00:00,69.68,,0.09,0.14,0.30,7.59,100.0,997.6
2021-03-10 12:15:00,69.68,,0.03,0.08,0.22,7.66,100.0,997.3
2021-03-10 12:30:00,66.45,,0.28,0.30,0.51,7.65,100.0,996.7
2021-03-10 12:45:00,68.00,,0.42,0.49,1.35,7.68,100.0,996.2
2021-03-10 13:00:00,70.01,,0.14,0.19,0.54,7.67,100.0,995.9
2021-03-10 13:15:00,69.98,,0.05,0.08,0.29,7.52,100.0,995.6
2021-03-10 13:30:00,67.44,,0.20,0.25,0.49,7.40,100.0,995.1
2021-03-10 13:45:00,64.28,,0.72,0.76,1.18,7.38,100.0,994.7
2021-03-10 14:00:00,59.30,,0.78,0.85,1.16,7.74,100.0,994.4
2021-03-10 14:15:00,58.95,,1.84,2.04,2.23,7.97,100.0,993.8
2021-03-10 14:30:00,59.19,,0.30,0.37,0.56,8.11,100.0,993.5
2021-03-10 14:45:00,56.76,,0.49,0.54,0.96,8.27,100.0,993.6
2021-03-10 15:00:00,56.43,,0.39,0.47,0.75,8.49,100.0,993.1
2021-03-10 15:15:00,59.85,,0.06,0.10,0.22,8.59,100.0,992.3
2021-03-10 15:30:00,59.99,,0.03,0.04,0.22,8.71,100.0,992.2
2021-03-10 15:45:00,59.88,,0.04,0.11,0.51,8.83,100.0,991.6
2021-03-10 16:00:00,60.69,,0.00,0.01,0.12,8.86,100.0,991.1
2021-03-10 16:15:00,62.71,,0.00,0.00,0.13,8.65,100.0,990.5
2021-03-10 16:30:00,60.68,,0.00,0.00,0.24,8.73,100.0,990.3
2021-03-10 16:45:00,56.81,,0.02,0.03,0.17,9.07,100.0,990.1
2021-03-10 17:00:00,55.18,,0.04,0.06,0.40,9.32,98.61,989.8
2021-03-10 17:15:00,58.05,,0.00,0.01,0.19,9.67,94.00,989.5
2021-03-10 17:30:00,65.03,,0.01,0.03,0.53,9.63,90.41,989.5
2021-03-10 17:45:00,68.16,,0.34,0.65,2.50,9.54,89.21,989.3
2021-03-10 18:00:00,74.32,,0.99,1.86,5.28,9.52,87.41,989.0
2021-03-10 18:15:00,80.43,,1.31,2.14,5.70,9.28,86.95,988.5
2021-03-10 18:30:00,80.94,,1.46,2.71,6.94,9.23,86.00,988.2
2021-03-10 18:45:00,82.05,,0.96,1.73,4.88,9.24,85.53,987.7
2021-03-10 19:00:00,84.20,,1.25,2.32,6.31,9.21,85.32,987.6
2021-03-10 19:15:00,86.99,,2.10,3.84,8.85,9.18,84.67,987.3
2021-03-10 19:30:00,101.9,,2.86,5.52,11.33,8.95,84.99,987.0
2021-03-10 19:45:00,99.72,,2.78,5.99,12.92,8.89,84.71,986.9
2021-03-10 20:00:00,95.52,,2.77,5.30,13.41,8.85,85.25,986.6
2021-03-10 20:15:00,98.12,,2.84,5.71,13.58,8.85,85.16,986.6
2021-03-10 20:30:00,103.8,,3.18,6.50,13.28,8.76,85.37,986.2
2021-03-10 20:45:00,110.4,,3.20,6.44,13.78,8.64,84.69,985.9
2021-03-10 21:00:00,113.4,,2.87,5.46,12.87,8.74,81.29,985.5
2021-03-10 21:15:00,113.4,,2.93,6.06,13.29,8.73,81.42,985.0
2021-03-10 21:30:00,115.2,,1.62,3.23,8.16,8.73,81.80,985.0
2021-03-10 21:45:00,94.08,,1.21,2.61,7.27,8.69,87.30,985.0
2021-03-10 22:00:00,102.3,,1.08,2.20,6.34,8.25,91.21,984.7
2021-03-10 22:15:00,121.4,,1.78,3.44,9.56,8.22,84.41,984.3
2021-03-10 22:30:00,139.9,,2.52,5.58,12.44,8.03,82.23,984.0
2021-03-10 22:45:00,138.4,,2.40,5.29,11.74,7.99,81.29,983.7
2021-03-10 23:00:00,141.3,,2.71,5.70,13.17,7.96,80.46,983.3
2021-03-10 23:15:00,141.7,,3.20,6.75,14.50,7.95,81.42,983.1
2021-03-10 23:30:00,143.3,,2.30,4.84,11.30,7.88,82.62,982.9
2021-03-10 23:45:00,149.2,,1.50,3.19,7.82,7.62,81.55,982.6
2021-03-11 00:00:00,143.2,,2.55,5.69,11.81,7.78,79.82,982.1
2021-03-11 00:15:00,144.8,,2.46,5.32,11.83,7.94,78.06,981.7
2021-03-11 00:30:00,144.3,,2.02,4.78,10.61,7.76,80.00,981.4
2021-03-11 00:45:00,140.2,,2.29,5.46,12.13,7.77,80.15,981.1
2021-03-11 01:00:00,133.9,,1.90,4.33,10.49,7.84,78.91,980.7
2021-03-11 01:15:00,138.2,,1.83,3.90,9.98,7.88,77.42,980.4
2021-03-11 01:30:00,139.6,,1.94,4.22,9.45,7.86,78.33,980.2
2021-03-11 01:45:00,156.5,,2.11,4.51,10.76,7.62,79.69,979.8
2021-03-11 02:00:00,148.0,,2.12,4.64,11.71,7.51,81.19,979.5
2021-03-11 02:15:00,147.1,,1.87,3.83,10.24,7.34,83.79,978.9
2021-03-11 02:30:00,156.7,,1.12,2.79,8.25,7.29,83.31,978.4
2021-03-11 02:45:00,148.3,,1.36,2.88,8.12,7.36,83.77,978.1
2021-03-11 03:00:00,143.4,,0.80,1.99,5.85,7.32,84.75,977.8
2021-03-11 03:15:00,147.9,,0.33,0.84,3.89,7.32,84.53,977.5
2021-03-11 03:30:00,142.6,,0.52,1.30,4.73,7.37,84.75,977.1
2021-03-11 03:45:00,138.4,,0.60,1.40,5.20,7.22,87.41,976.8
2021-03-11 04:00:00,134.3,,0.51,1.32,4.43,7.08,89.49,976.5
2021-03-11 04:15:00,142.1,,0.38,0.96,4.76,6.98,90.52,976.2
2021-03-11 04:30:00,131.2,,0.66,1.34,5.13,7.07,90.77,976.1
2021-03-11 04:45:00,118.9,,0.91,2.07,5.92,7.13,92.19,976.2
2021-03-11 05:00:00,109.8,,0.92,2.10,6.33,7.00,95.16,976.4
2021-03-11 05:15:00,108.5,,0.90,2.06,5.94,6.86,98.56,976.8
2021-03-11 05:30:00,138.1,,0.83,1.92,6.17,6.24,100.0,977.3
2021-03-11 05:45:00,147.2,,1.18,2.60,7.10,5.75,100.0,978.2
2021-03-11 06:00:00,173.6,,0.76,1.86,6.39,5.67,100.0,979.4
2021-03-11 06:15:00,186.5,,1.00,2.38,7.30,5.71,99.13,980.5
2021-03-11 06:30:00,186.8,,0.56,1.32,5.64,5.73,94.69,981.5
2021-03-11 06:45:00,187.8,,0.48,1.32,4.76,5.79,91.78,982.4
2021-03-11 07:00:00,176.3,,0.43,1.10,5.44,5.59,97.38,983.3
2021-03-11 07:15:00,169.2,,0.33,1.04,4.39,5.09,99.36,984.1
2021-03-11 07:30:00,152.2,,0.48,1.30,6.23,5.45,94.76,984.8
2021-03-11 07:45:00,128.0,,0.75,1.75,6.04,5.75,90.52,985.7
2021-03-11 08:00:00,149.7,,0.68,1.69,6.34,5.72,88.13,986.3
2021-03-11 08:15:00,140.9,,0.80,2.07,6.67,5.73,87.45,986.9
2021-03-11 08:30:00,124.6,,0.53,1.38,5.47,5.92,86.42,987.5
2021-03-11 08:45:00,121.2,,0.56,1.41,4.59,6.08,83.85,987.9
2021-03-11 09:00:00,109.8,,0.32,0.97,3.78,7.05,77.71,988.4
2021-03-11 09:15:00,108.3,,0.37,0.77,3.86,7.44,75.68,988.7
2021-03-11 09:30:00,109.2,,0.40,1.02,3.39,7.88,74.23,988.9
2021-03-11 09:45:00,111.7,,0.43,1.00,3.69,7.70,74.36,988.9
2021-03-11 10:00:00,110.3,,0.19,0.63,3.38,8.07,71.90,989.3
2021-03-11 10:15:00,104.0,,0.11,0.55,3.09,8.71,69.32,989.6
2021-03-11 10:30:00,102.3,,0.21,0.68,2.96,9.59,65.53,989.8
2021-03-11 10:45:00,112.5,,0.18,0.43,2.38,8.91,67.42,990.0
2021-03-11 11:00:00,116.9,,0.07,0.41,2.69,8.40,68.37,990.1
2021-03-11 11:15:00,124.0,,0.11,0.34,2.40,8.03,69.28,990.4
2021-03-11 11:30:00,121.6,,0.16,0.40,2.45,8.23,67.65,990.6
2021-03-11 11:45:00,142.5,,0.14,0.39,2.30,7.81,68.77,990.8
2021-03-11 12:00:00,136.2,,0.05,0.25,1.70,7.55,70.05,991.1
2021-03-11 12:15:00,154.7,,0.22,0.57,2.55,7.47,70.52,991.3
2021-03-11 12:30:00,130.8,,0.09,0.32,2.32,7.38,71.07,991.5
2021-03-11 12:45:00,136.2,,0.07,0.29,1.82,7.71,68.98,991.7
2021-03-11 13:00:00,143.9,,0.15,0.46,2.24,7.62,68.32,991.7
2021-03-11 13:15:00,157.6,,0.10,0.29,2.47,7.06,70.10,991.7
2021-03-11 13:30:00,162.7,,0.13,0.32,2.06,7.01,68.99,991.8
2021-03-11 13:45:00,148.0,,0.12,0.33,2.11,7.12,68.00,991.9
2021-03-11 14:00:00,143.7,,0.19,0.54,2.27,7.23,67.13,992.0
2021-03-11 14:15:00,129.3,,0.14,0.46,2.56,7.50,66.51,992.0
2021-03-11 14:30:00,131.8,,0.27,0.58,2.69,7.40,67.91,992.2
2021-03-11 14:45:00,132.7,,0.10,0.40,1.95,7.21,69.36,992.3
2021-03-11 15:00:00,145.2,,0.07,0.27,1.91,6.80,72.30,992.6
2021-03-11 15:15:00,139.8,,0.01,0.05,0.64,6.69,71.12,992.7
2021-03-11 15:30:00,149.5,,0.03,0.10,0.87,6.54,71.27,992.9
2021-03-11 15:45:00,137.8,,0.03,0.07,1.01,6.40,76.55,993.4
2021-03-11 16:00:00,156.3,,0.00,0.00,0.25,5.30,83.47,993.6
2021-03-11 16:15:00,142.2,,0.03,0.04,0.59,5.45,81.94,993.8
2021-03-11 16:30:00,142.6,,0.00,0.01,0.36,5.44,82.71,993.8
2021-03-11 16:45:00,134.5,,0.01,0.02,0.44,5.72,80.18,993.9
2021-03-11 17:00:00,133.9,,0.09,0.18,0.83,5.80,79.60,994.1
2021-03-11 17:15:00,138.8,,0.07,0.10,0.90,5.74,78.61,994.4
2021-03-11 17:30:00,141.8,,0.08,0.16,1.08,5.71,80.77,994.8
2021-03-11 17:45:00,151.4,,0.02,0.06,1.10,5.52,81.39,995.1
2021-03-11 18:00:00,159.8,,0.09,0.24,1.40,5.28,83.49,995.5
2021-03-11 18:15:00,160.7,,0.13,0.36,2.13,4.86,85.80,995.9
2021-03-11 18:30:00,120.4,,0.22,0.37,1.68,4.90,79.62,996.1
2021-03-11 18:45:00,114.5,,0.32,0.48,1.53,4.68,76.03,996.5
2021-03-11 19:00:00,85.44,,1.21,1.73,4.01,4.61,84.27,997.0
2021-03-11 19:15:00,149.0,,0.54,0.85,2.48,4.41,89.34,997.8
2021-03-11 19:30:00,242.2,,0.16,0.44,3.24,2.94,96.05,998.2
2021-03-11 19:45:00,142.2,,0.49,0.85,2.48,3.71,89.53,998.0
2021-03-11 20:00:00,109.3,,0.93,1.70,4.06,4.01,88.87,998.4
2021-03-11 20:15:00,105.4,,0.10,0.27,1.63,3.93,90.65,998.6
2021-03-11 20:30:00,104.4,,0.48,0.71,2.60,4.04,91.81,998.7
2021-03-11 20:45:00,130.7,,0.77,1.19,3.37,4.06,90.97,998.8
2021-03-11 21:00:00,127.3,,0.85,1.25,3.06,4.07,89.15,998.9
2021-03-11 21:15:00,126.7,,0.27,0.42,1.75,4.37,85.63,999.0
2021-03-11 21:30:00,105.0,,0.56,0.98,2.31,4.96,82.82,999.1
2021-03-11 21:45:00,95.21,,0.75,1.08,2.64,5.13,81.72,999.3
2021-03-11 22:00:00,96.04,,0.60,0.95,2.85,5.19,81.14,999.4
2021-03-11 22:15:00,104.3,,0.31,0.50,2.00,5.21,79.30,999.4
2021-03-11 22:30:00,105.2,,0.18,0.41,1.61,5.17,80.28,999.4
2021-03-11 22:45:00,104.9,,0.10,0.33,1.36,5.05,79.70,999.3
2021-03-11 23:00:00,114.6,,0.07,0.30,1.23,5.08,79.38,999.3
2021-03-11 23:15:00,125.2,,0.21,0.41,1.86,4.97,80.18,999.3
2021-03-11 23:30:00,114.6,,0.19,0.53,2.09,5.14,79.19,999.4
2021-03-11 23:45:00,111.1,,0.26,0.57,2.39,5.30,77.84,999.2
2021-03-12 00:00:00,108.3,,0.19,0.40,1.73,5.48,77.20,999.2
2021-03-12 00:15:00,115.7,,0.34,0.71,2.38,5.48,77.62,999.1
2021-03-12 00:30:00,120.0,,0.27,0.46,2.36,5.45,77.38,999.1
2021-03-12 00:45:00,111.2,,0.29,0.54,2.31,5.50,76.82,999.0
2021-03-12 01:00:00,110.3,,0.33,0.66,2.32,5.59,76.36,999.0
2021-03-12 01:15:00,114.6,,0.24,0.37,1.94,5.88,75.16,998.8
2021-03-12 01:30:00,129.1,,0.18,0.41,2.27,5.97,74.95,998.7
2021-03-12 01:45:00,133.0,,0.07,0.23,1.72,5.70,77.33,998.6
2021-03-12 02:00:00,124.6,,0.16,0.41,1.96,5.82,77.56,998.4
2021-03-12 02:15:00,122.3,,0.10,0.33,1.71,5.80,78.03,998.2
2021-03-12 02:30:00,115.7,,0.12,0.37,1.89,6.02,77.79,997.9
2021-03-12 02:45:00,110.0,,0.38,0.87,2.91,6.23,76.94,997.7
2021-03-12 03:00:00,109.1,,0.22,0.70,2.65,6.45,75.56,997.5
2021-03-12 03:15:00,121.2,,0.20,0.56,2.11,6.47,75.37,997.4
2021-03-12 03:30:00,113.9,,0.14,0.36,2.16,6.46,75.68,997.3
2021-03-12 03:45:00,115.9,,0.14,0.37,2.05,6.44,76.19,997.1
2021-03-12 04:00:00,122.1,,0.24,0.52,2.36,6.15,77.46,996.9
2021-03-12 04:15:00,140.9,,0.11,0.24,1.92,5.96,77.80,996.7
2021-03-12 04:30:00,138.2,,0.11,0.33,1.98,6.03,77.89,996.6
2021-03-12 04:45:00,127.0,,0.07,0.34,1.54,6.20,77.03,996.4
2021-03-12 05:00:00,118.5,,0.08,0.18,1.95,6.08,77.62,996.1
2021-03-12 05:15:00,104.7,,0.15,0.44,2.10,6.09,78.30,995.9
2021-03-12 05:30:00,98.28,,0.28,0.46,2.20,6.05,78.89,995.9
2021-03-12 05:45:00,101.3,,0.21,0.35,2.00,6.10,78.40,995.8
2021-03-12 06:00:00,118.5,,0.04,0.11,1.07,6.23,77.76,995.8
2021-03-12 06:15:00,115.1,,0.07,0.12,0.88,6.26,77.78,995.7
2021-03-12 06:30:00,86.30,,0.07,0.25,1.63,6.87,75.94,995.6
2021-03-12 06:45:00,122.3,,0.02,0.10,0.68,6.50,77.02,995.6
2021-03-12 07:00:00,141.0,,0.02,0.04,0.57,5.53,83.20,995.5
2021-03-12 07:15:00,108.3,,0.01,0.03,0.31,5.80,81.87,995.4
2021-03-12 07:30:00,127.6,,0.00,0.01,0.45,5.38,85.45,995.5
2021-03-12 07:45:00,124.3,,0.01,0.01,0.28,5.01,87.87,995.4
2021-03-12 08:00:00,118.2,,0.00,0.00,0.15,4.86,90.46,995.6
2021-03-12 08:15:00,112.2,,0.00,0.05,0.58,4.34,93.61,995.6
2021-03-12 08:30:00,139.8,,0.03,0.11,0.97,4.62,90.22,995.7
2021-03-12 08:45:00,119.6,,0.01,0.07,1.04,5.31,85.64,995.9
2021-03-12 09:00:00,113.5,,0.00,0.06,0.90,5.88,81.46,996.0
2021-03-12 09:15:00,106.7,,0.02,0.11,0.98,7.20,74.41,996.0
2021-03-12 09:30:00,117.9,,0.03,0.13,1.21,7.52,71.12,996.1
2021-03-12 09:45:00,129.1,,0.05,0.12,1.01,7.48,70.22,996.2
2021-03-12 10:00:00,135.5,,0.09,0.24,1.47,7.24,70.73,996.4
2021-03-12 10:15:00,153.1,,0.03,0.07,1.11,7.08,70.26,996.4
2021-03-12 10:30:00,124.2,,0.05,0.25,1.45,8.54,64.35,996.4
2021-03-12 10:45:00,138.3,,0.02,0.07,0.75,8.03,64.90,996.4
2021-03-12 11:00:00,159.4,,0.05,0.19,1.02,6.94,69.49,996.5
2021-03-12 11:15:00,139.4,,0.01,0.06,0.64,7.21,68.10,996.5
2021-03-12 11:30:00,145.0,,0.01,0.04,1.05,7.44,66.51,996.4
2021-03-12 11:45:00,142.0,,0.04,0.07,1.05,7.29,67.72,996.5
2021-03-12 12:00:00,120.6,,0.22,0.39,1.56,7.23,68.44,996.6
2021-03-12 12:15:00,145.8,,0.02,0.12,1.31,7.41,67.08,996.6
2021-03-12 12:30:00,143.4,,0.10,0.29,1.43,7.20,67.28,996.7
2021-03-12 12:45:00,143.2,,0.07,0.15,1.59,7.15,66.26,996.7
2021-03-12 13:00:00,149.1,,0.06,0.25,1.36,7.21,65.60,996.6
2021-03-12 13:15:00,143.3,,0.09,0.20,1.29,7.23,65.06,996.6
2021-03-12 13:30:00,134.8,,0.07,0.23,1.99,7.39,64.97,996.5
2021-03-12 13:45:00,162.2,,0.07,0.38,1.84,6.97,65.36,996.3
2021-03-12 14:00:00,119.7,,0.04,0.19,2.10,7.53,64.02,996.2
2021-03-12 14:15:00,109.5,,0.13,0.31,2.04,8.28,62.96,996.0
2021-03-12 14:30:00,116.6,,0.06,0.27,2.08,8.02,63.08,995.9
2021-03-12 14:45:00,101.5,,0.21,0.52,2.23,8.08,63.66,995.8
2021-03-12 15:00:00,104.8,,0.14,0.31,1.66,8.09,62.90,995.6
2021-03-12 15:15:00,93.80,,0.40,0.65,2.32,8.13,63.78,995.6
2021-03-12 15:30:00,105.6,,0.21,0.41,2.27,8.11,64.52,995.5
2021-03-12 15:45:00,109.0,,0.16,0.42,1.92,7.75,68.33,995.4
2021-03-12 16:00:00,126.8,,0.20,0.38,1.56,7.25,71.34,995.1
2021-03-12 16:15:00,120.9,,0.12,0.45,2.11,6.95,73.72,994.9
2021-03-12 16:30:00,109.6,,0.12,0.49,2.20,7.03,74.14,994.7
2021-03-12 16:45:00,122.1,,0.02,0.22,1.30,6.91,73.26,994.3
2021-03-12 17:00:00,121.6,,0.07,0.31,1.63,6.68,74.12,994.0
2021-03-12 17:15:00,104.1,,0.18,0.42,1.67,6.81,74.43,993.8
2021-03-12 17:30:00,95.40,,0.52,0.87,2.72,6.99,74.05,993.5
2021-03-12 17:45:00,102.2,,0.26,0.53,1.99,6.89,75.46,993.3
2021-03-12 18:00:00,105.6,,0.19,0.42,1.93,6.64,76.75,993.1
2021-03-12 18:15:00,99.92,,0.12,0.27,1.76,6.78,75.52,992.9
2021-03-12 18:30:00,97.35,,0.53,0.77,2.22,6.83,75.67,992.9
2021-03-12 18:45:00,91.16,,0.20,0.49,1.80,7.27,73.94,993.0
2021-03-12 19:00:00,89.35,,0.63,0.81,2.27,6.86,76.26,992.7
2021-03-12 19:15:00,94.08,,0.64,1.00,2.49,6.73,77.00,992.4
2021-03-12 19:30:00,92.48,,1.10,1.62,2.88,6.60,78.57,991.9
2021-03-12 19:45:00,120.2,,0.59,0.79,1.85,6.23,80.17,991.5
2021-03-12 20:00:00,120.6,,0.22,0.31,1.23,7.35,92.56,301.9
2021-03-12 20:15:00,111.9,,0.03,0.04,0.75,7.54,97.52,230.6
2021-03-12 20:30:00,113.3,,0.80,1.15,2.51,7.06,100.0,168.8
2021-03-12 20:45:00,113.4,,0.65,0.91,2.44,6.03,84.64,989.4
2021-03-12 21:00:00,118.1,,1.02,1.47,3.32,5.84,87.11,988.8
2021-03-12 21:15:00,125.5,,0.48,0.69,2.15,5.56,88.46,988.6
2021-03-12 21:30:00,133.6,,0.36,0.52,1.34,5.62,87.74,988.1
2021-03-12 21:45:00,126.6,,0.41,0.61,1.56,5.64,87.86,987.9
2021-03-12 22:00:00,122.8,,0.07,0.16,0.41,5.76,86.05,987.3
2021-03-12 22:15:00,137.9,,0.01,0.05,0.25,5.86,83.59,986.9
2021-03-12 22:30:00,132.1,,0.02,0.08,0.31,5.74,84.69,986.2
2021-03-12 22:45:00,136.4,,0.01,0.06,0.47,5.47,87.26,986.1
2021-03-12 23:00:00,106.0,,0.71,0.88,1.63,5.71,87.56,985.4
2021-03-12 23:15:00,119.7,,0.06,0.09,0.51,5.41,88.23,985.0
2021-03-12 23:30:00,112.6,,0.04,0.07,0.36,5.35,90.41,984.1
2021-03-12 23:45:00,116.9,,0.28,0.42,0.90,4.91,96.04,983.9
