2021-02-28 00:00:00,159.5,,3.19,4.24,5.42,5.31,86.20,1041.
2021-02-28 00:15:00,161.1,,5.29,6.68,7.86,5.16,85.92,1041.
2021-02-28 00:30:00,162.5,,6.05,7.56,9.20,5.05,85.85,1041.
2021-02-28 00:45:00,155.9,,8.40,10.53,12.22,4.95,86.43,1041.
2021-02-28 01:00:00,156.2,,9.39,11.96,13.48,4.91,86.66,1041.
2021-02-28 01:15:00,158.8,,11.30,14.43,16.85,4.81,86.94,1041.
2021-02-28 01:30:00,159.1,,12.11,15.54,17.30,4.77,86.73,1041.
2021-02-28 01:45:00,153.3,,10.85,14.07,15.85,4.70,87.23,1041.
2021-02-28 02:00:00,154.1,,8.50,10.81,12.50,4.66,87.30,1041.
2021-02-28 02:15:00,137.6,,7.68,9.44,10.93,4.75,87.91,1041.
2021-02-28 02:30:00,127.0,,12.78,16.41,18.68,4.90,88.19,1040.
2021-02-28 02:45:00,122.8,,19.74,26.82,30.27,5.01,87.88,1040.
2021-02-28 03:00:00,126.4,,23.22,32.46,38.32,4.98,87.29,1040.
2021-02-28 03:15:00,128.5,,24.76,35.10,42.52,4.97,87.17,1040.
2021-02-28 03:30:00,125.2,,25.92,36.46,44.33,4.92,87.36,1040.
2021-02-28 03:45:00,125.2,,25.88,36.31,44.20,4.91,87.74,1040.
2021-02-28 04:00:00,127.7,,25.57,35.65,42.81,4.91,87.39,1040.
2021-02-28 04:15:00,126.2,,25.93,35.99,43.25,4.84,87.25,1040.
2021-02-28 04:30:00,128.8,,25.78,36.19,44.14,4.75,87.01,1040.
2021-02-28 04:45:00,131.1,,25.52,35.84,43.51,4.65,86.26,1040.
2021-02-28 05:00:00,135.0,,25.27,35.49,43.19,4.50,86.36,1040.
2021-02-28 05:15:00,119.1,,24.16,34.01,40.75,4.54,87.72,1040.
2021-02-28 05:30:00,110.8,,24.11,33.69,40.59,4.74,87.02,1039.
2021-02-28 05:45:00,112.4,,23.32,32.76,38.93,4.75,86.59,1039.
2021-02-28 06:00:00,117.6,,25.55,35.97,43.68,4.73,85.47,1039.
2021-02-28 06:15:00,108.4,,26.20,37.25,45.56,4.65,86.09,1039.
2021-02-28 06:30:00,114.6,,27.75,39.57,48.61,4.53,86.12,1039.
2021-02-28 06:45:00,121.1,,28.68,41.31,50.63,4.48,86.80,1039.
2021-02-28 07:00:00,115.4,,30.87,44.29,55.04,4.48,87.16,1039.
2021-02-28 07:15:00,108.3,,32.49,46.63,58.27,4.45,87.55,1039.
2021-02-28 07:30:00,93.21,,32.33,46.46,57.87,4.45,87.96,1039.
2021-02-28 07:45:00,95.59,,33.48,48.49,60.74,4.41,87.88,1039.
2021-02-28 08:00:00,99.07,,33.38,48.12,60.03,4.44,87.81,1040.
2021-02-28 08:15:00,93.68,,33.30,47.96,60.01,4.55,88.09,1040.
2021-02-28 08:30:00,103.4,,34.03,49.58,62.31,4.66,87.40,1040.
2021-02-28 08:45:00,108.2,,33.79,49.47,61.78,4.80,87.06,1040.
2021-02-28 09:00:00,101.9,,32.88,47.81,59.45,5.02,86.75,1040.
2021-02-28 09:15:00,100.1,,32.75,47.67,59.32,5.27,86.79,1040.
2021-02-28 09:30:00,46.69,,27.12,38.72,46.68,6.23,87.26,1040.
2021-02-28 09:45:00,39.17,,27.44,39.07,47.53,7.29,81.87,1040.
2021-02-28 10:00:00,22.39,,23.77,33.49,38.67,8.50,77.25,1040.
2021-02-28 10:15:00,18.39,,22.35,31.32,35.98,9.42,72.46,1040.
2021-02-28 10:30:00,18.65,,24.41,34.38,40.33,10.77,65.41,1040.
2021-02-28 10:45:00,11.72,,22.68,31.39,36.29,11.52,62.03,1040.
2021-02-28 11:00:00,31.29,,25.33,36.12,43.11,12.13,57.78,1039.
2021-02-28 11:15:00,48.36,,23.10,32.14,37.17,12.42,54.87,1039.
2021-02-28 11:30:00,61.19,,23.31,32.12,37.21,12.37,54.33,1039.
2021-02-28 11:45:00,56.97,,23.35,32.05,36.55,11.92,56.39,1039.
2021-02-28 12:00:00,77.10,,23.00,31.26,35.97,11.41,56.91,1039.
2021-02-28 12:15:00,79.33,,20.09,27.09,29.49,11.05,58.04,1039.
2021-02-28 12:30:00,77.83,,20.01,26.49,29.07,10.85,58.27,1039.
2021-02-28 12:45:00,73.61,,23.62,32.81,37.84,10.60,59.27,1038.
2021-02-28 13:00:00,84.43,,22.51,31.23,36.07,10.33,59.04,1038.
2021-02-28 13:15:00,74.12,,22.92,32.65,38.42,10.26,61.14,1038.
2021-02-28 13:30:00,74.30,,22.24,30.76,34.51,10.32,60.46,1038.
2021-02-28 13:45:00,78.87,,21.89,30.31,34.15,10.17,60.52,1038.
2021-02-28 14:00:00,82.24,,22.25,31.53,36.07,10.14,60.71,1037.
2021-02-28 14:15:00,79.47,,22.40,32.11,37.45,10.03,61.27,1037.
2021-02-28 14:30:00,84.59,,22.93,32.58,37.58,9.90,61.94,1037.
2021-02-28 14:45:00,82.98,,23.28,33.28,38.84,9.90,62.55,1037.
2021-02-28 15:00:00,85.05,,25.45,36.42,43.68,9.78,63.54,1036.
2021-02-28 15:15:00,73.69,,24.88,35.95,42.76,9.79,64.69,1036.
2021-02-28 15:30:00,75.74,,25.92,36.65,43.97,9.77,64.94,1036.
2021-02-28 15:45:00,87.14,,26.28,37.39,45.37,9.75,64.97,1036.
2021-02-28 16:00:00,78.02,,26.34,37.59,45.55,9.69,65.88,1036.
2021-02-28 16:15:00,78.53,,25.07,35.80,42.35,9.60,65.48,1036.
2021-02-28 16:30:00,90.90,,25.76,36.92,44.56,9.48,66.09,1036.
2021-02-28 16:45:00,90.79,,24.69,35.08,41.66,9.34,66.80,1036.
2021-02-28 17:00:00,95.85,,23.43,33.70,39.73,9.24,66.95,1036.
2021-02-28 17:15:00,92.63,,22.96,32.34,37.19,9.04,67.77,1036.
2021-02-28 17:30:00,82.73,,21.26,30.15,34.48,8.87,68.78,1036.
2021-02-28 17:45:00,51.66,,18.27,25.10,27.83,8.73,70.50,1036.
2021-02-28 18:00:00,59.43,,18.59,25.62,28.06,8.58,69.00,1036.
2021-02-28 18:15:00,57.26,,18.30,25.53,27.51,8.42,70.14,1036.
2021-02-28 18:30:00,82.81,,21.28,30.52,33.98,8.16,71.08,1036.
2021-02-28 18:45:00,86.02,,23.83,34.17,40.62,7.89,74.22,1036.
2021-02-28 19:00:00,84.43,,24.52,35.14,42.51,7.59,77.24,1036.
2021-02-28 19:15:00,87.46,,24.99,35.84,43.23,7.37,77.85,1036.
2021-02-28 19:30:00,59.40,,22.00,31.92,36.99,7.31,80.40,1036.
2021-02-28 19:45:00,83.01,,21.29,31.41,36.62,7.37,78.51,1036.
2021-02-28 20:00:00,86.00,,22.37,33.20,38.99,7.29,79.39,1036.
2021-02-28 20:15:00,78.06,,21.94,32.25,37.26,7.19,80.40,1036.
2021-02-28 20:30:00,86.29,,21.86,32.48,37.76,7.11,79.33,1036.
2021-02-28 20:45:00,90.28,,21.69,31.99,37.21,7.05,78.86,1036.
2021-02-28 21:00:00,89.09,,21.12,31.31,35.91,6.98,79.41,1036.
2021-02-28 21:15:00,82.16,,21.46,31.48,36.24,6.99,79.91,1036.
2021-02-28 21:30:00,66.33,,21.26,31.63,36.48,7.13,79.97,1036.
2021-02-28 21:45:00,74.46,,21.83,32.40,38.14,7.16,79.48,1036.
2021-02-28 22:00:00,51.68,,20.74,30.02,34.19,7.11,81.51,1036.
2021-02-28 22:15:00,66.78,,24.80,36.98,44.94,7.14,79.63,1036.
2021-02-28 22:30:00,70.45,,27.68,41.48,51.10,7.08,79.68,1036.
2021-02-28 22:45:00,59.78,,27.86,41.49,51.08,7.06,80.04,1036.
2021-02-28 23:00:00,66.78,,28.19,42.02,51.88,6.94,79.92,1035.
2021-02-28 23:15:00,69.00,,28.85,43.36,53.43,6.77,81.04,1035.
2021-02-28 23:30:00,72.88,,29.55,44.21,55.21,6.70,81.54,1035.
2021-02-28 23:45:00,69.56,,30.06,45.06,56.24,6.63,82.09,1035.
2021-03-01 00:00:00,73.49,,31.37,46.89,58.82,6.55,81.99,1035.
2021-03-01 00:15:00,72.32,,31.06,46.58,58.24,6.47,82.49,1035.
2021-03-01 00:30:00,70.24,,31.33,47.24,59.10,6.38,82.72,1035.
2021-03-01 00:45:00,67.34,,31.09,46.73,58.41,6.29,83.14,1035.
2021-03-01 01:00:00,69.23,,31.91,48.05,60.39,6.19,83.09,1035.
2021-03-01 01:15:00,68.65,,31.23,47.11,59.05,6.09,83.82,1035.
2021-03-01 01:30:00,77.91,,31.55,48.15,60.60,5.99,84.02,1035.
2021-03-01 01:45:00,79.24,,30.85,47.40,59.61,5.91,84.57,1035.
2021-03-01 02:00:00,80.45,,30.70,47.15,59.39,5.87,84.81,1035.
2021-03-01 02:15:00,76.24,,30.08,46.41,58.00,5.80,85.33,1035.
2021-03-01 02:30:00,81.37,,30.54,46.94,58.81,5.73,84.98,1035.
2021-03-01 02:45:00,86.88,,30.02,46.32,57.98,5.59,85.22,1034.
2021-03-01 03:00:00,93.02,,29.96,46.40,58.17,5.46,85.41,1034.
2021-03-01 03:15:00,84.81,,29.12,45.49,56.80,5.44,86.03,1034.
2021-03-01 03:30:00,97.90,,29.59,46.39,58.17,5.39,85.23,1034.
2021-03-01 03:45:00,107.2,,29.30,45.60,57.08,5.23,85.05,1034.
2021-03-01 04:00:00,110.5,,29.03,45.29,56.31,5.06,85.57,1034.
2021-03-01 04:15:00,109.6,,29.39,45.43,57.03,4.98,85.64,1034.
2021-03-01 04:30:00,102.5,,28.69,44.24,54.29,4.99,85.60,1034.
2021-03-01 04:45:00,120.2,,28.32,44.02,54.61,4.87,84.84,1034.
2021-03-01 05:00:00,104.9,,27.17,41.73,51.34,4.83,85.81,1034.
2021-03-01 05:15:00,97.66,,26.31,40.23,49.54,4.83,86.01,1034.
2021-03-01 05:30:00,100.8,,25.90,39.91,48.49,4.91,84.92,1034.
2021-03-01 05:45:00,99.31,,26.26,40.42,49.61,4.89,85.13,1034.
2021-03-01 06:00:00,103.6,,26.80,41.21,50.71,4.75,85.06,1034.
2021-03-01 06:15:00,100.5,,26.86,41.36,50.74,4.68,85.58,1034.
2021-03-01 06:30:00,110.4,,26.82,41.30,50.57,4.58,85.27,1034.
2021-03-01 06:45:00,103.3,,26.37,40.03,48.85,4.54,85.83,1034.
2021-03-01 07:00:00,103.4,,26.38,40.33,49.49,4.51,85.45,1034.
2021-03-01 07:15:00,109.3,,26.67,41.09,50.83,4.47,85.25,1034.
2021-03-01 07:30:00,117.4,,26.02,40.23,49.34,4.43,85.51,1034.
2021-03-01 07:45:00,122.4,,24.55,38.02,46.39,4.46,85.60,1034.
2021-03-01 08:00:00,112.6,,23.84,36.77,44.47,4.52,86.01,1034.
2021-03-01 08:15:00,119.9,,26.07,40.44,49.57,4.62,85.37,1034.
2021-03-01 08:30:00,99.94,,25.80,40.04,49.09,4.78,85.65,1034.
2021-03-01 08:45:00,108.7,,24.57,37.87,46.28,4.96,83.68,1034.
2021-03-01 09:00:00,105.7,,23.64,36.74,44.65,5.11,82.45,1034.
2021-03-01 09:15:00,30.76,,19.36,28.43,32.18,5.72,86.18,1034.
2021-03-01 09:30:00,19.66,,21.50,32.49,38.18,7.00,82.32,1034.
2021-03-01 09:45:00,4.46,,20.63,30.83,35.56,8.16,77.23,1034.
2021-03-01 10:00:00,0.00,,16.71,24.06,26.64,9.52,69.07,1034.
2021-03-01 10:15:00,0.00,,13.37,18.86,20.82,10.86,62.95,1034.
2021-03-01 10:30:00,0.00,,10.57,14.14,15.92,12.12,56.58,1034.
2021-03-01 10:45:00,0.00,,10.46,14.51,16.11,12.75,53.30,1033.
2021-03-01 11:00:00,21.36,,14.34,20.07,22.08,13.21,49.06,1033.
2021-03-01 11:15:00,49.44,,17.77,25.74,28.40,13.04,49.12,1033.
2021-03-01 11:30:00,54.72,,16.98,23.71,26.17,12.50,50.94,1033.
2021-03-01 11:45:00,64.71,,19.07,27.67,31.40,11.50,54.48,1033.
2021-03-01 12:00:00,63.79,,16.42,23.52,25.97,10.69,58.64,1033.
2021-03-01 12:15:00,66.88,,14.04,19.86,21.82,10.38,60.82,1033.
2021-03-01 12:30:00,71.09,,13.29,17.80,19.69,10.34,60.66,1033.
2021-03-01 12:45:00,72.32,,12.06,16.09,17.60,10.13,62.35,1033.
2021-03-01 13:00:00,66.14,,10.47,13.97,15.66,9.97,63.13,1033.
2021-03-01 13:15:00,55.90,,9.40,12.72,14.12,10.11,60.33,1032.
2021-03-01 13:30:00,55.71,,8.67,11.61,12.88,10.14,58.85,1032.
2021-03-01 13:45:00,48.27,,8.77,11.38,12.52,10.27,60.29,1032.
2021-03-01 14:00:00,62.57,,8.12,10.60,12.10,10.28,61.20,1032.
2021-03-01 14:15:00,68.03,,8.09,10.47,11.59,10.05,62.97,1032.
2021-03-01 14:30:00,67.00,,7.89,10.20,11.15,9.90,64.22,1032.
2021-03-01 14:45:00,47.74,,7.91,10.02,10.97,9.80,64.85,1031.
2021-03-01 15:00:00,37.06,,8.92,11.42,12.66,9.72,64.64,1031.
2021-03-01 15:15:00,50.91,,9.01,11.70,12.52,9.87,64.21,1031.
2021-03-01 15:30:00,43.97,,8.86,11.23,12.44,9.86,64.57,1031.
2021-03-01 15:45:00,62.11,,10.49,13.74,14.92,9.78,64.73,1031.
2021-03-01 16:00:00,37.26,,10.51,13.19,14.22,9.54,66.67,1031.
2021-03-01 16:15:00,53.12,,10.51,13.27,14.08,9.43,68.33,1031.
2021-03-01 16:30:00,57.63,,11.82,14.96,16.14,9.00,71.13,1031.
2021-03-01 16:45:00,67.11,,14.36,20.04,21.44,8.81,71.48,1031.
2021-03-01 17:00:00,64.43,,14.99,20.69,22.08,8.40,73.17,1031.
2021-03-01 17:15:00,69.60,,17.02,23.43,25.20,8.05,74.78,1031.
2021-03-01 17:30:00,77.03,,18.04,25.94,27.89,7.64,76.18,1031.
2021-03-01 17:45:00,76.41,,17.97,25.63,27.50,7.24,77.38,1031.
2021-03-01 18:00:00,86.33,,17.90,24.89,26.89,6.80,77.61,1031.
2021-03-01 18:15:00,90.28,,18.23,26.87,29.51,6.36,79.15,1031.
2021-03-01 18:30:00,91.40,,18.35,27.11,29.19,6.12,79.40,1031.
2021-03-01 18:45:00,94.18,,19.00,27.74,30.29,5.82,79.96,1031.
2021-03-01 19:00:00,105.1,,19.94,28.92,31.52,5.35,81.62,1032.
2021-03-01 19:15:00,99.20,,19.16,27.64,30.71,5.18,82.52,1031.
2021-03-01 19:30:00,94.78,,19.35,27.93,30.48,5.05,82.86,1031.
2021-03-01 19:45:00,99.63,,19.35,27.57,29.92,4.89,83.13,1031.
2021-03-01 20:00:00,93.40,,18.61,25.71,27.45,4.91,82.80,1031.
2021-03-01 20:15:00,83.06,,19.47,27.57,29.85,4.96,82.06,1031.
2021-03-01 20:30:00,52.35,,20.21,29.08,31.60,5.02,82.46,1031.
2021-03-01 20:45:00,45.70,,20.40,29.69,32.55,5.09,82.46,1031.
2021-03-01 21:00:00,69.13,,21.82,32.78,37.83,5.05,82.27,1031.
2021-03-01 21:15:00,77.78,,22.92,35.29,41.53,5.04,82.46,1031.
2021-03-01 21:30:00,89.06,,22.84,34.78,40.69,4.90,82.96,1031.
2021-03-01 21:45:00,84.65,,22.37,34.22,40.09,4.87,84.17,1031.
2021-03-01 22:00:00,79.25,,22.24,34.51,40.64,4.97,83.81,1031.
2021-03-01 22:15:00,80.86,,22.43,35.46,41.93,5.02,82.92,1031.
2021-03-01 22:30:00,79.22,,22.85,36.66,43.59,5.07,82.85,1031.
2021-03-01 22:45:00,92.11,,23.23,37.59,45.69,5.02,82.04,1031.
2021-03-01 23:00:00,82.79,,22.59,36.69,44.16,5.04,83.04,1031.
2021-03-01 23:15:00,81.38,,21.55,36.11,43.64,5.16,82.48,1031.
2021-03-01 23:30:00,77.58,,22.24,37.81,46.07,5.32,81.84,1032.
2021-03-01 23:45:00,84.35,,22.02,37.34,45.48,5.33,81.18,1031.
2021-03-02 00:00:00,81.49,,21.91,36.72,44.48,5.43,80.68,1031.
2021-03-02 00:15:00,64.23,,19.59,32.47,37.52,5.48,81.89,1031.
2021-03-02 00:30:00,73.16,,20.01,32.45,37.85,5.62,80.63,1031.
2021-03-02 00:45:00,72.87,,19.26,31.46,36.40,5.55,81.20,1031.
2021-03-02 01:00:00,54.57,,17.79,28.78,31.62,5.72,82.53,1031.
2021-03-02 01:15:00,39.17,,16.91,27.09,28.98,5.89,83.17,1032.
2021-03-02 01:30:00,46.61,,17.34,27.83,30.07,5.95,81.62,1031.
2021-03-02 01:45:00,35.24,,17.10,28.02,30.74,6.02,82.43,1031.
2021-03-02 02:00:00,68.30,,19.27,31.64,36.22,5.88,79.46,1031.
2021-03-02 02:15:00,85.25,,20.53,34.19,39.99,5.75,79.06,1031.
2021-03-02 02:30:00,98.09,,21.70,36.81,44.64,5.48,78.35,1031.
2021-03-02 02:45:00,93.24,,21.88,37.22,45.17,5.12,80.16,1031.
2021-03-02 03:00:00,80.49,,20.99,36.39,44.20,5.19,81.17,1031.
2021-03-02 03:15:00,82.59,,22.19,39.94,49.77,5.18,80.49,1031.
2021-03-02 03:30:00,99.01,,21.04,38.76,48.92,5.00,79.38,1031.
2021-03-02 03:45:00,99.78,,20.06,37.33,47.64,4.70,80.24,1031.
2021-03-02 04:00:00,105.0,,21.48,40.33,51.46,4.59,79.81,1031.
2021-03-02 04:15:00,100.8,,19.75,36.36,45.28,4.60,80.54,1031.
2021-03-02 04:30:00,90.42,,17.24,31.12,35.94,4.81,79.47,1031.
2021-03-02 04:45:00,101.8,,18.41,31.68,37.28,4.85,76.57,1030.
2021-03-02 05:00:00,95.92,,16.66,29.11,33.50,4.95,76.70,1030.
2021-03-02 05:15:00,110.4,,17.63,30.93,36.22,4.91,75.34,1030.
2021-03-02 05:30:00,83.10,,13.88,24.34,27.21,5.19,77.28,1030.
2021-03-02 05:45:00,82.09,,13.65,24.65,28.17,5.48,74.82,1030.
2021-03-02 06:00:00,87.23,,13.40,23.57,26.87,5.51,74.39,1030.
2021-03-02 06:15:00,73.07,,12.11,22.09,24.75,5.72,75.01,1030.
2021-03-02 06:30:00,87.24,,12.97,23.38,26.66,5.63,73.14,1030.
2021-03-02 06:45:00,60.73,,12.20,21.67,24.09,5.88,75.57,1030.
2021-03-02 07:00:00,54.27,,11.68,20.37,22.56,6.31,73.52,1030.
2021-03-02 07:15:00,60.89,,11.51,19.64,21.88,6.39,71.79,1031.
2021-03-02 07:30:00,62.54,,13.26,22.19,25.11,6.30,71.77,1031.
2021-03-02 07:45:00,89.29,,11.62,20.42,22.60,5.92,69.95,1031.
2021-03-02 08:00:00,91.17,,11.61,20.82,23.06,5.64,71.30,1031.
2021-03-02 08:15:00,96.61,,11.85,20.45,22.40,5.45,71.83,1031.
2021-03-02 08:30:00,93.66,,13.26,23.36,25.70,5.40,72.20,1031.
2021-03-02 08:45:00,94.79,,17.61,30.28,34.90,5.17,71.84,1031.
2021-03-02 09:00:00,79.15,,19.67,33.47,39.32,5.27,72.75,1031.
2021-03-02 09:15:00,81.69,,17.44,30.07,33.76,5.34,72.00,1031.
2021-03-02 09:30:00,45.88,,15.52,26.26,29.10,5.62,72.39,1031.
2021-03-02 09:45:00,54.63,,18.21,30.84,35.40,5.62,71.11,1031.
2021-03-02 10:00:00,39.45,,18.92,33.64,40.01,5.51,72.54,1031.
2021-03-02 10:15:00,24.13,,19.38,32.99,38.67,5.70,72.79,1031.
2021-03-02 10:30:00,34.01,,19.68,33.58,39.51,5.75,72.58,1031.
2021-03-02 10:45:00,38.75,,16.40,30.10,34.99,5.94,71.37,1031.
2021-03-02 11:00:00,23.66,,20.81,36.45,44.02,6.14,71.08,1031.
2021-03-02 11:15:00,47.51,,20.05,34.91,41.71,6.03,69.39,1031.
2021-03-02 11:30:00,15.81,,15.93,27.40,30.21,6.26,71.66,1031.
2021-03-02 11:45:00,64.82,,18.94,32.10,37.32,6.18,68.53,1031.
2021-03-02 12:00:00,59.03,,20.90,35.36,42.59,5.86,70.61,1031.
2021-03-02 12:15:00,62.67,,21.83,37.09,45.43,6.03,69.11,1031.
2021-03-02 12:30:00,55.68,,20.75,34.51,41.36,6.22,68.93,1031.
2021-03-02 12:45:00,53.95,,19.29,33.08,39.26,6.39,67.95,1031.
2021-03-02 13:00:00,51.35,,18.19,31.72,36.96,6.48,68.00,1030.
2021-03-02 13:15:00,65.79,,20.18,34.99,42.36,6.29,68.23,1030.
2021-03-02 13:30:00,45.19,,18.27,31.00,35.78,6.50,69.68,1030.
2021-03-02 13:45:00,27.58,,18.92,32.47,38.57,6.85,68.52,1030.
2021-03-02 14:00:00,22.30,,19.01,32.61,38.33,7.18,67.99,1030.
2021-03-02 14:15:00,21.29,,19.79,33.24,39.58,7.35,67.41,1030.
2021-03-02 14:30:00,10.83,,19.16,32.28,37.42,7.54,68.44,1030.
2021-03-02 14:45:00,23.37,,20.55,34.80,42.16,7.69,66.77,1030.
2021-03-02 15:00:00,35.42,,22.33,38.31,47.48,7.72,66.45,1029.
2021-03-02 15:15:00,51.02,,25.08,43.57,55.02,7.38,67.40,1029.
2021-03-02 15:30:00,5.31,,23.20,40.78,50.51,7.88,68.72,1029.
2021-03-02 15:45:00,11.40,,24.09,42.25,52.91,8.19,66.53,1029.
2021-03-02 16:00:00,17.62,,26.31,46.33,58.82,8.22,66.26,1029.
2021-03-02 16:15:00,18.25,,27.38,48.01,61.03,8.03,67.24,1029.
2021-03-02 16:30:00,19.03,,27.42,48.08,61.19,7.78,68.87,1029.
2021-03-02 16:45:00,20.45,,26.86,47.08,59.94,7.80,69.34,1029.
2021-03-02 17:00:00,4.06,,25.38,44.33,55.50,7.80,71.61,1029.
2021-03-02 17:15:00,12.21,,25.37,43.74,55.12,7.74,70.93,1029.
2021-03-02 17:30:00,20.23,,25.15,43.05,53.92,7.51,71.57,1029.
2021-03-02 17:45:00,27.28,,24.95,42.94,53.74,7.33,72.82,1029.
2021-03-02 18:00:00,22.41,,24.81,42.49,53.39,7.22,74.25,1029.
2021-03-02 18:15:00,38.09,,25.06,43.03,54.67,7.04,74.17,1029.
2021-03-02 18:30:00,40.20,,25.28,42.68,54.02,6.84,75.27,1029.
2021-03-02 18:45:00,31.78,,24.21,41.19,51.73,6.62,76.83,1029.
2021-03-02 19:00:00,27.46,,24.11,40.66,50.44,6.49,76.89,1029.
2021-03-02 19:15:00,25.99,,24.93,41.44,51.88,6.43,77.18,1029.
2021-03-02 19:30:00,24.49,,24.85,41.74,52.41,6.38,78.09,1029.
2021-03-02 19:45:00,28.58,,26.22,44.48,56.84,6.27,78.90,1029.
2021-03-02 20:00:00,28.40,,27.12,46.19,59.38,6.17,79.35,1029.
2021-03-02 20:15:00,23.41,,28.22,48.30,62.09,6.05,80.01,1029.
2021-03-02 20:30:00,24.91,,28.91,50.31,64.67,5.96,80.88,1029.
2021-03-02 20:45:00,26.76,,29.09,50.68,65.24,5.94,81.14,1029.
2021-03-02 21:00:00,17.45,,28.63,49.40,63.58,6.05,81.66,1029.
2021-03-02 21:15:00,33.13,,29.69,51.11,66.03,5.92,80.60,1029.
2021-03-02 21:30:00,40.15,,29.51,51.14,66.00,5.72,80.68,1029.
2021-03-02 21:45:00,32.68,,28.84,49.61,63.98,5.54,82.09,1029.
2021-03-02 22:00:00,22.62,,27.85,47.79,61.29,5.54,83.05,1029.
2021-03-02 22:15:00,38.97,,27.91,48.02,61.86,5.48,81.60,1030.
2021-03-02 22:30:00,41.39,,27.52,47.08,60.47,5.37,81.90,1030.
2021-03-02 22:45:00,40.26,,27.36,46.94,60.58,5.24,82.31,1029.
2021-03-02 23:00:00,41.13,,27.60,47.23,60.72,5.26,81.38,1029.
2021-03-02 23:15:00,38.67,,27.20,46.50,59.67,5.10,82.41,1029.
2021-03-02 23:30:00,30.72,,27.06,46.38,59.64,5.04,83.00,1029.
2021-03-02 23:45:00,23.48,,26.62,45.36,57.89,5.06,83.34,1029.
2021-03-03 00:00:00,23.80,,26.83,45.52,58.24,5.07,84.35,1029.
2021-03-03 00:15:00,39.86,,26.48,45.59,58.68,5.07,83.77,1029.
2021-03-03 00:30:00,47.11,,27.17,46.88,60.78,5.09,83.79,1029.
2021-03-03 00:45:00,50.00,,27.36,48.08,63.12,5.20,83.61,1029.
2021-03-03 01:00:00,19.20,,26.50,46.08,59.96,5.35,86.26,1029.
2021-03-03 01:15:00,30.27,,27.51,47.93,62.96,5.48,84.33,1029.
2021-03-03 01:30:00,40.22,,28.02,49.22,64.30,5.22,84.99,1029.
2021-03-03 01:45:00,40.37,,28.08,49.98,65.73,5.15,85.86,1029.
2021-03-03 02:00:00,43.78,,28.01,50.02,66.01,5.22,85.52,1029.
2021-03-03 02:15:00,50.47,,28.68,51.26,67.85,5.29,84.94,1029.
2021-03-03 02:30:00,53.96,,28.76,51.78,68.97,5.22,84.81,1029.
2021-03-03 02:45:00,46.44,,28.53,51.93,69.51,5.26,85.33,1028.
2021-03-03 03:00:00,44.29,,29.28,53.91,71.52,5.33,85.37,1028.
2021-03-03 03:15:00,47.28,,29.61,55.54,72.24,5.28,84.90,1028.
2021-03-03 03:30:00,42.89,,28.94,53.39,70.71,5.23,85.44,1028.
2021-03-03 03:45:00,50.51,,29.87,56.53,73.27,5.23,84.95,1028.
2021-03-03 04:00:00,49.64,,29.95,57.32,74.03,5.25,84.69,1028.
2021-03-03 04:15:00,39.53,,29.68,55.93,72.84,5.31,85.17,1028.
2021-03-03 04:30:00,47.74,,29.39,55.42,72.56,5.55,83.15,1028.
2021-03-03 04:45:00,52.20,,29.01,54.46,72.12,5.79,81.10,1028.
2021-03-03 05:00:00,48.89,,28.48,53.21,71.10,5.98,80.20,1028.
2021-03-03 05:15:00,36.72,,27.66,51.57,69.04,6.23,79.81,1028.
2021-03-03 05:30:00,49.77,,26.52,49.72,67.46,6.47,76.74,1028.
2021-03-03 05:45:00,33.65,,26.57,48.99,65.64,6.55,77.54,1028.
2021-03-03 06:00:00,31.58,,26.91,49.46,65.99,6.93,74.59,1028.
2021-03-03 06:15:00,29.19,,26.12,47.62,63.23,6.98,74.65,1028.
2021-03-03 06:30:00,36.14,,26.17,48.23,64.04,7.04,73.38,1028.
2021-03-03 06:45:00,50.43,,27.07,50.15,67.15,6.76,72.38,1028.
2021-03-03 07:00:00,55.05,,27.12,50.62,67.84,6.41,73.93,1028.
2021-03-03 07:15:00,54.82,,26.08,47.93,65.08,6.37,74.65,1028.
2021-03-03 07:30:00,40.08,,25.15,46.47,63.35,6.60,74.96,1028.
2021-03-03 07:45:00,54.93,,26.07,48.88,66.99,6.59,72.53,1028.
2021-03-03 08:00:00,48.99,,25.09,46.38,63.06,6.62,73.64,1028.
2021-03-03 08:15:00,38.40,,22.07,40.48,52.86,6.86,73.03,1028.
2021-03-03 08:30:00,52.07,,23.15,42.44,56.01,6.84,71.69,1028.
2021-03-03 08:45:00,43.08,,22.41,41.22,53.46,6.73,73.11,1028.
2021-03-03 09:00:00,45.50,,22.50,41.30,54.36,6.76,72.76,1028.
2021-03-03 09:15:00,37.53,,22.28,41.10,54.03,6.79,73.23,1028.
2021-03-03 09:30:00,57.54,,22.51,41.94,55.24,6.78,71.96,1028.
2021-03-03 09:45:00,59.60,,24.48,45.29,61.19,6.63,71.77,1028.
2021-03-03 10:00:00,51.69,,21.14,39.54,52.23,6.51,73.17,1028.
2021-03-03 10:15:00,50.28,,20.18,37.57,49.13,6.49,72.47,1028.
2021-03-03 10:30:00,36.16,,20.40,37.73,49.71,6.48,73.78,1028.
2021-03-03 10:45:00,26.17,,19.21,36.09,47.98,6.70,73.06,1028.
2021-03-03 11:00:00,30.21,,19.25,36.05,47.05,6.90,72.27,1028.
2021-03-03 11:15:00,23.36,,19.28,36.34,47.92,7.14,72.01,1028.
2021-03-03 11:30:00,24.43,,19.12,35.74,47.85,7.34,71.60,1028.
2021-03-03 11:45:00,41.87,,19.70,37.10,49.20,7.69,69.32,1028.
2021-03-03 12:00:00,46.26,,20.29,38.01,49.98,7.81,68.01,1028.
2021-03-03 12:15:00,38.82,,22.08,41.35,55.85,7.98,67.71,1028.
2021-03-03 12:30:00,35.09,,23.63,44.17,60.03,8.14,67.11,1028.
2021-03-03 12:45:00,40.38,,25.65,47.96,65.72,8.07,67.15,1028.
2021-03-03 13:00:00,37.16,,23.98,44.84,60.87,8.15,68.27,1028.
2021-03-03 13:15:00,37.01,,23.56,43.20,57.89,8.27,67.51,1028.
2021-03-03 13:30:00,31.02,,24.30,44.58,60.26,8.30,67.86,1027.
2021-03-03 13:45:00,28.21,,25.99,46.88,63.16,8.31,68.01,1027.
2021-03-03 14:00:00,15.34,,24.91,45.77,62.10,8.39,69.19,1027.
2021-03-03 14:15:00,20.50,,26.02,47.54,64.72,8.34,68.68,1027.
2021-03-03 14:30:00,17.09,,22.95,42.00,56.15,8.36,69.06,1027.
2021-03-03 14:45:00,31.41,,23.11,42.40,56.02,8.36,68.45,1027.
2021-03-03 15:00:00,28.58,,22.19,39.75,51.65,8.39,67.78,1027.
2021-03-03 15:15:00,14.31,,21.61,38.42,49.89,8.51,67.84,1027.
2021-03-03 15:30:00,26.02,,22.76,40.57,53.37,8.57,67.29,1027.
2021-03-03 15:45:00,39.27,,23.70,42.22,55.09,8.36,67.41,1026.
2021-03-03 16:00:00,27.03,,24.01,43.20,56.82,8.36,68.84,1026.
2021-03-03 16:15:00,29.84,,24.26,43.61,58.17,8.28,69.39,1026.
2021-03-03 16:30:00,38.96,,24.66,44.17,59.01,8.11,69.92,1026.
2021-03-03 16:45:00,39.91,,25.13,44.86,59.58,7.86,71.45,1026.
2021-03-03 17:00:00,25.53,,24.94,45.16,60.42,7.75,72.91,1026.
2021-03-03 17:15:00,29.50,,25.54,45.96,62.06,7.61,73.39,1026.
2021-03-03 17:30:00,43.28,,25.62,46.22,62.41,7.46,73.16,1026.
2021-03-03 17:45:00,56.18,,26.33,47.31,63.53,7.24,73.91,1026.
2021-03-03 18:00:00,49.08,,26.65,47.70,64.61,7.14,74.97,1026.
2021-03-03 18:15:00,45.19,,26.90,48.30,64.99,7.08,75.98,1026.
2021-03-03 18:30:00,39.90,,27.03,48.21,65.16,7.10,76.20,1026.
2021-03-03 18:45:00,38.39,,27.18,48.50,65.57,7.10,76.80,1027.
2021-03-03 19:00:00,38.63,,26.67,47.19,63.07,7.13,76.84,1027.
2021-03-03 19:15:00,49.29,,26.42,47.52,63.85,7.10,76.96,1027.
2021-03-03 19:30:00,46.50,,26.65,46.71,62.52,7.09,77.13,1027.
2021-03-03 19:45:00,39.88,,26.24,46.27,62.00,7.10,77.10,1026.
2021-03-03 20:00:00,30.26,,26.66,46.91,62.07,7.11,77.75,1026.
2021-03-03 20:15:00,31.60,,26.93,47.21,62.74,7.17,77.19,1026.
2021-03-03 20:30:00,32.74,,26.67,46.42,61.47,7.11,76.74,1026.
2021-03-03 20:45:00,12.84,,25.23,44.46,59.84,7.06,78.33,1026.
2021-03-03 21:00:00,3.64,,24.40,43.41,58.44,7.02,78.70,1026.
2021-03-03 21:15:00,8.17,,24.55,43.60,58.45,7.01,77.34,1026.
2021-03-03 21:30:00,13.32,,23.68,42.61,57.37,6.84,77.09,1026.
2021-03-03 21:45:00,20.94,,23.66,42.49,56.70,6.73,77.08,1026.
2021-03-03 22:00:00,31.35,,23.68,42.64,56.68,6.51,77.18,1026.
2021-03-03 22:15:00,22.04,,23.21,41.40,54.96,6.45,78.44,1026.
2021-03-03 22:30:00,34.83,,23.58,42.12,55.37,6.33,77.93,1026.
2021-03-03 22:45:00,21.96,,22.61,40.49,53.19,6.36,78.64,1026.
2021-03-03 23:00:00,26.36,,23.12,41.19,54.47,6.40,77.63,1026.
2021-03-03 23:15:00,38.13,,23.88,41.91,55.13,6.30,77.03,1027.
2021-03-03 23:30:00,30.78,,23.12,41.20,54.77,6.31,77.57,1027.
2021-03-03 23:45:00,32.03,,23.14,40.77,53.63,6.35,77.23,1027.
2021-03-04 00:00:00,31.02,,23.04,40.79,53.60,6.34,76.85,1027.
2021-03-04 00:15:00,22.96,,22.45,39.31,51.07,6.30,77.35,1027.
2021-03-04 00:30:00,24.26,,22.74,39.62,51.34,6.27,77.18,1026.
2021-03-04 00:45:00,41.05,,23.01,40.32,52.64,6.08,76.55,1027.
2021-03-04 01:00:00,38.47,,23.26,40.58,52.82,6.00,77.05,1026.
2021-03-04 01:15:00,34.90,,23.09,40.29,52.20,5.97,77.71,1027.
2021-03-04 01:30:00,52.79,,24.25,42.54,55.36,5.99,75.80,1027.
2021-03-04 01:45:00,41.44,,23.60,41.37,53.72,5.84,77.79,1026.
2021-03-04 02:00:00,36.27,,23.06,40.92,53.16,5.92,77.66,1026.
2021-03-04 02:15:00,34.57,,22.56,40.10,52.07,5.93,78.17,1026.
2021-03-04 02:30:00,30.49,,22.18,38.46,49.47,5.89,78.88,1026.
2021-03-04 02:45:00,40.36,,21.55,38.35,49.48,5.90,77.79,1026.
2021-03-04 03:00:00,54.85,,21.43,37.86,48.29,5.81,77.37,1026.
2021-03-04 03:15:00,57.25,,21.12,37.96,49.21,5.77,77.15,1026.
2021-03-04 03:30:00,76.41,,20.59,36.76,47.47,5.68,76.67,1026.
2021-03-04 03:45:00,81.90,,20.49,36.99,47.73,5.61,76.78,1026.
2021-03-04 04:00:00,84.23,,18.93,34.44,43.63,5.50,76.77,1026.
2021-03-04 04:15:00,79.96,,18.24,33.52,42.61,5.53,77.24,1026.
2021-03-04 04:30:00,84.68,,17.58,32.37,40.56,5.66,75.77,1026.
2021-03-04 04:45:00,82.93,,16.83,31.23,38.43,5.80,75.36,1026.
2021-03-04 05:00:00,75.22,,15.91,30.09,36.60,6.00,74.36,1026.
2021-03-04 05:15:00,78.16,,14.94,28.31,33.73,6.11,72.76,1026.
2021-03-04 05:30:00,79.98,,14.19,26.86,31.91,6.19,71.92,1026.
2021-03-04 05:45:00,83.60,,14.05,26.66,31.03,6.29,70.96,1026.
2021-03-04 06:00:00,73.28,,12.78,24.69,28.69,6.41,70.69,1026.
2021-03-04 06:15:00,87.98,,13.18,24.45,29.33,6.47,68.92,1026.
2021-03-04 06:30:00,89.56,,12.26,22.96,26.56,6.47,68.36,1026.
2021-03-04 06:45:00,91.96,,12.19,22.18,26.03,6.55,67.24,1026.
2021-03-04 07:00:00,82.81,,11.33,20.08,23.73,6.63,67.13,1026.
2021-03-04 07:15:00,83.97,,10.42,18.50,21.22,6.71,66.65,1026.
2021-03-04 07:30:00,95.44,,10.01,17.42,19.91,6.65,66.24,1026.
2021-03-04 07:45:00,92.85,,10.42,18.12,21.15,6.72,65.97,1027.
2021-03-04 08:00:00,87.56,,10.68,18.04,21.10,6.75,66.01,1027.
2021-03-04 08:15:00,87.15,,10.63,17.44,19.54,6.77,66.26,1027.
2021-03-04 08:30:00,89.92,,9.82,15.24,17.42,6.80,66.62,1027.
2021-03-04 08:45:00,90.93,,10.16,16.86,18.78,6.88,66.83,1027.
2021-03-04 09:00:00,90.27,,10.42,17.20,19.43,7.07,66.25,1027.
2021-03-04 09:15:00,73.04,,10.32,17.57,19.93,7.32,66.79,1027.
2021-03-04 09:30:00,62.98,,11.03,19.15,21.17,7.73,65.83,1027.
2021-03-04 09:45:00,73.94,,11.19,18.96,21.08,7.98,64.13,1027.
2021-03-04 10:00:00,77.74,,10.89,18.72,20.74,8.03,64.04,1027.
2021-03-04 10:15:00,59.35,,9.09,14.86,16.42,8.30,63.04,1027.
2021-03-04 10:30:00,66.84,,7.33,11.61,12.80,8.73,60.46,1027.
2021-03-04 10:45:00,46.08,,7.04,10.69,11.71,8.65,59.80,1027.
2021-03-04 11:00:00,67.67,,6.60,10.06,11.22,8.48,59.39,1027.
2021-03-04 11:15:00,63.88,,6.67,9.91,11.05,8.57,59.48,1027.
2021-03-04 11:30:00,65.90,,5.79,8.32,9.18,8.72,58.06,1027.
2021-03-04 11:45:00,55.24,,4.47,6.09,6.69,8.66,58.02,1027.
2021-03-04 12:00:00,65.69,,6.93,9.62,10.78,8.63,60.01,1027.
2021-03-04 12:15:00,71.50,,7.09,9.85,10.73,8.72,60.70,1027.
2021-03-04 12:30:00,69.50,,6.64,8.93,9.54,8.66,61.14,1027.
2021-03-04 12:45:00,72.48,,6.18,8.21,8.86,8.68,60.93,1027.
2021-03-04 13:00:00,69.42,,5.32,6.97,7.68,8.64,61.51,1027.
2021-03-04 13:15:00,68.33,,4.63,5.96,6.71,8.77,61.36,1027.
2021-03-04 13:30:00,57.64,,5.09,6.34,6.90,8.92,58.95,1027.
2021-03-04 13:45:00,61.59,,5.08,6.14,6.74,8.91,58.94,1027.
2021-03-04 14:00:00,54.73,,5.08,6.22,7.06,9.14,58.68,1027.
2021-03-04 14:15:00,44.82,,5.63,6.91,7.53,9.49,57.76,1027.
2021-03-04 14:30:00,38.35,,5.00,6.16,6.88,9.70,56.51,1027.
2021-03-04 14:45:00,61.92,,5.32,6.51,7.24,9.71,56.13,1027.
2021-03-04 15:00:00,60.32,,6.10,7.34,8.23,9.85,56.10,1027.
2021-03-04 15:15:00,47.10,,5.88,6.93,7.51,10.09,55.27,1027.
2021-03-04 15:30:00,52.65,,5.14,6.14,6.79,10.12,56.08,1027.
2021-03-04 15:45:00,57.98,,4.86,6.04,6.88,9.57,62.54,1027.
2021-03-04 16:00:00,51.10,,5.43,6.88,7.59,9.23,63.98,1027.
2021-03-04 16:15:00,60.43,,5.92,7.35,8.42,9.12,63.90,1027.
2021-03-04 16:30:00,52.13,,5.57,6.97,8.04,8.83,67.18,1027.
2021-03-04 16:45:00,51.91,,4.43,5.47,6.41,8.53,71.49,1027.
2021-03-04 17:00:00,12.01,,2.86,3.50,4.30,8.29,75.99,1027.
2021-03-04 17:15:00,0.00,,1.19,1.45,1.91,8.17,77.56,1028.
2021-03-04 17:30:00,15.62,,1.44,1.64,2.07,7.97,75.57,1028.
2021-03-04 17:45:00,21.54,,1.70,2.16,3.24,7.43,76.59,1028.
2021-03-04 18:00:00,20.71,,2.03,2.71,4.54,7.21,77.07,1028.
2021-03-04 18:15:00,0.00,,2.03,2.66,4.17,7.14,77.35,1028.
2021-03-04 18:30:00,5.94,,1.52,2.05,3.22,7.27,73.19,1029.
2021-03-04 18:45:00,10.73,,1.49,2.02,3.56,7.17,72.49,1029.
2021-03-04 19:00:00,20.18,,1.12,1.49,2.91,7.10,68.50,1029.
2021-03-04 19:15:00,19.77,,1.18,1.56,3.46,6.99,68.60,1029.
2021-03-04 19:30:00,50.01,,1.13,1.57,2.73,6.69,64.49,1029.
2021-03-04 19:45:00,48.92,,0.81,1.23,2.65,6.37,65.94,1029.
2021-03-04 20:00:00,34.22,,1.03,1.54,2.83,6.34,68.55,1029.
2021-03-04 20:15:00,34.92,,0.93,1.38,2.23,6.33,68.58,1029.
2021-03-04 20:30:00,46.66,,0.97,1.28,2.26,6.15,67.58,1030.
2021-03-04 20:45:00,38.12,,0.86,1.09,1.76,6.06,69.42,1030.
2021-03-04 21:00:00,49.30,,0.64,1.01,1.66,5.93,69.12,1030.
2021-03-04 21:15:00,47.98,,0.87,1.12,2.07,5.91,69.35,1030.
2021-03-04 21:30:00,70.45,,0.99,1.24,2.05,5.79,67.93,1030.
2021-03-04 21:45:00,74.46,,1.15,1.49,2.43,5.68,66.81,1031.
2021-03-04 22:00:00,78.70,,2.00,2.52,3.76,5.53,66.63,1031.
2021-03-04 22:15:00,87.78,,1.82,2.46,3.60,5.45,65.64,1031.
2021-03-04 22:30:00,85.74,,2.46,3.31,4.24,5.37,65.62,1031.
2021-03-04 22:45:00,85.70,,2.31,3.19,4.50,5.31,65.33,1031.
2021-03-04 23:00:00,95.24,,1.64,2.08,3.56,5.25,65.54,1031.
2021-03-04 23:15:00,94.75,,0.83,1.15,2.12,5.12,66.33,1031.
2021-03-04 23:30:00,99.14,,0.97,1.18,2.42,4.95,66.56,1031.
2021-03-04 23:45:00,103.3,,0.77,1.17,2.36,4.75,65.11,1031.
2021-03-05 00:00:00,87.69,,1.51,2.01,3.21,4.56,68.78,1031.
2021-03-05 00:15:00,92.84,,1.75,2.31,3.57,4.52,68.51,1032.
2021-03-05 00:30:00,105.6,,1.49,2.07,3.30,4.36,68.95,1032.
2021-03-05 00:45:00,90.08,,1.42,1.92,2.96,4.28,69.32,1032.
2021-03-05 01:00:00,89.23,,0.78,1.12,2.35,4.47,66.19,1032.
2021-03-05 01:15:00,102.3,,2.01,2.72,3.49,4.59,65.97,1032.
2021-03-05 01:30:00,99.32,,1.78,2.28,3.49,4.70,66.91,1032.
2021-03-05 01:45:00,103.4,,2.60,3.40,4.65,4.71,67.76,1032.
2021-03-05 02:00:00,105.6,,3.06,4.06,5.25,4.75,68.71,1032.
2021-03-05 02:15:00,85.83,,1.28,1.77,3.02,4.86,67.44,1032.
2021-03-05 02:30:00,73.04,,0.28,0.42,1.52,5.09,63.64,1032.
2021-03-05 02:45:00,97.86,,0.19,0.31,1.18,5.22,59.56,1032.
2021-03-05 03:00:00,114.3,,0.12,0.25,0.93,5.19,58.55,1032.
2021-03-05 03:15:00,113.0,,0.19,0.28,1.27,5.16,59.30,1032.
2021-03-05 03:30:00,112.1,,0.51,0.66,1.38,5.06,62.20,1032.
2021-03-05 03:45:00,109.5,,1.35,2.03,3.16,5.01,65.23,1032.
2021-03-05 04:00:00,111.0,,2.14,2.80,3.99,4.94,67.77,1032.
2021-03-05 04:15:00,106.6,,3.00,3.86,5.05,4.92,68.45,1032.
2021-03-05 04:30:00,103.5,,3.21,4.14,5.51,4.90,69.40,1032.
2021-03-05 04:45:00,92.27,,3.35,4.25,5.29,4.88,70.76,1032.
2021-03-05 05:00:00,97.92,,3.16,3.96,5.16,4.91,70.22,1032.
2021-03-05 05:15:00,102.5,,3.30,4.10,5.54,4.92,69.64,1033.
2021-03-05 05:30:00,96.52,,2.11,2.68,4.22,4.90,69.62,1033.
2021-03-05 05:45:00,82.19,,1.15,1.62,2.30,5.04,67.65,1033.
2021-03-05 06:00:00,89.92,,0.51,0.74,1.37,5.08,65.20,1033.
2021-03-05 06:15:00,103.8,,0.42,0.63,1.59,5.07,63.59,1033.
2021-03-05 06:30:00,104.0,,0.60,0.83,1.65,5.01,64.80,1033.
2021-03-05 06:45:00,80.24,,0.32,0.43,0.80,5.09,64.70,1033.
2021-03-05 07:00:00,85.78,,0.19,0.24,1.12,5.15,63.84,1033.
2021-03-05 07:15:00,70.69,,0.05,0.17,0.99,5.33,62.34,1033.
2021-03-05 07:30:00,69.11,,0.00,0.05,0.47,5.40,61.15,1033.
2021-03-05 07:45:00,94.57,,0.00,0.01,0.22,5.43,56.98,1033.
2021-03-05 08:00:00,94.40,,0.01,0.03,0.43,5.51,57.25,1034.
2021-03-05 08:15:00,82.58,,0.00,0.04,0.55,5.72,57.36,1034.
2021-03-05 08:30:00,77.22,,0.01,0.01,0.37,5.83,57.36,1034.
2021-03-05 08:45:00,92.66,,0.03,0.05,0.66,5.93,56.04,1034.
2021-03-05 09:00:00,62.88,,0.02,0.08,0.75,6.19,58.12,1034.
2021-03-05 09:15:00,58.52,,0.01,0.10,0.47,6.37,56.28,1034.
2021-03-05 09:30:00,54.44,,0.00,0.03,0.42,6.54,54.12,1034.
2021-03-05 09:45:00,89.06,,0.01,0.01,0.57,6.54,50.88,1034.
2021-03-05 10:00:00,44.71,,0.00,0.02,0.63,6.56,51.62,1034.
2021-03-05 10:15:00,42.65,,0.00,0.00,0.23,6.68,51.15,1034.
2021-03-05 10:30:00,11.16,,0.00,0.01,0.18,6.77,52.98,1035.
2021-03-05 10:45:00,28.24,,0.00,0.00,0.35,6.83,52.20,1035.
2021-03-05 11:00:00,60.68,,0.01,0.06,0.26,6.74,49.78,1035.
2021-03-05 11:15:00,69.02,,0.00,0.00,0.19,6.70,50.45,1035.
2021-03-05 11:30:00,36.85,,0.01,0.04,0.46,6.79,51.66,1035.
2021-03-05 11:45:00,33.37,,0.01,0.07,0.52,6.81,51.32,1035.
2021-03-05 12:00:00,37.70,,0.08,0.12,0.76,6.95,51.74,1035.
2021-03-05 12:15:00,60.66,,0.24,0.34,0.91,7.05,50.67,1035.
2021-03-05 12:30:00,60.04,,0.06,0.09,0.39,7.18,49.55,1035.
2021-03-05 12:45:00,51.81,,0.24,0.30,0.55,7.43,49.55,1035.
2021-03-05 13:00:00,28.40,,0.43,0.48,0.98,7.71,50.93,1035.
2021-03-05 13:15:00,28.98,,1.68,1.94,2.51,8.11,48.67,1035.
2021-03-05 13:30:00,25.98,,1.02,1.15,1.65,8.39,47.80,1035.
2021-03-05 13:45:00,0.00,,0.76,0.86,1.20,8.81,51.10,1035.
2021-03-05 14:00:00,0.00,,1.42,1.58,2.19,8.91,44.81,1035.
2021-03-05 14:15:00,15.10,,1.45,1.68,2.01,8.89,44.78,1035.
2021-03-05 14:30:00,52.67,,1.63,1.79,2.40,8.82,43.39,1035.
2021-03-05 14:45:00,0.53,,1.67,1.85,2.52,8.89,47.49,1035.
2021-03-05 15:00:00,53.20,,2.42,2.60,3.23,8.69,44.13,1035.
2021-03-05 15:15:00,45.17,,2.91,3.21,3.63,8.46,44.57,1035.
2021-03-05 15:30:00,25.04,,2.83,3.01,3.64,8.35,45.60,1035.
2021-03-05 15:45:00,79.50,,3.05,3.30,3.76,8.15,43.26,1035.
2021-03-05 16:00:00,102.5,,2.44,2.80,3.30,8.04,43.03,1035.
2021-03-05 16:15:00,81.91,,2.56,2.78,3.08,7.94,44.31,1034.
2021-03-05 16:30:00,88.30,,2.29,2.59,3.20,7.72,44.98,1034.
2021-03-05 16:45:00,28.14,,2.65,2.84,3.67,7.59,48.72,1035.
2021-03-05 17:00:00,58.93,,2.89,3.21,3.85,7.44,46.77,1035.
2021-03-05 17:15:00,79.81,,2.89,3.24,3.81,7.26,47.47,1035.
2021-03-05 17:30:00,26.11,,3.19,3.54,4.33,7.24,52.16,1035.
2021-03-05 17:45:00,57.35,,2.99,3.49,4.33,7.18,48.29,1035.
2021-03-05 18:00:00,74.11,,3.75,4.29,4.80,7.00,48.18,1035.
2021-03-05 18:15:00,80.72,,5.31,5.94,6.56,6.85,48.54,1035.
2021-03-05 18:30:00,88.46,,6.45,7.13,7.77,6.72,48.38,1035.
2021-03-05 18:45:00,83.35,,6.76,7.80,8.38,6.59,49.34,1035.
2021-03-05 19:00:00,72.28,,8.65,10.02,10.67,6.59,49.24,1035.
2021-03-05 19:15:00,54.57,,8.43,10.05,10.96,6.56,51.58,1035.
2021-03-05 19:30:00,5.73,,9.81,11.91,12.79,6.66,55.07,1035.
2021-03-05 19:45:00,62.24,,13.50,16.88,17.96,6.48,49.88,1035.
2021-03-05 20:00:00,63.96,,14.62,18.78,19.60,6.28,51.19,1035.
2021-03-05 20:15:00,61.06,,15.50,20.16,21.67,6.25,51.50,1035.
2021-03-05 20:30:00,51.66,,16.14,21.56,23.10,6.23,52.14,1035.
2021-03-05 20:45:00,28.69,,16.42,22.90,24.47,6.18,53.95,1036.
2021-03-05 21:00:00,29.36,,17.69,25.69,27.33,6.20,53.72,1036.
2021-03-05 21:15:00,67.31,,19.73,30.04,33.03,6.11,51.07,1036.
2021-03-05 21:30:00,80.77,,20.41,30.91,34.81,5.88,51.47,1036.
2021-03-05 21:45:00,77.25,,21.03,32.03,37.07,5.74,52.74,1036.
2021-03-05 22:00:00,61.56,,22.38,34.20,40.41,5.68,53.65,1036.
2021-03-05 22:15:00,51.13,,21.69,33.17,38.28,5.67,54.15,1036.
2021-03-05 22:30:00,71.89,,21.73,33.61,39.10,5.53,52.53,1036.
2021-03-05 22:45:00,87.92,,21.19,32.90,38.24,5.36,51.43,1036.
2021-03-05 23:00:00,98.21,,22.06,34.64,41.16,5.21,53.61,1036.
2021-03-05 23:15:00,92.20,,22.92,36.59,44.25,5.10,54.05,1036.
2021-03-05 23:30:00,94.47,,23.39,37.26,44.96,4.96,55.53,1036.
2021-03-05 23:45:00,92.65,,22.04,34.98,42.19,4.91,55.98,1036.
2021-03-06 00:00:00,80.96,,22.42,35.43,42.33,4.91,57.21,1036.
2021-03-06 00:15:00,68.98,,20.77,32.17,37.37,4.93,57.09,1036.
2021-03-06 00:30:00,80.95,,19.52,30.61,34.13,4.87,56.48,1036.
2021-03-06 00:45:00,89.44,,18.42,28.71,32.00,4.70,57.00,1036.
2021-03-06 01:00:00,71.75,,17.80,28.29,31.09,4.67,57.85,1036.
2021-03-06 01:15:00,88.93,,17.20,27.08,29.99,4.50,57.61,1036.
2021-03-06 01:30:00,95.98,,16.88,27.41,30.07,4.20,59.60,1036.
2021-03-06 01:45:00,89.76,,16.79,27.60,30.10,4.08,60.76,1036.
2021-03-06 02:00:00,83.56,,16.73,28.00,31.01,4.01,61.65,1036.
2021-03-06 02:15:00,85.01,,16.89,28.46,31.29,3.94,61.93,1036.
2021-03-06 02:30:00,78.36,,16.41,27.62,30.61,4.00,61.83,1036.
2021-03-06 02:45:00,80.72,,16.15,27.52,29.80,4.06,62.05,1036.
2021-03-06 03:00:00,78.04,,16.55,27.61,30.81,4.23,61.24,1036.
2021-03-06 03:15:00,70.68,,16.42,28.22,30.64,4.37,60.88,1036.
2021-03-06 03:30:00,67.52,,17.66,28.80,32.33,4.50,59.17,1036.
2021-03-06 03:45:00,62.93,,17.62,29.25,32.21,4.61,59.22,1036.
2021-03-06 04:00:00,65.51,,18.18,29.14,32.23,4.64,59.43,1036.
2021-03-06 04:15:00,62.92,,18.56,30.37,34.42,4.58,60.20,1036.
2021-03-06 04:30:00,59.14,,19.22,31.99,37.07,4.55,63.06,1036.
2021-03-06 04:45:00,63.06,,19.70,32.75,38.58,4.48,63.52,1036.
2021-03-06 05:00:00,74.63,,19.81,32.55,38.60,4.43,61.80,1036.
2021-03-06 05:15:00,78.82,,19.52,31.45,36.55,4.42,60.73,1036.
2021-03-06 05:30:00,77.72,,18.98,30.68,34.50,4.42,60.31,1036.
2021-03-06 05:45:00,87.97,,18.15,28.36,30.46,4.42,59.27,1036.
2021-03-06 06:00:00,92.87,,18.19,27.63,29.80,4.39,58.98,1036.
2021-03-06 06:15:00,95.17,,18.84,29.12,31.88,4.40,58.28,1036.
2021-03-06 06:30:00,90.84,,18.88,29.54,32.97,4.39,58.65,1036.
2021-03-06 06:45:00,78.39,,19.50,30.79,34.75,4.46,58.29,1036.
2021-03-06 07:00:00,83.59,,19.78,31.33,35.48,4.50,57.14,1036.
2021-03-06 07:15:00,84.71,,20.03,31.55,35.39,4.57,57.57,1036.
2021-03-06 07:30:00,77.90,,19.53,31.48,35.84,4.62,57.40,1036.
2021-03-06 07:45:00,70.92,,19.26,30.49,33.60,4.73,56.68,1036.
2021-03-06 08:00:00,69.62,,18.73,29.79,33.20,4.84,56.22,1036.
2021-03-06 08:15:00,66.20,,18.18,28.70,31.33,4.94,55.87,1036.
2021-03-06 08:30:00,60.55,,17.99,27.98,30.75,5.02,55.91,1036.
2021-03-06 08:45:00,58.98,,17.76,28.36,31.17,5.08,56.02,1036.
2021-03-06 09:00:00,53.14,,18.27,28.46,31.62,5.16,56.04,1036.
2021-03-06 09:15:00,47.65,,18.35,29.08,31.91,5.20,57.43,1036.
2021-03-06 09:30:00,40.03,,19.71,31.21,35.40,5.37,57.07,1036.
2021-03-06 09:45:00,46.35,,19.64,31.77,36.48,5.46,54.27,1036.
2021-03-06 10:00:00,44.27,,20.65,33.17,38.59,5.64,53.81,1036.
2021-03-06 10:15:00,37.69,,20.91,33.13,38.32,5.87,53.18,1036.
2021-03-06 10:30:00,51.47,,19.63,31.27,35.75,6.07,49.84,1036.
2021-03-06 10:45:00,75.09,,16.91,26.24,28.75,6.24,46.08,1036.
2021-03-06 11:00:00,83.99,,15.17,23.08,24.73,6.44,42.34,1036.
2021-03-06 11:15:00,62.39,,15.37,22.98,24.68,6.63,42.04,1036.
2021-03-06 11:30:00,46.66,,13.80,19.74,21.29,6.85,44.29,1036.
2021-03-06 11:45:00,34.62,,15.25,22.23,23.89,7.09,42.83,1036.
2021-03-06 12:00:00,52.29,,16.85,23.76,25.54,7.13,40.75,1036.
2021-03-06 12:15:00,53.77,,12.38,16.40,17.49,7.01,41.27,1036.
2021-03-06 12:30:00,0.00,,11.67,14.53,15.70,7.04,49.02,1035.
2021-03-06 12:45:00,44.34,,11.98,14.80,15.84,7.33,41.43,1035.
2021-03-06 13:00:00,31.18,,12.85,16.50,17.64,7.34,42.63,1035.
2021-03-06 13:15:00,33.30,,12.00,15.27,16.43,7.25,42.34,1035.
2021-03-06 13:30:00,65.51,,11.47,14.32,15.29,7.21,40.45,1035.
2021-03-06 13:45:00,63.44,,9.41,11.41,12.60,7.19,40.58,1034.
2021-03-06 14:00:00,67.04,,8.75,10.55,11.33,7.11,41.13,1034.
2021-03-06 14:15:00,55.30,,8.94,10.80,11.97,7.12,41.93,1034.
2021-03-06 14:30:00,67.51,,8.57,10.54,11.22,7.01,41.49,1034.
2021-03-06 14:45:00,63.92,,8.60,10.51,11.34,6.98,42.92,1034.
2021-03-06 15:00:00,59.95,,8.70,10.61,12.03,6.98,43.44,1034.
2021-03-06 15:15:00,64.80,,8.66,10.55,11.34,7.00,42.49,1033.
2021-03-06 15:30:00,59.47,,8.04,9.81,10.53,6.85,43.98,1033.
2021-03-06 15:45:00,66.96,,8.29,9.70,10.66,6.90,43.22,1033.
2021-03-06 16:00:00,73.35,,6.82,8.17,8.80,6.77,42.64,1033.
2021-03-06 16:15:00,69.01,,7.06,8.56,9.32,6.62,43.22,1033.
2021-03-06 16:30:00,76.31,,7.07,8.54,9.08,6.55,43.41,1033.
2021-03-06 16:45:00,79.68,,7.32,8.74,9.61,6.44,43.91,1033.
2021-03-06 17:00:00,68.13,,7.23,8.83,9.72,6.31,45.59,1033.
2021-03-06 17:15:00,70.15,,8.16,9.93,10.81,6.20,47.09,1033.
2021-03-06 17:30:00,57.97,,11.25,14.01,15.00,6.03,50.03,1033.
2021-03-06 17:45:00,54.86,,13.73,18.14,19.51,5.86,51.00,1033.
2021-03-06 18:00:00,50.81,,15.84,21.22,22.68,5.70,52.41,1033.
2021-03-06 18:15:00,46.04,,16.68,22.68,24.02,5.53,53.94,1033.
2021-03-06 18:30:00,50.07,,16.46,23.20,24.91,5.38,54.04,1033.
2021-03-06 18:45:00,56.52,,18.01,26.13,28.08,5.20,54.56,1033.
2021-03-06 19:00:00,55.39,,18.53,27.37,29.46,5.03,55.42,1033.
2021-03-06 19:15:00,54.01,,19.68,29.17,31.85,4.89,56.26,1033.
2021-03-06 19:30:00,53.46,,20.44,30.64,34.51,4.79,56.62,1032.
2021-03-06 19:45:00,54.17,,21.14,32.51,37.27,4.68,57.00,1032.
2021-03-06 20:00:00,53.99,,23.45,35.73,42.68,4.56,57.32,1032.
2021-03-06 20:15:00,52.94,,22.11,33.90,40.05,4.41,58.06,1032.
2021-03-06 20:30:00,54.40,,21.84,33.82,40.08,4.31,58.68,1032.
2021-03-06 20:45:00,57.42,,21.65,33.44,39.05,4.27,58.58,1032.
2021-03-06 21:00:00,59.87,,21.90,34.19,39.98,4.20,58.67,1032.
2021-03-06 21:15:00,64.61,,21.89,34.03,39.89,4.15,59.09,1032.
2021-03-06 21:30:00,63.93,,22.01,33.86,39.76,4.22,59.12,1032.
2021-03-06 21:45:00,55.11,,22.59,35.25,42.04,4.32,58.84,1032.
2021-03-06 22:00:00,38.37,,23.53,37.01,44.22,4.38,58.76,1032.
2021-03-06 22:15:00,57.83,,22.38,35.11,41.89,4.39,57.55,1032.
2021-03-06 22:30:00,68.79,,21.99,35.09,41.76,4.36,57.18,1032.
2021-03-06 22:45:00,81.26,,22.96,36.57,44.05,4.13,57.66,1032.
2021-03-06 23:00:00,80.01,,22.68,36.59,44.16,3.98,57.92,1032.
2021-03-06 23:15:00,76.22,,24.18,38.75,47.13,3.65,59.69,1032.
2021-03-06 23:30:00,77.28,,23.98,38.57,46.92,3.40,61.02,1031.
2021-03-06 23:45:00,75.93,,24.76,39.63,48.11,3.24,61.86,1031.
2021-03-07 00:00:00,77.38,,24.43,39.98,48.43,3.07,62.71,1031.
2021-03-07 00:15:00,75.68,,24.22,39.22,47.83,2.89,64.04,1031.
2021-03-07 00:30:00,64.86,,27.52,44.10,54.78,2.98,64.31,1031.
2021-03-07 00:45:00,57.43,,29.17,46.47,58.16,3.03,64.17,1031.
2021-03-07 01:00:00,45.13,,29.42,45.87,57.40,3.10,65.44,1031.
2021-03-07 01:15:00,32.46,,30.79,47.61,59.66,3.18,68.00,1031.
2021-03-07 01:30:00,39.20,,30.31,47.07,58.97,3.30,68.15,1031.
2021-03-07 01:45:00,48.19,,29.31,45.61,57.07,3.40,67.32,1030.
2021-03-07 02:00:00,57.09,,27.08,42.13,51.89,3.46,65.98,1030.
2021-03-07 02:15:00,68.44,,25.98,40.96,49.90,3.48,64.13,1030.
2021-03-07 02:30:00,61.77,,26.00,40.77,50.21,3.52,65.19,1030.
2021-03-07 02:45:00,64.69,,25.57,39.88,48.88,3.54,65.87,1030.
2021-03-07 03:00:00,67.47,,25.26,39.95,48.94,3.57,66.13,1030.
2021-03-07 03:15:00,73.04,,24.02,38.36,46.50,3.63,63.38,1030.
2021-03-07 03:30:00,78.67,,24.44,37.81,45.72,3.64,62.33,1029.
2021-03-07 03:45:00,79.03,,24.90,38.59,46.79,3.66,62.22,1029.
2021-03-07 04:00:00,79.13,,23.95,37.16,44.91,3.65,63.06,1029.
2021-03-07 04:15:00,83.73,,22.91,35.94,42.88,3.63,62.88,1029.
2021-03-07 04:30:00,83.27,,22.67,35.77,42.97,3.65,62.88,1029.
2021-03-07 04:45:00,81.89,,22.37,34.80,41.34,3.71,61.19,1029.
2021-03-07 05:00:00,74.68,,23.19,36.50,44.11,3.73,61.87,1029.
2021-03-07 05:15:00,73.05,,22.29,34.46,40.90,3.77,61.38,1029.
2021-03-07 05:30:00,74.34,,21.20,32.86,37.92,3.81,61.75,1029.
2021-03-07 05:45:00,75.21,,20.32,31.46,35.63,3.84,62.36,1029.
2021-03-07 06:00:00,76.80,,20.38,31.46,36.31,3.83,63.25,1029.
2021-03-07 06:15:00,74.86,,20.33,31.37,36.00,3.83,64.71,1029.
2021-03-07 06:30:00,72.26,,20.04,30.88,34.87,3.87,65.17,1029.
2021-03-07 06:45:00,68.46,,20.06,30.37,33.84,3.87,63.79,1029.
2021-03-07 07:00:00,71.90,,20.49,30.78,34.53,3.84,64.26,1029.
2021-03-07 07:15:00,82.57,,19.20,29.49,32.81,3.86,63.88,1028.
2021-03-07 07:30:00,77.10,,20.17,30.87,34.09,3.92,65.23,1029.
2021-03-07 07:45:00,73.65,,20.02,30.81,34.79,3.99,65.35,1029.
2021-03-07 08:00:00,80.55,,19.38,29.68,32.59,4.08,65.02,1029.
2021-03-07 08:15:00,80.17,,19.00,29.68,32.57,4.21,65.31,1029.
2021-03-07 08:30:00,67.14,,18.06,27.47,30.25,4.38,65.35,1029.
2021-03-07 08:45:00,64.75,,18.33,27.67,30.01,4.53,66.29,1029.
2021-03-07 09:00:00,64.38,,17.13,25.76,27.81,4.71,66.37,1029.
2021-03-07 09:15:00,64.10,,16.61,25.41,27.94,5.03,65.38,1029.
2021-03-07 09:30:00,50.88,,15.76,23.16,24.99,5.37,65.40,1028.
2021-03-07 09:45:00,56.42,,16.09,24.21,26.34,5.70,63.45,1028.
2021-03-07 10:00:00,10.27,,14.48,21.39,23.42,6.27,63.98,1028.
2021-03-07 10:15:00,4.05,,13.71,20.65,22.43,7.52,60.47,1028.
2021-03-07 10:30:00,0.00,,12.55,17.94,19.85,8.94,54.90,1028.
2021-03-07 10:45:00,2.59,,14.18,20.47,22.44,9.98,50.34,1028.
2021-03-07 11:00:00,0.00,,12.67,17.73,19.21,10.13,51.48,1028.
2021-03-07 11:15:00,0.00,,13.11,18.00,19.40,10.25,51.82,1028.
2021-03-07 11:30:00,0.00,,12.82,17.81,19.69,10.24,51.77,1028.
2021-03-07 11:45:00,0.00,,13.42,19.11,21.19,9.99,52.01,1028.
2021-03-07 12:00:00,18.74,,15.03,21.37,23.10,9.64,53.01,1028.
2021-03-07 12:15:00,20.59,,14.46,20.02,22.07,9.46,54.26,1028.
2021-03-07 12:30:00,33.18,,14.98,21.14,22.71,9.32,54.48,1028.
2021-03-07 12:45:00,26.27,,15.08,21.59,23.17,9.24,55.39,1028.
2021-03-07 13:00:00,30.03,,15.59,22.02,23.92,9.06,55.58,1027.
2021-03-07 13:15:00,11.50,,14.91,20.66,22.41,9.02,57.60,1027.
2021-03-07 13:30:00,13.54,,15.55,21.57,23.69,9.01,58.03,1027.
2021-03-07 13:45:00,32.56,,16.45,23.45,25.55,8.74,59.96,1027.
2021-03-07 14:00:00,51.61,,16.99,23.85,26.49,8.49,61.60,1027.
2021-03-07 14:15:00,44.52,,17.12,24.10,26.11,8.37,61.61,1027.
2021-03-07 14:30:00,40.15,,17.64,24.50,26.31,8.22,62.75,1026.
2021-03-07 14:45:00,45.25,,17.15,23.92,26.13,8.09,63.36,1026.
2021-03-07 15:00:00,49.21,,16.29,22.92,24.78,7.95,63.11,1026.
2021-03-07 15:15:00,59.44,,16.25,22.35,24.80,7.71,63.16,1026.
2021-03-07 15:30:00,54.63,,16.58,22.97,25.25,7.57,64.01,1026.
2021-03-07 15:45:00,49.66,,15.97,22.27,24.47,7.49,64.36,1026.
2021-03-07 16:00:00,58.32,,16.16,21.77,23.40,7.30,64.86,1026.
2021-03-07 16:15:00,51.83,,15.49,20.84,22.42,7.15,66.69,1026.
2021-03-07 16:30:00,48.25,,16.24,22.82,24.41,7.07,67.63,1026.
2021-03-07 16:45:00,49.41,,15.78,21.52,23.79,6.94,68.37,1026.
2021-03-07 17:00:00,61.32,,16.19,22.43,24.15,6.86,68.85,1026.
2021-03-07 17:15:00,56.26,,15.26,20.88,22.67,6.74,70.12,1026.
2021-03-07 17:30:00,60.71,,15.55,21.16,22.67,6.69,69.91,1026.
2021-03-07 17:45:00,66.59,,15.67,21.02,23.20,6.55,69.72,1026.
2021-03-07 18:00:00,63.99,,15.31,20.94,22.53,6.43,70.04,1026.
2021-03-07 18:15:00,72.55,,15.06,20.55,22.83,6.25,70.99,1026.
2021-03-07 18:30:00,65.27,,14.58,19.98,21.63,6.17,72.49,1026.
2021-03-07 18:45:00,75.44,,14.88,20.19,22.00,6.08,73.41,1026.
2021-03-07 19:00:00,71.30,,14.56,18.88,20.77,5.93,74.62,1026.
2021-03-07 19:15:00,81.03,,14.66,19.59,21.31,5.78,75.64,1026.
2021-03-07 19:30:00,82.45,,14.61,19.13,20.53,5.62,76.75,1026.
2021-03-07 19:45:00,86.04,,14.97,20.23,22.73,5.39,78.04,1026.
2021-03-07 20:00:00,87.10,,14.67,18.85,20.73,5.16,79.97,1026.
2021-03-07 20:15:00,77.95,,13.93,17.92,19.93,5.01,81.52,1026.
2021-03-07 20:30:00,84.17,,12.98,16.77,18.88,4.92,82.32,1026.
2021-03-07 20:45:00,90.36,,12.61,16.31,18.54,4.79,82.56,1026.
2021-03-07 21:00:00,91.27,,12.99,16.47,18.55,4.70,82.79,1026.
2021-03-07 21:15:00,89.18,,11.75,14.95,16.84,4.60,83.26,1026.
2021-03-07 21:30:00,86.18,,12.36,16.01,17.65,4.56,83.75,1026.
2021-03-07 21:45:00,88.18,,13.40,17.36,19.58,4.48,84.20,1026.
2021-03-07 22:00:00,77.47,,14.24,18.00,19.75,4.50,84.48,1026.
2021-03-07 22:15:00,67.17,,14.53,18.86,20.91,4.49,84.44,1026.
2021-03-07 22:30:00,71.60,,15.55,20.58,22.61,4.46,84.41,1026.
2021-03-07 22:45:00,78.63,,16.79,22.93,25.28,4.45,84.83,1026.
2021-03-07 23:00:00,69.95,,17.84,24.09,25.97,4.44,85.50,1026.
2021-03-07 23:15:00,85.69,,18.43,25.44,27.52,4.38,85.00,1026.
2021-03-07 23:30:00,78.72,,19.83,28.15,30.37,4.33,83.71,1025.
2021-03-07 23:45:00,79.65,,19.87,28.20,30.71,4.29,82.55,1025.
2021-03-08 00:00:00,68.86,,20.21,29.10,32.18,4.23,82.52,1025.
2021-03-08 00:15:00,76.48,,21.11,30.62,34.46,4.15,82.45,1025.
2021-03-08 00:30:00,71.83,,21.79,31.38,35.92,4.03,83.52,1025.
2021-03-08 00:45:00,66.80,,21.77,31.89,36.87,3.96,83.42,1025.
2021-03-08 01:00:00,64.51,,21.82,31.75,36.14,3.90,82.96,1025.
2021-03-08 01:15:00,69.41,,22.22,32.43,37.63,3.79,84.38,1025.
2021-03-08 01:30:00,69.44,,22.49,33.42,39.74,3.76,85.00,1025.
2021-03-08 01:45:00,63.09,,23.41,34.36,40.71,3.77,84.57,1025.
2021-03-08 02:00:00,47.98,,23.29,34.56,41.60,3.83,84.06,1025.
2021-03-08 02:15:00,44.95,,25.47,37.93,45.79,3.94,83.56,1025.
2021-03-08 02:30:00,35.87,,26.81,39.81,48.55,4.07,83.50,1024.
2021-03-08 02:45:00,41.26,,26.09,38.98,47.63,4.10,82.72,1024.
2021-03-08 03:00:00,40.23,,25.61,37.82,45.89,4.12,82.51,1024.
2021-03-08 03:15:00,30.81,,25.58,37.85,46.14,4.17,81.33,1024.
2021-03-08 03:30:00,25.74,,25.06,37.52,45.58,4.21,81.92,1024.
2021-03-08 03:45:00,27.65,,25.53,38.04,46.21,4.28,81.03,1024.
2021-03-08 04:00:00,30.32,,24.96,37.47,45.68,4.26,81.18,1024.
2021-03-08 04:15:00,34.26,,24.81,36.86,44.89,4.17,81.45,1024.
2021-03-08 04:30:00,41.86,,23.40,34.86,41.36,4.08,80.97,1024.
2021-03-08 04:45:00,49.87,,22.65,33.45,38.45,4.02,80.58,1024.
2021-03-08 05:00:00,59.96,,19.82,28.40,31.16,4.06,78.07,1024.
2021-03-08 05:15:00,63.31,,18.70,27.00,29.32,4.09,76.45,1024.
2021-03-08 05:30:00,60.70,,19.24,27.22,29.80,4.01,77.11,1024.
2021-03-08 05:45:00,59.08,,19.17,27.72,30.43,3.97,77.47,1024.
2021-03-08 06:00:00,55.39,,17.78,25.48,28.03,4.04,76.54,1024.
2021-03-08 06:15:00,57.70,,17.90,25.24,27.37,4.14,76.06,1024.
2021-03-08 06:30:00,53.52,,19.25,27.54,29.55,4.28,76.05,1024.
2021-03-08 06:45:00,45.84,,20.02,28.98,32.35,4.37,76.31,1024.
2021-03-08 07:00:00,34.51,,21.01,30.80,34.26,4.45,78.07,1024.
2021-03-08 07:15:00,32.24,,20.38,29.57,32.98,4.50,78.08,1024.
2021-03-08 07:30:00,37.60,,19.01,27.01,29.44,4.57,76.55,1024.
2021-03-08 07:45:00,44.63,,18.47,25.92,27.94,4.63,76.82,1024.
2021-03-08 08:00:00,50.20,,20.36,28.83,31.92,4.37,75.60,1024.
2021-03-08 08:15:00,48.64,,20.51,29.21,32.06,4.00,77.38,1024.
2021-03-08 08:30:00,57.53,,21.24,30.31,33.76,3.60,81.56,1024.
2021-03-08 08:45:00,67.83,,21.64,30.98,34.61,3.32,84.61,1024.
2021-03-08 09:00:00,42.07,,20.08,27.99,30.74,3.83,82.93,1024.
2021-03-08 09:15:00,36.72,,21.35,30.45,33.89,4.42,80.64,1024.
2021-03-08 09:30:00,53.50,,22.44,32.18,36.54,3.86,84.72,1023.
2021-03-08 09:45:00,52.64,,21.76,31.14,34.98,4.03,85.21,1023.
2021-03-08 10:00:00,49.09,,22.74,32.91,38.41,4.29,84.47,1023.
2021-03-08 10:15:00,36.11,,22.70,32.34,37.08,4.67,84.13,1023.
2021-03-08 10:30:00,18.60,,19.97,28.29,31.48,5.83,78.20,1023.
2021-03-08 10:45:00,12.50,,18.52,25.41,27.78,6.63,74.57,1023.
2021-03-08 11:00:00,15.32,,18.91,25.78,27.66,7.24,72.85,1023.
2021-03-08 11:15:00,14.13,,16.94,22.78,24.61,7.91,69.33,1023.
2021-03-08 11:30:00,11.03,,15.63,19.99,21.21,8.87,64.51,1023.
2021-03-08 11:45:00,43.62,,9.58,12.09,13.37,8.84,59.37,1023.
2021-03-08 12:00:00,73.81,,8.74,10.94,12.44,8.27,58.88,1023.
2021-03-08 12:15:00,82.67,,9.61,11.76,13.11,7.65,63.18,1023.
2021-03-08 12:30:00,89.14,,9.31,11.93,13.05,7.51,64.23,1023.
2021-03-08 12:45:00,101.8,,8.19,10.39,11.80,7.04,66.32,1023.
2021-03-08 13:00:00,141.4,,4.55,5.58,6.60,6.59,64.80,1023.
2021-03-08 13:15:00,153.7,,3.70,4.54,5.67,6.33,64.66,1023.
2021-03-08 13:30:00,130.3,,3.29,3.98,4.98,7.06,62.27,1023.
2021-03-08 13:45:00,116.3,,2.69,3.28,4.28,7.64,60.65,1023.
2021-03-08 14:00:00,100.0,,2.73,3.37,4.44,8.18,57.46,1022.
2021-03-08 14:15:00,93.71,,3.28,3.96,4.79,8.63,54.78,1022.
2021-03-08 14:30:00,111.9,,4.05,5.07,6.10,8.31,56.69,1022.
2021-03-08 14:45:00,94.93,,3.38,4.03,4.96,8.31,54.21,1022.
2021-03-08 15:00:00,75.34,,2.53,3.04,3.95,8.13,53.58,1022.
2021-03-08 15:15:00,34.71,,2.34,2.82,3.51,8.44,52.77,1022.
2021-03-08 15:30:00,116.5,,3.49,4.26,5.49,7.83,56.24,1022.
2021-03-08 15:45:00,112.8,,2.37,2.94,4.04,7.55,57.85,1022.
2021-03-08 16:00:00,103.6,,2.85,3.45,4.79,7.57,60.88,1021.
2021-03-08 16:15:00,65.01,,2.23,2.69,3.64,8.10,61.62,1021.
2021-03-08 16:30:00,38.33,,2.84,3.21,4.12,8.72,62.14,1021.
2021-03-08 16:45:00,40.84,,3.05,3.70,4.83,8.74,63.76,1021.
2021-03-08 17:00:00,35.38,,3.67,4.49,5.53,8.66,64.74,1021.
2021-03-08 17:15:00,35.42,,4.63,5.61,6.45,8.52,63.87,1021.
2021-03-08 17:30:00,41.50,,4.75,5.84,7.08,8.38,64.80,1021.
2021-03-08 17:45:00,37.68,,5.07,6.10,7.42,8.20,66.99,1021.
2021-03-08 18:00:00,44.84,,4.02,4.77,5.65,7.94,66.74,1021.
2021-03-08 18:15:00,46.81,,4.42,5.52,6.49,7.67,67.79,1021.
2021-03-08 18:30:00,41.23,,5.85,7.38,9.00,7.43,68.72,1021.
2021-03-08 18:45:00,49.23,,7.88,9.73,11.15,7.29,68.01,1021.
2021-03-08 19:00:00,50.75,,7.38,8.69,9.79,7.06,68.76,1022.
2021-03-08 19:15:00,54.13,,7.46,8.92,10.01,6.79,70.24,1022.
2021-03-08 19:30:00,50.76,,8.96,11.56,13.55,6.57,71.11,1022.
2021-03-08 19:45:00,56.25,,8.22,10.10,11.60,6.39,71.83,1022.
2021-03-08 20:00:00,58.92,,7.20,8.92,10.48,6.25,71.88,1022.
2021-03-08 20:15:00,58.71,,7.16,8.83,10.34,6.09,71.80,1022.
2021-03-08 20:30:00,51.98,,7.64,9.21,10.83,5.96,72.81,1021.
2021-03-08 20:45:00,53.86,,7.48,9.06,10.18,5.83,72.78,1021.
2021-03-08 21:00:00,56.13,,7.40,9.13,10.32,5.70,73.54,1021.
2021-03-08 21:15:00,61.83,,7.22,8.69,9.89,5.60,73.89,1021.
2021-03-08 21:30:00,65.21,,7.19,8.90,9.97,5.46,74.42,1021.
2021-03-08 21:45:00,57.62,,8.14,10.18,11.84,5.34,75.43,1021.
2021-03-08 22:00:00,44.04,,8.78,10.65,12.00,5.21,75.32,1021.
2021-03-08 22:15:00,61.88,,9.83,11.77,13.34,5.14,76.15,1021.
2021-03-08 22:30:00,59.60,,8.56,10.29,11.58,5.08,76.86,1021.
2021-03-08 22:45:00,61.41,,8.74,10.39,11.61,5.15,76.95,1021.
2021-03-08 23:00:00,62.00,,8.14,9.80,10.89,5.24,77.59,1021.
2021-03-08 23:15:00,60.35,,7.92,9.56,10.83,5.24,78.02,1021.
2021-03-08 23:30:00,66.25,,6.97,8.39,9.29,5.16,79.35,1021.
2021-03-08 23:45:00,67.61,,6.77,8.40,9.64,5.09,79.38,1021.
2021-03-09 00:00:00,58.62,,5.66,6.71,7.97,5.04,79.45,1021.
2021-03-09 00:15:00,64.19,,7.65,9.94,11.60,5.02,79.04,1021.
2021-03-09 00:30:00,77.18,,7.18,8.61,10.03,5.00,78.92,1020.
2021-03-09 00:45:00,75.17,,5.90,7.29,8.21,5.00,79.62,1020.
2021-03-09 01:00:00,77.14,,4.79,5.93,7.00,5.03,78.97,1020.
2021-03-09 01:15:00,76.44,,3.69,4.47,5.28,4.97,79.28,1020.
2021-03-09 01:30:00,77.38,,3.39,4.08,5.00,4.87,80.41,1020.
2021-03-09 01:45:00,79.69,,3.63,4.32,5.02,4.76,80.94,1020.
2021-03-09 02:00:00,80.12,,3.56,4.31,5.32,4.78,81.25,1020.
2021-03-09 02:15:00,62.04,,5.59,6.81,8.11,4.90,80.87,1020.
2021-03-09 02:30:00,62.77,,5.49,6.85,7.89,4.85,81.61,1020.
2021-03-09 02:45:00,61.05,,5.68,6.76,7.76,4.95,81.10,1020.
2021-03-09 03:00:00,54.26,,5.86,7.17,8.11,5.08,80.06,1020.
2021-03-09 03:15:00,45.78,,6.15,7.42,8.42,5.12,80.62,1020.
2021-03-09 03:30:00,35.44,,6.34,7.89,9.30,5.21,80.06,1020.
2021-03-09 03:45:00,39.62,,5.96,7.20,8.67,5.29,79.67,1019.
2021-03-09 04:00:00,37.96,,5.89,7.02,8.45,5.34,79.61,1019.
2021-03-09 04:15:00,35.99,,5.49,6.80,7.98,5.42,79.74,1019.
2021-03-09 04:30:00,35.87,,5.09,6.24,7.66,5.65,79.22,1019.
2021-03-09 04:45:00,19.89,,6.21,7.61,8.78,5.90,77.07,1019.
2021-03-09 05:00:00,14.46,,5.72,6.97,8.01,6.18,75.71,1019.
2021-03-09 05:15:00,14.09,,5.72,6.83,7.84,6.42,74.56,1019.
2021-03-09 05:30:00,12.34,,5.67,6.81,8.16,6.63,73.46,1019.
2021-03-09 05:45:00,7.09,,5.77,6.83,7.94,6.91,72.02,1019.
2021-03-09 06:00:00,6.64,,6.13,7.26,8.54,7.01,71.42,1019.
2021-03-09 06:15:00,0.00,,7.00,8.30,9.51,7.13,70.95,1019.
2021-03-09 06:30:00,0.00,,8.33,9.92,11.11,7.36,70.42,1019.
2021-03-09 06:45:00,0.00,,10.01,12.18,13.48,7.44,69.45,1019.
2021-03-09 07:00:00,0.00,,10.67,13.20,14.67,7.44,68.91,1019.
2021-03-09 07:15:00,0.00,,11.71,14.43,15.69,7.49,68.36,1019.
2021-03-09 07:30:00,0.00,,11.67,14.50,16.31,7.57,68.23,1019.
2021-03-09 07:45:00,1.67,,12.34,15.52,17.48,7.05,71.38,1019.
2021-03-09 08:00:00,23.70,,13.09,16.06,17.45,5.02,85.61,1019.
2021-03-09 08:15:00,38.56,,14.05,17.62,19.11,4.52,90.72,1019.
2021-03-09 08:30:00,42.64,,12.14,15.17,16.84,4.28,94.89,1019.
2021-03-09 08:45:00,41.18,,11.40,13.87,15.41,4.42,96.54,1019.
2021-03-09 09:00:00,13.41,,10.31,12.37,13.78,4.86,95.18,1019.
2021-03-09 09:15:00,12.26,,11.00,13.46,14.70,5.18,94.31,1019.
2021-03-09 09:30:00,14.21,,9.60,11.39,12.65,5.61,93.58,1019.
2021-03-09 09:45:00,19.05,,2.83,3.36,4.12,7.20,85.96,1018.
2021-03-09 10:00:00,25.91,,2.17,2.60,3.34,8.21,79.86,1018.
2021-03-09 10:15:00,29.77,,2.74,3.19,4.21,8.29,79.26,1018.
2021-03-09 10:30:00,75.61,,0.93,1.15,1.60,8.70,74.93,1018.
2021-03-09 10:45:00,56.60,,0.39,0.48,1.09,9.35,71.40,1018.
2021-03-09 11:00:00,34.80,,0.81,0.96,1.84,9.64,70.17,1018.
2021-03-09 11:15:00,29.32,,0.84,0.97,1.80,9.56,71.11,1018.
2021-03-09 11:30:00,32.32,,0.87,1.12,2.02,9.43,71.64,1018.
2021-03-09 11:45:00,69.18,,1.19,1.39,2.18,9.09,71.72,1018.
2021-03-09 12:00:00,106.3,,1.41,1.67,2.36,8.28,75.35,1018.
2021-03-09 12:15:00,96.66,,1.64,1.97,2.81,8.45,75.56,1018.
2021-03-09 12:30:00,113.0,,1.57,1.90,2.83,8.10,76.90,1017.
2021-03-09 12:45:00,106.1,,1.68,1.96,2.83,7.97,77.68,1017.
2021-03-09 13:00:00,70.33,,1.57,1.97,2.76,8.63,75.49,1017.
2021-03-09 13:15:00,42.56,,1.99,2.42,3.29,9.07,74.14,1017.
2021-03-09 13:30:00,41.21,,2.49,2.98,3.96,9.01,75.35,1017.
2021-03-09 13:45:00,61.06,,2.28,2.68,3.83,8.52,77.75,1017.
2021-03-09 14:00:00,123.1,,3.50,4.10,5.37,7.31,83.35,1017.
2021-03-09 14:15:00,134.9,,3.49,4.15,5.19,6.79,86.50,1016.
2021-03-09 14:30:00,122.9,,3.38,4.09,5.13,6.95,84.82,1016.
2021-03-09 14:45:00,48.67,,2.41,2.96,4.02,6.89,85.47,1016.
2021-03-09 15:00:00,38.30,,1.70,2.06,2.96,7.12,83.54,1016.
2021-03-09 15:15:00,95.98,,1.78,2.11,2.84,6.88,83.10,1016.
2021-03-09 15:30:00,146.0,,2.22,2.54,3.49,6.21,87.30,1015.
2021-03-09 15:45:00,128.8,,2.05,2.41,3.11,6.28,87.01,1015.
2021-03-09 16:00:00,108.5,,2.42,2.86,3.82,6.46,86.38,1015.
2021-03-09 16:15:00,58.33,,2.30,2.74,3.54,7.68,79.25,1015.
2021-03-09 16:30:00,45.16,,2.31,2.76,3.17,8.60,72.60,1014.
2021-03-09 16:45:00,43.51,,2.88,3.49,4.58,8.86,69.70,1014.
2021-03-09 17:00:00,51.54,,2.11,2.47,3.16,8.69,66.02,1014.
2021-03-09 17:15:00,56.50,,2.53,2.84,3.87,8.57,62.31,1014.
2021-03-09 17:30:00,49.44,,1.96,2.22,3.00,8.58,62.29,1013.
2021-03-09 17:45:00,53.95,,2.67,3.12,4.04,8.53,62.73,1013.
2021-03-09 18:00:00,49.05,,4.49,5.52,6.66,8.44,63.70,1013.
2021-03-09 18:15:00,42.49,,5.04,6.36,7.54,8.33,63.69,1013.
2021-03-09 18:30:00,50.30,,6.51,8.32,9.20,8.12,63.16,1013.
2021-03-09 18:45:00,55.41,,5.88,7.08,7.98,7.89,63.96,1013.
2021-03-09 19:00:00,51.74,,6.99,8.49,9.85,7.89,64.71,1013.
2021-03-09 19:15:00,49.85,,7.66,9.34,10.62,7.80,65.91,1013.
2021-03-09 19:30:00,48.48,,7.91,9.76,11.32,7.70,66.91,1013.
2021-03-09 19:45:00,47.18,,8.50,10.46,11.87,7.62,67.34,1013.
2021-03-09 20:00:00,46.41,,6.73,8.12,9.41,7.60,66.21,1012.
2021-03-09 20:15:00,49.54,,7.44,9.33,10.89,7.63,65.43,1012.
2021-03-09 20:30:00,55.20,,9.80,12.09,13.68,7.60,65.58,1012.
2021-03-09 20:45:00,61.13,,10.39,13.13,14.67,7.47,65.26,1012.
2021-03-09 21:00:00,64.82,,10.20,12.73,14.46,7.33,65.84,1011.
2021-03-09 21:15:00,69.70,,12.96,16.81,18.35,7.23,66.04,1011.
2021-03-09 21:30:00,65.67,,13.66,18.17,19.99,7.06,67.58,1011.
2021-03-09 21:45:00,65.24,,15.17,20.86,22.56,6.99,69.23,1011.
2021-03-09 22:00:00,57.73,,16.95,23.65,25.78,6.88,71.61,1010.
2021-03-09 22:15:00,60.69,,18.06,25.50,28.07,6.84,73.05,1010.
2021-03-09 22:30:00,58.09,,17.87,25.03,26.97,6.68,73.62,1010.
2021-03-09 22:45:00,57.42,,17.42,24.45,26.70,6.65,73.38,1010.
2021-03-09 23:00:00,55.88,,17.63,24.59,26.37,6.73,74.57,1009.
2021-03-09 23:15:00,64.43,,18.38,25.43,27.98,6.49,77.92,1009.
2021-03-09 23:30:00,67.53,,17.69,24.79,27.11,6.28,79.02,1009.
2021-03-09 23:45:00,77.52,,16.18,21.87,24.01,6.14,79.36,1008.
2021-03-10 00:00:00,74.50,,14.90,20.07,21.90,6.08,80.75,1008.
2021-03-10 00:15:00,81.02,,13.93,18.17,20.04,5.90,81.98,1008.
2021-03-10 00:30:00,77.00,,13.50,18.07,20.24,5.81,84.09,1007.
2021-03-10 00:45:00,98.82,,13.08,17.18,19.21,5.52,88.06,1007.
2021-03-10 01:00:00,104.8,,11.44,14.91,16.65,5.28,91.04,1007.
2021-03-10 01:15:00,106.0,,10.17,13.10,14.90,5.18,93.28,1006.
2021-03-10 01:30:00,114.5,,8.75,10.75,12.31,4.96,96.23,1006.
2021-03-10 01:45:00,99.88,,7.55,9.38,10.69,4.88,98.76,1006.
2021-03-10 02:00:00,93.30,,7.04,8.73,9.94,4.98,98.87,1006.
2021-03-10 02:15:00,108.4,,8.33,10.20,11.16,4.87,100.0,1005.
2021-03-10 02:30:00,91.45,,8.72,10.34,11.23,4.79,100.0,1005.
2021-03-10 02:45:00,98.69,,7.58,9.07,10.21,4.73,100.0,1004.
2021-03-10 03:00:00,95.49,,6.28,7.76,8.44,4.67,100.0,1004.
2021-03-10 03:15:00,91.37,,6.58,8.19,9.42,4.81,100.0,1004.
2021-03-10 03:30:00,89.76,,8.46,10.69,11.81,4.81,100.0,1004.
2021-03-10 03:45:00,90.41,,7.73,9.43,10.69,4.79,100.0,1004.
2021-03-10 04:00:00,88.80,,6.36,7.67,8.64,4.75,100.0,1003.
2021-03-10 04:15:00,89.06,,6.08,7.33,8.09,4.78,100.0,1003.
2021-03-10 04:30:00,87.22,,5.51,6.72,7.40,4.82,100.0,1003.
2021-03-10 04:45:00,86.87,,4.42,5.23,5.97,4.96,100.0,1003.
2021-03-10 05:00:00,71.83,,2.59,3.08,3.75,5.21,100.0,1003.
2021-03-10 05:15:00,65.85,,2.10,2.41,2.72,5.54,100.0,1002.
2021-03-10 05:30:00,66.44,,1.09,1.30,1.69,5.68,100.0,1002.
2021-03-10 05:45:00,56.89,,0.74,0.93,1.23,5.92,100.0,1002.
2021-03-10 06:00:00,55.75,,0.57,0.69,0.97,6.13,100.0,1002.
2021-03-10 06:15:00,59.32,,0.56,0.66,1.02,6.19,100.0,1002.
2021-03-10 06:30:00,61.85,,0.73,0.80,1.01,6.20,100.0,1002.
2021-03-10 06:45:00,57.33,,1.36,1.55,1.90,6.26,100.0,1002.
2021-03-10 07:00:00,53.85,,1.63,1.81,2.04,6.37,99.67,1002.
2021-03-10 07:15:00,58.86,,1.63,1.88,2.35,6.36,100.0,1002.
2021-03-10 07:30:00,61.25,,1.26,1.41,1.86,6.33,100.0,1002.
2021-03-10 07:45:00,74.96,,1.24,1.47,2.07,5.95,100.0,1001.
2021-03-10 08:00:00,130.9,,1.54,1.87,2.24,3.88,100.0,1001.
2021-03-10 08:15:00,124.4,,1.64,1.82,2.15,3.52,100.0,1001.
2021-03-10 08:30:00,103.4,,1.44,1.64,2.11,3.55,100.0,1001.
2021-03-10 08:45:00,61.79,,1.76,1.97,2.43,3.88,100.0,1001.
2021-03-10 09:00:00,65.95,,1.33,1.58,1.91,3.83,100.0,1001.
2021-03-10 09:15:00,60.43,,1.26,1.45,1.84,3.68,100.0,1001.
2021-03-10 09:30:00,13.91,,0.90,1.09,1.57,4.03,100.0,1000.
2021-03-10 09:45:00,22.52,,0.66,0.79,1.16,4.75,100.0,1000.
2021-03-10 10:00:00,22.18,,0.53,0.67,1.03,5.22,100.0,1000.
2021-03-10 10:15:00,20.47,,1.40,1.54,2.10,5.50,100.0,999.6
2021-03-10 10:30:00,17.57,,0.66,0.74,1.16,5.48,100.0,999.1
2021-03-10 10:45:00,21.25,,0.70,0.74,1.09,5.62,100.0,998.9
2021-03-10 11:00:00,23.77,,0.81,0.90,1.26,5.83,100.0,998.6
2021-03-10 11:15:00,33.36,,0.46,0.55,0.65,5.75,100.0,998.2
2021-03-10 11:30:00,31.90,,0.30,0.36,0.69,6.02,100.0,998.0
2021-03-10 11:45:00,60.32,,0.30,0.36,0.78,5.93,100.0,997.9
2021-03-10 12:00:00,42.63,,0.07,0.09,0.40,6.29,100.0,997.7
2021-03-10 12:15:00,32.30,,0.03,0.04,0.30,6.63,100.0,997.4
2021-03-10 12:30:00,36.20,,0.15,0.27,0.88,6.69,100.0,996.7
2021-03-10 12:45:00,52.76,,0.31,0.39,0.78,6.49,100.0,996.3
2021-03-10 13:00:00,48.69,,0.11,0.18,0.51,6.56,100.0,995.9
2021-03-10 13:15:00,29.22,,0.11,0.22,0.44,7.02,100.0,995.6
2021-03-10 13:30:00,11.17,,0.10,0.14,0.34,7.68,100.0,995.0
2021-03-10 13:45:00,0.00,,0.11,0.16,0.37,8.12,100.0,994.6
2021-03-10 14:00:00,0.00,,0.83,0.98,1.13,7.99,100.0,994.3
2021-03-10 14:15:00,0.00,,3.40,3.91,4.30,7.81,100.0,993.7
2021-03-10 14:30:00,11.69,,0.29,0.38,0.62,7.80,100.0,993.4
2021-03-10 14:45:00,7.91,,1.00,1.16,1.66,8.22,100.0,993.5
2021-03-10 15:00:00,12.44,,1.27,1.58,1.91,8.49,100.0,993.0
2021-03-10 15:15:00,76.04,,0.07,0.12,0.25,7.68,100.0,992.2
2021-03-10 15:30:00,103.0,,0.02,0.02,0.29,7.17,100.0,992.0
2021-03-10 15:45:00,46.78,,0.00,0.00,0.22,7.33,100.0,991.5
2021-03-10 16:00:00,0.00,,0.08,0.09,0.20,8.67,100.0,990.8
2021-03-10 16:15:00,0.00,,0.16,0.19,0.47,9.17,100.0,990.3
2021-03-10 16:30:00,0.00,,0.07,0.10,0.27,9.32,100.0,990.1
2021-03-10 16:45:00,0.00,,0.06,0.09,0.22,9.57,100.0,989.9
2021-03-10 17:00:00,0.00,,0.04,0.06,0.26,9.75,100.0,989.6
2021-03-10 17:15:00,12.44,,1.40,1.74,2.17,9.77,100.0,989.3
2021-03-10 17:30:00,35.62,,0.24,0.43,0.98,9.72,100.0,989.6
2021-03-10 17:45:00,38.70,,0.76,1.29,3.34,9.68,100.0,989.2
2021-03-10 18:00:00,39.35,,0.96,1.62,3.60,9.70,97.47,988.9
2021-03-10 18:15:00,58.77,,1.55,2.54,5.38,9.59,94.03,988.3
2021-03-10 18:30:00,74.59,,0.55,1.24,3.89,9.38,93.50,988.1
2021-03-10 18:45:00,65.47,,0.56,1.25,3.69,9.33,93.62,987.6
2021-03-10 19:00:00,76.02,,0.76,1.81,4.68,9.31,92.57,987.5
2021-03-10 19:15:00,83.41,,1.08,2.80,7.16,9.21,92.04,987.3
2021-03-10 19:30:00,97.74,,1.80,4.42,9.42,9.04,91.98,987.0
2021-03-10 19:45:00,93.38,,1.70,4.06,9.45,9.02,91.41,986.9
2021-03-10 20:00:00,93.73,,1.74,3.82,9.88,9.02,91.12,986.6
2021-03-10 20:15:00,99.51,,1.99,4.69,10.68,8.93,91.14,986.5
2021-03-10 20:30:00,96.15,,1.72,4.38,10.13,8.93,90.68,986.1
2021-03-10 20:45:00,101.1,,2.28,5.35,11.73,8.84,89.42,985.8
2021-03-10 21:00:00,108.4,,1.86,4.71,10.72,8.77,85.91,985.5
2021-03-10 21:15:00,101.7,,1.91,4.54,10.21,8.82,85.92,985.0
2021-03-10 21:30:00,110.0,,1.14,2.84,7.10,8.77,86.35,985.0
2021-03-10 21:45:00,85.27,,0.43,1.01,4.06,8.76,92.60,984.8
2021-03-10 22:00:00,89.61,,0.54,1.27,3.70,8.51,96.41,984.5
2021-03-10 22:15:00,112.5,,0.89,2.78,7.84,8.32,88.85,984.3
2021-03-10 22:30:00,112.3,,1.30,3.85,9.04,8.23,86.22,983.9
2021-03-10 22:45:00,118.8,,1.41,4.34,11.24,8.13,84.91,983.6
2021-03-10 23:00:00,123.6,,1.66,4.71,10.75,8.02,83.52,983.1
2021-03-10 23:15:00,112.3,,1.86,4.96,11.45,8.01,84.82,982.9
2021-03-10 23:30:00,121.8,,1.50,3.78,9.09,7.95,85.96,982.7
2021-03-10 23:45:00,124.6,,1.62,3.51,8.22,7.76,84.19,982.4
2021-03-11 00:00:00,129.5,,1.72,4.10,9.67,7.70,82.82,982.0
2021-03-11 00:15:00,135.8,,1.99,4.98,11.48,7.72,81.38,981.6
2021-03-11 00:30:00,137.3,,1.49,3.88,9.53,7.73,81.84,981.3
2021-03-11 00:45:00,128.9,,1.40,4.02,9.57,7.67,83.12,980.9
2021-03-11 01:00:00,151.4,,1.38,3.75,9.06,7.53,81.94,980.6
2021-03-11 01:15:00,126.7,,1.18,3.10,8.23,7.63,80.95,980.2
2021-03-11 01:30:00,128.8,,0.96,3.45,9.88,7.62,81.79,980.0
2021-03-11 01:45:00,139.5,,1.02,3.06,9.09,7.55,81.92,979.6
2021-03-11 02:00:00,136.8,,1.01,3.67,9.35,7.49,83.51,979.2
2021-03-11 02:15:00,144.0,,0.91,2.55,7.20,7.24,86.96,978.7
2021-03-11 02:30:00,148.6,,0.32,1.44,5.35,7.14,86.70,978.2
2021-03-11 02:45:00,143.1,,0.67,1.81,4.76,7.13,87.76,977.9
2021-03-11 03:00:00,138.0,,0.44,1.31,4.34,7.17,88.28,977.5
2021-03-11 03:15:00,133.7,,0.12,0.54,2.70,7.17,88.18,977.2
2021-03-11 03:30:00,132.5,,0.11,0.66,2.79,7.25,88.36,976.8
2021-03-11 03:45:00,135.4,,0.24,0.89,3.24,7.07,91.85,976.4
2021-03-11 04:00:00,133.7,,0.10,0.73,2.95,6.88,95.00,976.0
2021-03-11 04:15:00,136.9,,0.10,0.56,2.64,6.79,96.10,975.8
2021-03-11 04:30:00,133.5,,0.26,0.94,3.31,6.66,97.91,975.6
2021-03-11 04:45:00,116.8,,0.40,1.21,3.71,6.75,98.92,975.6
2021-03-11 05:00:00,97.09,,0.31,1.06,3.42,6.92,100.0,975.8
2021-03-11 05:15:00,91.88,,0.17,0.93,3.49,7.06,100.0,976.3
2021-03-11 05:30:00,94.73,,0.34,1.08,4.04,7.26,100.0,977.0
2021-03-11 05:45:00,91.17,,0.30,1.15,3.86,7.39,100.0,978.0
2021-03-11 06:00:00,80.73,,0.09,0.66,3.14,7.53,98.98,979.0
2021-03-11 06:15:00,83.88,,0.07,0.56,2.75,7.74,94.12,980.2
2021-03-11 06:30:00,91.38,,0.10,0.52,2.39,7.78,89.47,981.3
2021-03-11 06:45:00,105.5,,0.02,0.30,2.50,7.69,86.19,982.1
2021-03-11 07:00:00,88.90,,0.09,0.52,2.96,7.79,88.80,983.0
2021-03-11 07:15:00,85.49,,0.06,0.34,2.52,7.68,88.15,983.9
2021-03-11 07:30:00,69.55,,0.12,0.52,2.58,7.85,87.12,984.7
2021-03-11 07:45:00,83.54,,0.16,0.67,3.35,7.95,82.83,985.5
2021-03-11 08:00:00,212.2,,0.38,1.31,5.20,5.61,88.53,986.2
2021-03-11 08:15:00,264.0,,0.39,1.23,4.93,3.81,100.0,986.8
2021-03-11 08:30:00,254.5,,0.33,1.29,4.80,3.72,100.0,987.3
2021-03-11 08:45:00,246.7,,0.25,0.86,4.24,3.75,99.38,987.8
2021-03-11 09:00:00,192.3,,0.31,0.76,3.35,4.18,93.90,988.3
2021-03-11 09:15:00,170.0,,0.19,0.77,3.37,4.75,91.09,988.7
2021-03-11 09:30:00,177.0,,0.22,1.07,3.68,5.37,88.37,988.9
2021-03-11 09:45:00,157.8,,0.18,0.79,3.19,6.21,82.63,989.0
2021-03-11 10:00:00,158.8,,0.32,1.02,4.77,6.72,78.16,989.3
2021-03-11 10:15:00,155.6,,0.06,0.53,2.84,7.55,74.41,989.6
2021-03-11 10:30:00,158.5,,0.10,0.56,2.76,8.15,70.04,989.9
2021-03-11 10:45:00,64.21,,0.11,0.54,2.64,7.46,73.13,990.0
2021-03-11 11:00:00,56.72,,0.04,0.39,2.62,6.69,75.27,990.3
2021-03-11 11:15:00,63.34,,0.09,0.40,2.51,6.63,76.03,990.5
2021-03-11 11:30:00,90.98,,0.23,0.80,2.47,6.86,73.48,990.7
2021-03-11 11:45:00,142.3,,0.14,0.49,2.29,6.13,75.10,991.0
2021-03-11 12:00:00,172.3,,0.00,0.21,1.84,5.83,77.01,991.2
2021-03-11 12:15:00,196.1,,0.19,0.62,2.73,5.84,77.58,991.5
2021-03-11 12:30:00,198.4,,0.33,0.88,2.74,5.44,79.64,991.6
2021-03-11 12:45:00,224.3,,0.08,0.31,2.22,5.38,78.21,991.8
2021-03-11 13:00:00,184.3,,0.12,0.49,2.14,6.22,73.21,991.8
2021-03-11 13:15:00,177.9,,0.04,0.26,1.79,6.36,70.82,991.8
2021-03-11 13:30:00,144.2,,0.02,0.32,1.92,6.53,69.41,992.0
2021-03-11 13:45:00,139.3,,0.09,0.32,2.79,6.70,66.36,992.0
2021-03-11 14:00:00,169.8,,0.09,0.48,2.35,6.21,67.15,992.1
2021-03-11 14:15:00,210.4,,0.14,0.58,2.70,5.60,70.40,992.2
2021-03-11 14:30:00,148.1,,0.08,0.42,2.10,6.31,69.28,992.3
2021-03-11 14:45:00,147.7,,0.05,0.26,1.60,6.23,70.50,992.4
2021-03-11 15:00:00,131.9,,0.01,0.16,1.70,6.13,74.46,992.7
2021-03-11 15:15:00,78.54,,0.03,0.12,0.61,5.97,72.83,992.8
2021-03-11 15:30:00,72.53,,0.00,0.03,0.67,7.41,66.51,993.0
2021-03-11 15:45:00,71.72,,0.00,0.00,0.62,7.98,65.54,993.5
2021-03-11 16:00:00,63.78,,0.00,0.03,0.42,7.66,72.19,993.7
2021-03-11 16:15:00,66.84,,0.33,1.19,2.38,7.58,71.58,993.9
2021-03-11 16:30:00,72.64,,0.36,0.71,1.91,7.49,73.00,993.9
2021-03-11 16:45:00,73.39,,0.14,0.51,2.07,7.51,71.65,993.9
2021-03-11 17:00:00,66.80,,0.75,1.62,3.67,7.50,71.36,994.2
2021-03-11 17:15:00,74.23,,0.33,0.94,2.32,7.35,70.53,994.5
2021-03-11 17:30:00,69.72,,0.09,0.19,1.35,7.33,72.98,994.9
2021-03-11 17:45:00,84.42,,0.08,0.37,1.98,7.23,72.11,995.3
2021-03-11 18:00:00,85.42,,0.17,0.71,2.40,7.00,73.63,995.8
2021-03-11 18:15:00,82.79,,0.29,1.07,2.54,6.83,74.93,996.2
2021-03-11 18:30:00,95.83,,0.19,0.74,2.80,6.65,70.27,996.3
2021-03-11 18:45:00,97.35,,0.21,0.50,1.76,6.42,64.21,996.8
2021-03-11 19:00:00,94.16,,0.29,0.64,2.11,6.21,73.12,997.2
2021-03-11 19:15:00,91.79,,0.23,0.64,1.75,6.23,77.94,998.1
2021-03-11 19:30:00,117.5,,0.05,0.28,1.51,5.61,77.27,998.5
2021-03-11 19:45:00,108.3,,0.17,0.30,0.96,5.39,77.39,998.1
2021-03-11 20:00:00,99.15,,0.36,0.71,1.77,5.29,79.80,998.5
2021-03-11 20:15:00,104.6,,0.44,0.81,1.88,5.09,81.79,998.8
2021-03-11 20:30:00,98.34,,0.54,0.84,2.05,4.93,85.00,998.9
2021-03-11 20:45:00,98.68,,0.30,0.70,2.09,4.96,85.61,999.0
2021-03-11 21:00:00,98.60,,0.16,0.43,2.10,5.09,83.48,999.1
2021-03-11 21:15:00,96.79,,0.36,0.63,1.77,5.17,81.74,999.2
2021-03-11 21:30:00,93.66,,0.67,1.23,2.79,5.29,82.15,999.4
2021-03-11 21:45:00,95.51,,1.05,1.45,2.89,5.38,80.90,999.5
2021-03-11 22:00:00,89.95,,2.16,2.94,4.67,5.36,81.07,999.6
2021-03-11 22:15:00,100.2,,0.19,0.39,1.54,5.39,78.62,999.6
2021-03-11 22:30:00,89.91,,0.30,0.51,1.61,5.38,80.09,999.6
2021-03-11 22:45:00,96.35,,0.07,0.16,0.78,5.31,79.78,999.6
2021-03-11 23:00:00,103.0,,0.13,0.39,1.28,5.24,78.44,999.6
2021-03-11 23:15:00,102.4,,0.12,0.34,1.79,5.23,78.86,999.6
2021-03-11 23:30:00,99.52,,0.26,0.61,1.70,5.23,79.50,999.6
2021-03-11 23:45:00,97.88,,0.09,0.33,1.84,5.30,77.99,999.5
2021-03-12 00:00:00,99.39,,0.04,0.20,1.55,5.30,77.52,999.4
2021-03-12 00:15:00,94.51,,0.18,0.51,1.81,5.31,78.06,999.4
2021-03-12 00:30:00,98.75,,0.24,0.64,1.91,5.30,77.85,999.3
2021-03-12 00:45:00,110.8,,0.07,0.21,1.19,5.31,76.96,999.3
2021-03-12 01:00:00,108.6,,0.08,0.33,1.35,5.42,76.11,999.2
2021-03-12 01:15:00,105.5,,0.09,0.49,1.26,5.55,76.04,999.1
2021-03-12 01:30:00,102.9,,0.19,0.41,2.09,5.60,75.96,999.0
2021-03-12 01:45:00,103.9,,0.04,0.24,1.52,5.59,77.10,998.8
2021-03-12 02:00:00,102.2,,0.00,0.28,1.14,5.60,77.74,998.7
2021-03-12 02:15:00,105.3,,0.00,0.02,0.91,5.57,78.42,998.4
2021-03-12 02:30:00,97.98,,0.05,0.26,1.57,5.58,79.95,998.1
2021-03-12 02:45:00,96.21,,0.01,0.21,1.17,5.68,79.37,998.0
2021-03-12 03:00:00,97.79,,0.09,0.34,1.94,5.74,79.60,997.7
2021-03-12 03:15:00,97.74,,0.02,0.23,1.93,5.77,79.15,997.6
2021-03-12 03:30:00,98.63,,0.03,0.10,1.49,5.80,78.92,997.6
2021-03-12 03:45:00,89.83,,0.01,0.14,1.53,5.83,80.39,997.2
2021-03-12 04:00:00,96.44,,0.01,0.16,1.06,5.78,80.71,997.0
2021-03-12 04:15:00,107.4,,0.00,0.06,1.12,5.71,79.19,996.8
2021-03-12 04:30:00,98.61,,0.00,0.02,0.88,5.72,80.39,996.7
2021-03-12 04:45:00,93.04,,0.01,0.06,0.99,5.76,80.01,996.5
2021-03-12 05:00:00,98.90,,0.01,0.21,1.24,5.82,78.72,996.3
2021-03-12 05:15:00,95.64,,0.01,0.12,1.17,5.84,79.84,996.0
2021-03-12 05:30:00,92.39,,0.01,0.14,1.25,5.93,79.79,995.9
2021-03-12 05:45:00,93.22,,0.00,0.05,0.74,6.09,79.05,995.9
2021-03-12 06:00:00,89.04,,0.00,0.04,1.43,6.31,77.76,995.9
2021-03-12 06:15:00,85.76,,1.25,1.68,3.23,6.54,76.69,995.7
2021-03-12 06:30:00,74.38,,5.37,7.51,9.60,6.78,76.49,995.7
2021-03-12 06:45:00,83.98,,0.27,0.41,1.77,6.90,74.93,995.7
2021-03-12 07:00:00,81.38,,0.00,0.00,0.61,6.97,75.62,995.6
2021-03-12 07:15:00,75.10,,0.00,0.01,0.54,7.05,76.31,995.5
2021-03-12 07:30:00,110.6,,0.00,0.00,0.14,6.58,77.09,995.6
2021-03-12 07:45:00,183.6,,0.00,0.00,0.19,4.37,90.03,995.6
2021-03-12 08:00:00,173.3,,0.79,0.97,1.19,3.89,93.76,995.7
2021-03-12 08:15:00,218.5,,0.00,0.01,0.45,3.40,95.88,995.7
2021-03-12 08:30:00,199.5,,0.01,0.09,0.79,3.54,96.55,995.9
2021-03-12 08:45:00,205.5,,0.03,0.08,0.87,3.72,94.70,996.0
2021-03-12 09:00:00,140.8,,0.02,0.13,0.83,4.28,90.96,996.2
2021-03-12 09:15:00,174.8,,0.02,0.06,0.99,4.46,86.91,996.2
2021-03-12 09:30:00,167.0,,0.02,0.09,0.98,4.73,84.09,996.3
2021-03-12 09:45:00,149.0,,0.01,0.06,1.04,5.94,76.82,996.4
2021-03-12 10:00:00,165.1,,0.02,0.07,1.16,5.24,79.27,996.6
2021-03-12 10:15:00,155.8,,0.00,0.03,0.80,5.47,77.58,996.7
2021-03-12 10:30:00,133.8,,0.01,0.07,0.92,6.98,69.00,996.7
2021-03-12 10:45:00,56.49,,0.03,0.07,1.17,6.61,68.26,996.6
2021-03-12 11:00:00,44.48,,0.02,0.11,1.24,5.76,73.58,996.7
2021-03-12 11:15:00,42.63,,0.03,0.16,1.06,5.94,73.10,996.8
2021-03-12 11:30:00,70.65,,0.07,0.18,1.30,6.22,70.62,996.7
2021-03-12 11:45:00,123.8,,0.00,0.06,0.76,5.70,73.46,996.7
2021-03-12 12:00:00,116.5,,0.09,0.18,1.55,5.81,73.44,996.9
2021-03-12 12:15:00,156.7,,0.05,0.22,1.38,5.63,72.52,996.8
2021-03-12 12:30:00,199.7,,0.04,0.21,1.38,4.92,74.69,997.0
2021-03-12 12:45:00,146.2,,0.17,0.49,1.98,5.06,72.42,997.0
2021-03-12 13:00:00,139.6,,0.04,0.18,1.41,5.46,69.51,996.9
2021-03-12 13:15:00,127.7,,0.12,0.40,2.12,5.80,67.59,996.8
2021-03-12 13:30:00,138.2,,0.11,0.29,1.78,5.93,66.85,996.7
2021-03-12 13:45:00,139.6,,0.05,0.27,2.05,6.01,65.19,996.5
2021-03-12 14:00:00,138.5,,0.07,0.26,1.61,5.95,65.44,996.3
2021-03-12 14:15:00,143.1,,0.08,0.40,1.67,6.02,68.10,996.2
2021-03-12 14:30:00,127.5,,0.02,0.28,1.75,6.31,65.34,996.1
2021-03-12 14:45:00,137.9,,0.08,0.24,1.96,5.85,68.13,996.0
2021-03-12 15:00:00,122.8,,0.10,0.28,1.58,5.81,68.08,995.8
2021-03-12 15:15:00,140.2,,0.03,0.30,1.89,5.63,69.53,995.8
2021-03-12 15:30:00,67.05,,0.06,0.20,1.42,7.08,67.43,995.6
2021-03-12 15:45:00,59.93,,0.06,0.26,1.41,7.88,66.13,995.5
2021-03-12 16:00:00,54.34,,0.00,0.09,1.22,8.25,65.36,995.3
2021-03-12 16:15:00,46.03,,0.76,1.02,2.19,8.35,66.37,995.0
2021-03-12 16:30:00,56.30,,0.03,0.29,1.52,8.37,66.79,994.8
2021-03-12 16:45:00,68.56,,0.03,0.12,0.93,8.10,65.67,994.4
2021-03-12 17:00:00,66.15,,0.03,0.16,1.27,7.85,66.52,994.1
2021-03-12 17:15:00,58.46,,0.05,0.19,1.09,7.65,68.76,993.8
2021-03-12 17:30:00,59.41,,0.06,0.33,1.63,7.56,69.80,993.5
2021-03-12 17:45:00,63.02,,0.12,0.34,1.61,7.45,71.18,993.2
2021-03-12 18:00:00,58.56,,0.09,0.24,1.13,7.34,73.11,993.0
2021-03-12 18:15:00,60.56,,0.15,0.47,1.55,7.25,72.99,992.9
2021-03-12 18:30:00,61.80,,0.20,0.34,1.44,7.17,73.17,992.9
2021-03-12 18:45:00,58.48,,0.94,1.50,3.18,7.12,74.85,992.8
2021-03-12 19:00:00,58.41,,0.85,1.39,2.73,7.01,75.60,992.5
2021-03-12 19:15:00,53.18,,1.61,2.29,3.70,6.87,76.49,992.2
2021-03-12 19:30:00,63.31,,0.74,1.16,2.30,6.81,77.21,991.7
2021-03-12 19:45:00,66.22,,0.60,0.94,1.76,6.69,78.42,991.3
2021-03-12 20:00:00,65.30,,0.33,0.45,1.23,6.66,79.25,990.7
2021-03-12 20:15:00,66.80,,0.28,0.47,0.89,6.64,81.78,990.0
2021-03-12 20:30:00,68.33,,2.11,3.22,4.33,6.49,82.44,989.5
2021-03-12 20:45:00,75.52,,0.62,1.00,2.06,6.32,83.69,989.0
2021-03-12 21:00:00,84.87,,0.86,1.27,2.48,6.05,86.16,988.5
2021-03-12 21:15:00,68.59,,1.26,1.83,3.09,5.96,87.89,988.1
2021-03-12 21:30:00,84.74,,0.13,0.23,0.96,5.91,86.96,987.6
2021-03-12 21:45:00,79.09,,0.74,1.18,2.19,5.90,87.51,987.2
2021-03-12 22:00:00,76.19,,0.02,0.03,0.29,6.01,85.72,986.7
2021-03-12 22:15:00,85.18,,0.00,0.00,0.04,5.96,83.73,986.1
2021-03-12 22:30:00,89.08,,0.00,0.00,0.12,5.80,84.65,985.7
2021-03-12 22:45:00,87.54,,0.02,0.02,0.35,5.70,86.30,985.1
2021-03-12 23:00:00,79.05,,0.20,0.37,0.71,5.72,87.73,984.7
2021-03-12 23:15:00,80.09,,0.16,0.31,0.72,5.56,88.10,984.0
2021-03-12 23:30:00,74.57,,0.03,0.08,0.35,5.52,89.18,983.5
2021-03-12 23:45:00,70.62,,0.04,0.06,0.28,5.37,93.21,983.0
